{
  "num_samples": 55,
  "TOPN": 10,
  "SIM_THRESH": 0.52,
  "SimHit@TOPN": 0.2,
  "AvgMaxSim": 0.4628211796283722,
  "Sim@quantiles": {
    "p10": 0.3767398178577423,
    "p25": 0.40992237627506256,
    "p50": 0.45597201585769653,
    "p75": 0.5082461535930634,
    "p90": 0.5541977167129517
  }
}