protocol_id,pmcid,status,domain,xml_path,has_xml,has_body,has_methods,why_not
Bio-protocol-62,PMC5973576,low_conf,Plant Science & Technology,data/gold/pmc_jats/PMC5973576.xml,y,y,y,
Bio-protocol-115,PMC9019647,low_conf,Microbiology & Virology,data/gold/pmc_jats/PMC9019647.xml,y,y,y,
Bio-protocol-118,PMC8949215,low_conf,Plant Science & Technology,data/gold/pmc_jats/PMC8949215.xml,y,y,y,
Bio-protocol-133,PMC10413806,low_conf,Genomics Technologies,data/gold/pmc_jats/PMC10413806.xml,y,y,y,
Bio-protocol-136,PMC10562482,low_conf,Cell Biology & Culture,data/gold/pmc_jats/PMC10562482.xml,y,y,y,
Bio-protocol-135,PMC10753488,low_conf,Microbiology & Virology,data/gold/pmc_jats/PMC10753488.xml,y,y,y,
Bio-protocol-138,PMC6677753,low_conf,Model Organism-Specific Techniques,data/gold/pmc_jats/PMC6677753.xml,y,y,y,
Bio-protocol-184,PMC10589335,low_conf,Cell Biology & Culture,data/gold/pmc_jats/PMC10589335.xml,y,y,y,
Bio-protocol-202,PMC10451090,low_conf,Cell Biology & Culture,data/gold/pmc_jats/PMC10451090.xml,y,y,y,
Bio-protocol-213,PMC9550178,low_conf,Cell Biology & Culture,data/gold/pmc_jats/PMC9550178.xml,y,y,y,
Bio-protocol-221,PMC9960897,low_conf,Cell Biology & Culture,data/gold/pmc_jats/PMC9960897.xml,y,y,y,
Bio-protocol-232,PMC3175965,low_conf,Cell Biology & Culture,data/gold/pmc_jats/PMC3175965.xml,y,n,n,no_body
Bio-protocol-238,PMC10133230,low_conf,Bioinformatics Methods,data/gold/pmc_jats/PMC10133230.xml,y,y,y,
Bio-protocol-237,PMC10184827,low_conf,Biochemical & Molecular Functional Analysis,data/gold/pmc_jats/PMC10184827.xml,y,y,y,
Bio-protocol-249,PMC7595160,low_conf,Cell Biology & Culture,data/gold/pmc_jats/PMC7595160.xml,y,y,y,
Bio-protocol-251,PMC9933046,low_conf,Biochemical & Molecular Functional Analysis,data/gold/pmc_jats/PMC9933046.xml,y,y,n,no_methods
Bio-protocol-256,PMC10442639,low_conf,Neuroscience Methods,data/gold/pmc_jats/PMC10442639.xml,y,y,y,
Bio-protocol-264,PMC8318371,low_conf,Bioimaging Technologies,data/gold/pmc_jats/PMC8318371.xml,y,y,y,
Bio-protocol-270,PMC10141581,low_conf,Molecular Biology Techniques,data/gold/pmc_jats/PMC10141581.xml,y,y,y,
Bio-protocol-273,PMC8505866,low_conf,Plant Science & Technology,data/gold/pmc_jats/PMC8505866.xml,y,n,n,no_body
Bio-protocol-280,PMC9014073,low_conf,Cell Biology & Culture,data/gold/pmc_jats/PMC9014073.xml,y,y,y,
Bio-protocol-284,PMC9826302,low_conf,Bioinformatics Methods,data/gold/pmc_jats/PMC9826302.xml,y,y,y,
Bio-protocol-289,PMC8697472,low_conf,Bioimaging Technologies,data/gold/pmc_jats/PMC8697472.xml,y,y,y,
Bio-protocol-291,PMC6041199,low_conf,Cell Biology & Culture,data/gold/pmc_jats/PMC6041199.xml,y,n,n,no_body
Bio-protocol-297,PMC8855868,low_conf,Bioimaging Technologies,data/gold/pmc_jats/PMC8855868.xml,y,y,y,
Bio-protocol-298,PMC8291079,low_conf,Neuroscience Methods,data/gold/pmc_jats/PMC8291079.xml,y,n,n,no_body
Bio-protocol-302,PMC10119281,low_conf,Cell Biology & Culture,data/gold/pmc_jats/PMC10119281.xml,y,y,y,
Bio-protocol-331,PMC6157965,low_conf,Cell Biology & Culture,data/gold/pmc_jats/PMC6157965.xml,y,y,y,
Bio-protocol-329,PMC9308743,low_conf,Cell Biology & Culture,data/gold/pmc_jats/PMC9308743.xml,y,n,n,no_body
Bio-protocol-330,PMC10159121,low_conf,Bioinformatics Methods,data/gold/pmc_jats/PMC10159121.xml,y,y,y,
Bio-protocol-351,PMC9342782,low_conf,Bioimaging Technologies,data/gold/pmc_jats/PMC9342782.xml,y,y,y,
Bio-protocol-352,PMC9441830,low_conf,Microbiology & Virology,data/gold/pmc_jats/PMC9441830.xml,y,y,y,
Bio-protocol-353,PMC7611683,low_conf,Plant Science & Technology,data/gold/pmc_jats/PMC7611683.xml,y,y,y,
Bio-protocol-356,PMC9881172,low_conf,Synthetic Biology & Bioengineering,data/gold/pmc_jats/PMC9881172.xml,y,y,y,
Bio-protocol-354,PMC9091226,low_conf,Molecular Biology Techniques,data/gold/pmc_jats/PMC9091226.xml,y,y,y,
Bio-protocol-358,PMC9440896,low_conf,Biochemical & Molecular Functional Analysis,data/gold/pmc_jats/PMC9440896.xml,y,y,y,
Bio-protocol-360,PMC10405909,low_conf,Bioimaging Technologies,data/gold/pmc_jats/PMC10405909.xml,y,y,y,
Bio-protocol-362,PMC9342986,low_conf,Plant Science & Technology,data/gold/pmc_jats/PMC9342986.xml,y,n,n,no_body
Bio-protocol-368,PMC8860590,low_conf,Structural Biology Techniques,data/gold/pmc_jats/PMC8860590.xml,y,y,y,
Bio-protocol-371,PMC8428830,low_conf,Plant Science & Technology,data/gold/pmc_jats/PMC8428830.xml,y,y,y,
Bio-protocol-381,PMC9106586,low_conf,Cell Biology & Culture,data/gold/pmc_jats/PMC9106586.xml,y,y,y,
Bio-protocol-383,PMC6041199,low_conf,Cell Biology & Culture,data/gold/pmc_jats/PMC6041199.xml,y,n,n,no_body
Bio-protocol-394,PMC7035787,low_conf,Model Organism-Specific Techniques,data/gold/pmc_jats/PMC7035787.xml,y,n,n,no_body
Bio-protocol-399,PMC9730659,low_conf,Molecular Biology Techniques,data/gold/pmc_jats/PMC9730659.xml,y,y,y,
Bio-protocol-404,PMC9260720,low_conf,Bioimaging Technologies,data/gold/pmc_jats/PMC9260720.xml,y,y,n,no_methods
Bio-protocol-409,PMC8185432,low_conf,Cell Biology & Culture,data/gold/pmc_jats/PMC8185432.xml,y,y,y,
Bio-protocol-412,PMC5559433,low_conf,Synthetic Biology & Bioengineering,data/gold/pmc_jats/PMC5559433.xml,y,y,y,
Bio-protocol-410,PMC8743016,low_conf,Plant Science & Technology,data/gold/pmc_jats/PMC8743016.xml,y,y,y,
Bio-protocol-415,PMC9440122,low_conf,Cell Biology & Culture,data/gold/pmc_jats/PMC9440122.xml,y,y,y,
Bio-protocol-418,PMC9668159,low_conf,Microbiology & Virology,data/gold/pmc_jats/PMC9668159.xml,y,y,y,
Bio-protocol-420,PMC6052067,low_conf,Bioimaging Technologies,data/gold/pmc_jats/PMC6052067.xml,y,y,y,
Bio-protocol-422,PMC9232601,low_conf,Microbiology & Virology,data/gold/pmc_jats/PMC9232601.xml,y,y,y,
Bio-protocol-426,PMC10291034,low_conf,Molecular Biology Techniques,data/gold/pmc_jats/PMC10291034.xml,y,n,n,no_body
Bio-protocol-431,PMC9342993,low_conf,Plant Science & Technology,data/gold/pmc_jats/PMC9342993.xml,y,n,n,no_body
Bio-protocol-432,PMC9418313,low_conf,Biochemical & Molecular Functional Analysis,data/gold/pmc_jats/PMC9418313.xml,y,y,y,
Bio-protocol-430,PMC9360330,low_conf,Immunological Techniques,data/gold/pmc_jats/PMC9360330.xml,y,y,y,
Bio-protocol-435,PMC9307174,low_conf,Microbiology & Virology,data/gold/pmc_jats/PMC9307174.xml,y,y,y,
Bio-protocol-440,PMC8633499,low_conf,Plant Science & Technology,data/gold/pmc_jats/PMC8633499.xml,y,y,y,
Bio-protocol-442,PMC9782786,low_conf,Cell Biology & Culture,data/gold/pmc_jats/PMC9782786.xml,y,n,n,no_body
Bio-protocol-441,PMC9274186,low_conf,Biochemical & Molecular Functional Analysis,data/gold/pmc_jats/PMC9274186.xml,y,y,y,
Bio-protocol-453,PMC9825974,low_conf,Bioimaging Technologies,data/gold/pmc_jats/PMC9825974.xml,y,y,y,
Bio-protocol-459,PMC9342996,low_conf,Plant Science & Technology,data/gold/pmc_jats/PMC9342996.xml,y,y,y,
Bio-protocol-461,PMC9332157,low_conf,Bioimaging Technologies,data/gold/pmc_jats/PMC9332157.xml,y,y,y,
Bio-protocol-460,PMC9492775,low_conf,Immunological Techniques,data/gold/pmc_jats/PMC9492775.xml,y,y,y,
Bio-protocol-467,PMC9374761,low_conf,Neuroscience Methods,data/gold/pmc_jats/PMC9374761.xml,y,y,y,
Bio-protocol-468,PMC8394541,low_conf,Synthetic Biology & Bioengineering,data/gold/pmc_jats/PMC8394541.xml,y,y,y,
Bio-protocol-469,PMC9440911,low_conf,Bioimaging Technologies,data/gold/pmc_jats/PMC9440911.xml,y,y,y,
Bio-protocol-471,PMC8313130,low_conf,Plant Science & Technology,data/gold/pmc_jats/PMC8313130.xml,y,y,y,
Bio-protocol-472,PMC9410883,low_conf,Bioimaging Technologies,data/gold/pmc_jats/PMC9410883.xml,y,y,y,
Bio-protocol-474,PMC9203776,low_conf,Cell Biology & Culture,data/gold/pmc_jats/PMC9203776.xml,y,y,y,
Bio-protocol-477,PMC9503786,low_conf,Biochemical & Molecular Functional Analysis,data/gold/pmc_jats/PMC9503786.xml,y,y,y,
Bio-protocol-478,PMC9226606,low_conf,Microbiology & Virology,data/gold/pmc_jats/PMC9226606.xml,y,y,y,
Bio-protocol-479,PMC9746318,low_conf,Microbiology & Virology,data/gold/pmc_jats/PMC9746318.xml,y,n,n,no_body
Bio-protocol-488,PMC10420377,low_conf,Plant Science & Technology,data/gold/pmc_jats/PMC10420377.xml,y,y,y,
Bio-protocol-496,PMC7320135,low_conf,Bioimaging Technologies,data/gold/pmc_jats/PMC7320135.xml,y,y,y,
Bio-protocol-499,PMC9342984,low_conf,Neuroscience Methods,data/gold/pmc_jats/PMC9342984.xml,y,y,y,
Bio-protocol-505,PMC9189289,low_conf,Biochemical & Molecular Functional Analysis,data/gold/pmc_jats/PMC9189289.xml,y,y,y,
Bio-protocol-509,PMC6997692,low_conf,Molecular Biology Techniques,data/gold/pmc_jats/PMC6997692.xml,y,n,n,no_body
Bio-protocol-522,PMC8890769,low_conf,Molecular Biology Techniques,data/gold/pmc_jats/PMC8890769.xml,y,n,n,no_body
Bio-protocol-527,PMC9157649,low_conf,Microbiology & Virology,data/gold/pmc_jats/PMC9157649.xml,y,y,y,
Bio-protocol-528,PMC9706465,low_conf,Plant Science & Technology,data/gold/pmc_jats/PMC9706465.xml,y,n,n,no_body
Bio-protocol-529,PMC9074903,low_conf,Cell Biology & Culture,data/gold/pmc_jats/PMC9074903.xml,y,y,y,
Bio-protocol-535,PMC7362759,low_conf,Structural Biology Techniques,data/gold/pmc_jats/PMC7362759.xml,y,n,n,no_body
Bio-protocol-541,PMC8774839,low_conf,Plant Science & Technology,data/gold/pmc_jats/PMC8774839.xml,y,n,n,no_body
Bio-protocol-551,PMC8206248,low_conf,Neuroscience Methods,data/gold/pmc_jats/PMC8206248.xml,y,n,n,no_body
Bio-protocol-550,PMC8428832,low_conf,Microbiology & Virology,data/gold/pmc_jats/PMC8428832.xml,y,y,y,
Bio-protocol-556,PMC9056376,low_conf,Plant Science & Technology,data/gold/pmc_jats/PMC9056376.xml,y,n,n,no_body
Bio-protocol-571,PMC7102954,low_conf,Molecular Biology Techniques,data/gold/pmc_jats/PMC7102954.xml,y,y,y,
Bio-protocol-578,PMC9230757,low_conf,Biochemical & Molecular Functional Analysis,data/gold/pmc_jats/PMC9230757.xml,y,y,y,
Bio-protocol-579,PMC10140759,low_conf,Biochemical & Molecular Functional Analysis,data/gold/pmc_jats/PMC10140759.xml,y,y,y,
Bio-protocol-581,PMC8959585,low_conf,Synthetic Biology & Bioengineering,data/gold/pmc_jats/PMC8959585.xml,y,y,y,
Bio-protocol-582,PMC10233494,low_conf,Microbiology & Virology,data/gold/pmc_jats/PMC10233494.xml,y,n,n,no_body
Bio-protocol-590,PMC7737670,low_conf,Molecular Biology Techniques,data/gold/pmc_jats/PMC7737670.xml,y,n,n,no_body
Bio-protocol-589,PMC11194769,low_conf,Structural Biology Techniques,data/gold/pmc_jats/PMC11194769.xml,y,y,y,
Bio-protocol-599,PMC8637172,low_conf,Structural Biology Techniques,data/gold/pmc_jats/PMC8637172.xml,y,y,y,
Bio-protocol-601,PMC9051210,low_conf,Bioimaging Technologies,data/gold/pmc_jats/PMC9051210.xml,y,y,y,
Bio-protocol-604,PMC8400135,low_conf,Synthetic Biology & Bioengineering,data/gold/pmc_jats/PMC8400135.xml,y,y,y,
Bio-protocol-610,PMC8217053,low_conf,Molecular Biology Techniques,data/gold/pmc_jats/PMC8217053.xml,y,y,y,
Bio-protocol-611,PMC9342984,low_conf,Plant Science & Technology,data/gold/pmc_jats/PMC9342984.xml,y,y,y,
Bio-protocol-612,PMC9464267,low_conf,Neuroscience Methods,data/gold/pmc_jats/PMC9464267.xml,y,n,n,no_body
Bio-protocol-614,PMC7374171,low_conf,Bioimaging Technologies,data/gold/pmc_jats/PMC7374171.xml,y,y,y,
Bio-protocol-615,PMC8844117,low_conf,Genomics Technologies,data/gold/pmc_jats/PMC8844117.xml,y,y,y,
Bio-protocol-617,PMC9039851,low_conf,Cell Biology & Culture,data/gold/pmc_jats/PMC9039851.xml,y,y,y,
Bio-protocol-629,PMC8903633,low_conf,Microbiology & Virology,data/gold/pmc_jats/PMC8903633.xml,y,y,y,
Bio-protocol-632,PMC5482062,low_conf,Immunological Techniques,data/gold/pmc_jats/PMC5482062.xml,y,y,y,
Bio-protocol-638,PMC7191636,low_conf,Histology Techniques,data/gold/pmc_jats/PMC7191636.xml,y,n,n,no_body
Bio-protocol-648,PMC8608356,low_conf,Biochemical & Molecular Functional Analysis,data/gold/pmc_jats/PMC8608356.xml,y,y,y,
Bio-protocol-649,PMC8155019,low_conf,Bioimaging Technologies,data/gold/pmc_jats/PMC8155019.xml,y,y,y,
Bio-protocol-650,PMC8680120,low_conf,Neuroscience Methods,data/gold/pmc_jats/PMC8680120.xml,y,y,y,
Bio-protocol-651,PMC8115815,low_conf,Microbiology & Virology,data/gold/pmc_jats/PMC8115815.xml,y,y,y,
Bio-protocol-659,PMC7261163,low_conf,Biochemical & Molecular Functional Analysis,data/gold/pmc_jats/PMC7261163.xml,y,y,y,
Bio-protocol-660,PMC8911296,low_conf,Cell Biology & Culture,data/gold/pmc_jats/PMC8911296.xml,y,y,y,
Bio-protocol-663,PMC7877613,low_conf,Immunological Techniques,data/gold/pmc_jats/PMC7877613.xml,y,y,y,
Bio-protocol-665,PMC8229835,low_conf,Biochemical & Molecular Functional Analysis,data/gold/pmc_jats/PMC8229835.xml,y,n,n,no_body
Bio-protocol-664,PMC8632896,low_conf,Cell Biology & Culture,data/gold/pmc_jats/PMC8632896.xml,y,y,y,
Bio-protocol-668,PMC8729420,low_conf,Immunological Techniques,data/gold/pmc_jats/PMC8729420.xml,y,n,n,no_body
Bio-protocol-672,PMC8570687,low_conf,Bioimaging Technologies,data/gold/pmc_jats/PMC8570687.xml,y,y,y,
Bio-protocol-687,PMC6581886,low_conf,Plant Science & Technology,data/gold/pmc_jats/PMC6581886.xml,y,y,y,
Bio-protocol-691,PMC8307077,low_conf,Immunological Techniques,data/gold/pmc_jats/PMC8307077.xml,y,y,y,
Bio-protocol-707,PMC7487709,low_conf,Model Organism-Specific Techniques,data/gold/pmc_jats/PMC7487709.xml,y,y,y,
Bio-protocol-709,PMC8528810,low_conf,Cell Biology & Culture,data/gold/pmc_jats/PMC8528810.xml,y,y,y,
Bio-protocol-712,PMC7347093,low_conf,Microbiology & Virology,data/gold/pmc_jats/PMC7347093.xml,y,y,y,
Bio-protocol-713,PMC8643707,low_conf,Genomics Technologies,data/gold/pmc_jats/PMC8643707.xml,y,y,y,
Bio-protocol-721,PMC7802944,low_conf,Microbiology & Virology,data/gold/pmc_jats/PMC7802944.xml,y,y,y,
Bio-protocol-720,PMC8513464,low_conf,Microbiology & Virology,data/gold/pmc_jats/PMC8513464.xml,y,n,n,no_body
Bio-protocol-722,PMC7474696,low_conf,Plant Science & Technology,data/gold/pmc_jats/PMC7474696.xml,y,y,y,
Bio-protocol-728,PMC8504969,low_conf,Cell Biology & Culture,data/gold/pmc_jats/PMC8504969.xml,y,y,y,
Bio-protocol-725,PMC8458290,low_conf,Structural Biology Techniques,data/gold/pmc_jats/PMC8458290.xml,y,y,y,
Bio-protocol-730,PMC8699947,low_conf,Biochemical & Molecular Functional Analysis,data/gold/pmc_jats/PMC8699947.xml,y,y,y,
Bio-protocol-732,PMC8454074,low_conf,Neuroscience Methods,data/gold/pmc_jats/PMC8454074.xml,y,y,y,
Bio-protocol-734,PMC8754656,low_conf,Genomics Technologies,data/gold/pmc_jats/PMC8754656.xml,y,y,y,
Bio-protocol-738,PMC5734390,low_conf,Structural Biology Techniques,data/gold/pmc_jats/PMC5734390.xml,y,n,n,no_body
Bio-protocol-740,PMC8375296,low_conf,Microbiology & Virology,data/gold/pmc_jats/PMC8375296.xml,y,y,y,
Bio-protocol-739,PMC8384419,low_conf,Microbiology & Virology,data/gold/pmc_jats/PMC8384419.xml,y,y,y,
Bio-protocol-742,PMC8518694,low_conf,Plant Science & Technology,data/gold/pmc_jats/PMC8518694.xml,y,y,y,
Bio-protocol-746,PMC7238552,low_conf,Cell Biology & Culture,data/gold/pmc_jats/PMC7238552.xml,y,n,n,no_body
Bio-protocol-749,PMC8682726,low_conf,Biochemical & Molecular Functional Analysis,data/gold/pmc_jats/PMC8682726.xml,y,n,n,no_body
Bio-protocol-753,PMC8307077,low_conf,Immunological Techniques,data/gold/pmc_jats/PMC8307077.xml,y,y,y,
Bio-protocol-754,PMC8364678,low_conf,Immunological Techniques,data/gold/pmc_jats/PMC8364678.xml,y,y,n,no_methods
Bio-protocol-757,PMC7362310,low_conf,Model Organism-Specific Techniques,data/gold/pmc_jats/PMC7362310.xml,y,n,n,no_body
Bio-protocol-762,PMC8214625,low_conf,Bioimaging Technologies,data/gold/pmc_jats/PMC8214625.xml,y,y,y,
Bio-protocol-765,PMC8229835,low_conf,Biochemical & Molecular Functional Analysis,data/gold/pmc_jats/PMC8229835.xml,y,n,n,no_body
Bio-protocol-763,PMC8403943,low_conf,Biochemical & Molecular Functional Analysis,data/gold/pmc_jats/PMC8403943.xml,y,n,n,no_body
Bio-protocol-777,PMC8278574,low_conf,Immunological Techniques,data/gold/pmc_jats/PMC8278574.xml,y,y,y,
Bio-protocol-775,PMC7536657,low_conf,Biochemical & Molecular Functional Analysis,data/gold/pmc_jats/PMC7536657.xml,y,n,n,no_body
Bio-protocol-778,PMC8485661,low_conf,Pharmacology & Drug Development,data/gold/pmc_jats/PMC8485661.xml,y,y,y,
Bio-protocol-782,PMC7445803,low_conf,Microbiology & Virology,data/gold/pmc_jats/PMC7445803.xml,y,y,y,
Bio-protocol-781,PMC7729850,low_conf,Neuroscience Methods,data/gold/pmc_jats/PMC7729850.xml,y,y,y,
Bio-protocol-780,PMC8428684,low_conf,Model Organism-Specific Techniques,data/gold/pmc_jats/PMC8428684.xml,y,y,y,
Bio-protocol-784,PMC7851960,low_conf,Model Organism-Specific Techniques,data/gold/pmc_jats/PMC7851960.xml,y,y,y,
Bio-protocol-787,PMC8262943,low_conf,Bioimaging Technologies,data/gold/pmc_jats/PMC8262943.xml,y,y,y,
Bio-protocol-789,PMC8566206,low_conf,Plant Science & Technology,data/gold/pmc_jats/PMC8566206.xml,y,n,n,no_body
Bio-protocol-791,PMC6825279,low_conf,Model Organism-Specific Techniques,data/gold/pmc_jats/PMC6825279.xml,y,y,y,
Bio-protocol-790,PMC7794361,low_conf,Neuroscience Methods,data/gold/pmc_jats/PMC7794361.xml,y,y,y,
Bio-protocol-798,PMC6410799,low_conf,Molecular Biology Techniques,data/gold/pmc_jats/PMC6410799.xml,y,n,n,no_body
Bio-protocol-799,PMC7479900,low_conf,Plant Science & Technology,data/gold/pmc_jats/PMC7479900.xml,y,n,n,no_body
Bio-protocol-804,PMC8086985,low_conf,Neuroscience Methods,data/gold/pmc_jats/PMC8086985.xml,y,n,n,no_body
Bio-protocol-801,PMC10405909,low_conf,Cell Biology & Culture,data/gold/pmc_jats/PMC10405909.xml,y,y,y,
Bio-protocol-805,PMC8046753,low_conf,Immunological Techniques,data/gold/pmc_jats/PMC8046753.xml,y,y,y,
Bio-protocol-811,PMC5308228,low_conf,Cell Biology & Culture,data/gold/pmc_jats/PMC5308228.xml,y,n,n,no_body
Bio-protocol-810,PMC7036012,low_conf,Cell Biology & Culture,data/gold/pmc_jats/PMC7036012.xml,y,y,y,
Bio-protocol-809,PMC7886143,low_conf,Biochemical & Molecular Functional Analysis,data/gold/pmc_jats/PMC7886143.xml,y,y,y,
Bio-protocol-814,PMC8276805,low_conf,Molecular Biology Techniques,data/gold/pmc_jats/PMC8276805.xml,y,y,y,
Bio-protocol-816,PMC8539892,low_conf,Molecular Biology Techniques,data/gold/pmc_jats/PMC8539892.xml,y,y,y,
Bio-protocol-815,PMC3558493,low_conf,Cell Biology & Culture,data/gold/pmc_jats/PMC3558493.xml,y,y,y,
Bio-protocol-817,PMC8204911,low_conf,Microbiology & Virology,data/gold/pmc_jats/PMC8204911.xml,y,y,y,
Bio-protocol-822,PMC7895410,low_conf,Immunological Techniques,data/gold/pmc_jats/PMC7895410.xml,y,y,y,
Bio-protocol-821,PMC7870816,low_conf,Pharmacology & Drug Development,data/gold/pmc_jats/PMC7870816.xml,y,y,y,
Bio-protocol-823,PMC7901905,low_conf,Microbiology & Virology,data/gold/pmc_jats/PMC7901905.xml,y,y,y,
Bio-protocol-824,PMC6968433,low_conf,Immunological Techniques,data/gold/pmc_jats/PMC6968433.xml,y,y,y,
Bio-protocol-825,PMC7010555,low_conf,Neuroscience Methods,data/gold/pmc_jats/PMC7010555.xml,y,n,n,no_body
Bio-protocol-831,PMC7662947,low_conf,Plant Science & Technology,data/gold/pmc_jats/PMC7662947.xml,y,y,y,
Bio-protocol-832,PMC8185449,low_conf,Cell Biology & Culture,data/gold/pmc_jats/PMC8185449.xml,y,y,y,
Bio-protocol-835,PMC8136914,low_conf,Plant Science & Technology,data/gold/pmc_jats/PMC8136914.xml,y,n,n,no_body
Bio-protocol-833,PMC7862487,low_conf,Cell Biology & Culture,data/gold/pmc_jats/PMC7862487.xml,y,y,y,
Bio-protocol-836,PMC7937733,low_conf,Cell Biology & Culture,data/gold/pmc_jats/PMC7937733.xml,y,y,y,
Bio-protocol-838,PMC7661932,low_conf,Bioimaging Technologies,data/gold/pmc_jats/PMC7661932.xml,y,y,y,
Bio-protocol-839,PMC7667738,low_conf,Microbiology & Virology,data/gold/pmc_jats/PMC7667738.xml,y,y,y,
Bio-protocol-840,PMC8101752,low_conf,Model Organism-Specific Techniques,data/gold/pmc_jats/PMC8101752.xml,y,y,y,
Bio-protocol-843,PMC7877769,low_conf,Microbiology & Virology,data/gold/pmc_jats/PMC7877769.xml,y,y,y,
Bio-protocol-846,PMC7649287,low_conf,Immunological Techniques,data/gold/pmc_jats/PMC7649287.xml,y,y,y,
Bio-protocol-844,PMC8043394,low_conf,Model Organism-Specific Techniques,data/gold/pmc_jats/PMC8043394.xml,y,y,y,
Bio-protocol-849,PMC7866670,low_conf,Biochemical & Molecular Functional Analysis,data/gold/pmc_jats/PMC7866670.xml,y,y,y,
Bio-protocol-851,PMC7561495,low_conf,Cell Biology & Culture,data/gold/pmc_jats/PMC7561495.xml,y,y,y,
Bio-protocol-856,PMC7913695,low_conf,Biochemical & Molecular Functional Analysis,data/gold/pmc_jats/PMC7913695.xml,y,y,y,
Bio-protocol-858,PMC7578108,low_conf,Pharmacology & Drug Development,data/gold/pmc_jats/PMC7578108.xml,y,n,n,no_body
Bio-protocol-860,PMC8382047,low_conf,Biochemical & Molecular Functional Analysis,data/gold/pmc_jats/PMC8382047.xml,y,n,n,no_body
Bio-protocol-861,PMC7641209,low_conf,Microbiology & Virology,data/gold/pmc_jats/PMC7641209.xml,y,y,y,
Bio-protocol-863,PMC8016741,low_conf,Plant Science & Technology,data/gold/pmc_jats/PMC8016741.xml,y,n,n,no_body
Bio-protocol-867,PMC7350407,low_conf,Biochemical & Molecular Functional Analysis,data/gold/pmc_jats/PMC7350407.xml,y,y,y,
Bio-protocol-868,PMC7822144,low_conf,Microbiology & Virology,data/gold/pmc_jats/PMC7822144.xml,y,n,n,no_body
Bio-protocol-874,PMC7990224,low_conf,Microbiology & Virology,data/gold/pmc_jats/PMC7990224.xml,y,y,y,
Bio-protocol-876,PMC8072281,low_conf,Immunological Techniques,data/gold/pmc_jats/PMC8072281.xml,y,y,y,
Bio-protocol-878,PMC8497498,low_conf,Pharmacology & Drug Development,data/gold/pmc_jats/PMC8497498.xml,y,y,y,
Bio-protocol-882,PMC7751883,low_conf,Microbiology & Virology,data/gold/pmc_jats/PMC7751883.xml,y,y,y,
Bio-protocol-881,PMC7334854,low_conf,Immunological Techniques,data/gold/pmc_jats/PMC7334854.xml,y,y,y,
Bio-protocol-884,PMC7884426,low_conf,Immunological Techniques,data/gold/pmc_jats/PMC7884426.xml,y,y,y,
Bio-protocol-883,PMC6016080,low_conf,Bioimaging Technologies,data/gold/pmc_jats/PMC6016080.xml,y,y,y,
Bio-protocol-887,PMC7903996,low_conf,Model Organism-Specific Techniques,data/gold/pmc_jats/PMC7903996.xml,y,y,y,
Bio-protocol-889,PMC7793270,low_conf,Neuroscience Methods,data/gold/pmc_jats/PMC7793270.xml,y,y,y,
Bio-protocol-893,PMC7968259,low_conf,Cell Biology & Culture,data/gold/pmc_jats/PMC7968259.xml,y,y,y,
Bio-protocol-890,PMC7848706,low_conf,Cell Biology & Culture,data/gold/pmc_jats/PMC7848706.xml,y,n,n,no_body
Bio-protocol-895,PMC7651873,low_conf,Microbiology & Virology,data/gold/pmc_jats/PMC7651873.xml,y,y,y,
Bio-protocol-897,PMC7806734,low_conf,Neuroscience Methods,data/gold/pmc_jats/PMC7806734.xml,y,y,y,
Bio-protocol-900,PMC7969754,low_conf,Model Organism-Specific Techniques,data/gold/pmc_jats/PMC7969754.xml,y,y,y,
Bio-protocol-901,PMC4699014,low_conf,Histology Techniques,data/gold/pmc_jats/PMC4699014.xml,y,y,y,
Bio-protocol-904,PMC8091666,low_conf,Cell Biology & Culture,data/gold/pmc_jats/PMC8091666.xml,y,y,y,
Bio-protocol-905,PMC7106853,low_conf,Molecular Biology Techniques,data/gold/pmc_jats/PMC7106853.xml,y,y,y,
Bio-protocol-908,PMC7419716,low_conf,Cell Biology & Culture,data/gold/pmc_jats/PMC7419716.xml,y,y,y,
Bio-protocol-911,PMC8254505,low_conf,Plant Science & Technology,data/gold/pmc_jats/PMC8254505.xml,y,y,y,
Bio-protocol-916,PMC7561493,low_conf,Neuroscience Methods,data/gold/pmc_jats/PMC7561493.xml,y,y,y,
Bio-protocol-917,PMC7614428,low_conf,Microbiology & Virology,data/gold/pmc_jats/PMC7614428.xml,y,n,n,no_body
Bio-protocol-921,PMC7943015,low_conf,Biochemical & Molecular Functional Analysis,data/gold/pmc_jats/PMC7943015.xml,y,y,y,
Bio-protocol-924,PMC7511413,low_conf,Biochemical & Molecular Functional Analysis,data/gold/pmc_jats/PMC7511413.xml,y,y,y,
Bio-protocol-925,PMC6586798,low_conf,Biochemical & Molecular Functional Analysis,data/gold/pmc_jats/PMC6586798.xml,y,y,y,
Bio-protocol-928,PMC7256449,low_conf,Cell Biology & Culture,data/gold/pmc_jats/PMC7256449.xml,y,y,y,
Bio-protocol-933,PMC7566572,low_conf,Model Organism-Specific Techniques,data/gold/pmc_jats/PMC7566572.xml,y,y,y,
Bio-protocol-931,PMC5841731,low_conf,Plant Science & Technology,data/gold/pmc_jats/PMC5841731.xml,y,n,n,no_body
Bio-protocol-937,PMC8432736,low_conf,Microbiology & Virology,data/gold/pmc_jats/PMC8432736.xml,y,y,y,
Bio-protocol-939,PMC8238842,low_conf,Cell Biology & Culture,data/gold/pmc_jats/PMC8238842.xml,y,n,n,no_body
Bio-protocol-944,PMC7904182,low_conf,Bioimaging Technologies,data/gold/pmc_jats/PMC7904182.xml,y,y,y,
Bio-protocol-947,PMC7840919,low_conf,Molecular Biology Techniques,data/gold/pmc_jats/PMC7840919.xml,y,y,y,
Bio-protocol-945,PMC7758626,low_conf,Immunological Techniques,data/gold/pmc_jats/PMC7758626.xml,y,y,y,
Bio-protocol-948,PMC7816122,low_conf,Histology Techniques,data/gold/pmc_jats/PMC7816122.xml,y,y,y,
Bio-protocol-950,PMC7608151,low_conf,Plant Science & Technology,data/gold/pmc_jats/PMC7608151.xml,y,n,n,no_body
Bio-protocol-955,PMC7844030,low_conf,Biochemical & Molecular Functional Analysis,data/gold/pmc_jats/PMC7844030.xml,y,y,y,
Bio-protocol-956,PMC7793867,low_conf,Immunological Techniques,data/gold/pmc_jats/PMC7793867.xml,y,y,y,
Bio-protocol-957,PMC7445258,low_conf,Neuroscience Methods,data/gold/pmc_jats/PMC7445258.xml,y,y,y,
Bio-protocol-959,PMC7592914,low_conf,Immunological Techniques,data/gold/pmc_jats/PMC7592914.xml,y,y,y,
Bio-protocol-958,PMC7371701,low_conf,Model Organism-Specific Techniques,data/gold/pmc_jats/PMC7371701.xml,y,y,y,
Bio-protocol-960,PMC8397232,low_conf,Molecular Biology Techniques,data/gold/pmc_jats/PMC8397232.xml,y,n,n,no_body
Bio-protocol-963,PMC6218232,low_conf,Biochemical & Molecular Functional Analysis,data/gold/pmc_jats/PMC6218232.xml,y,n,n,no_body
Bio-protocol-964,PMC5520850,low_conf,Genomics Technologies,data/gold/pmc_jats/PMC5520850.xml,y,y,y,
Bio-protocol-966,PMC7692394,low_conf,Microbiology & Virology,data/gold/pmc_jats/PMC7692394.xml,y,y,y,
Bio-protocol-969,PMC8601393,low_conf,Microbiology & Virology,data/gold/pmc_jats/PMC8601393.xml,y,n,n,no_body
Bio-protocol-972,PMC7488867,low_conf,Bioimaging Technologies,data/gold/pmc_jats/PMC7488867.xml,y,y,y,
Bio-protocol-975,PMC7309296,low_conf,Biochemical & Molecular Functional Analysis,data/gold/pmc_jats/PMC7309296.xml,y,n,n,no_body
Bio-protocol-973,PMC6727743,low_conf,Biochemical & Molecular Functional Analysis,data/gold/pmc_jats/PMC6727743.xml,y,y,y,
Bio-protocol-974,PMC7723950,low_conf,Microbiology & Virology,data/gold/pmc_jats/PMC7723950.xml,y,n,n,no_body
Bio-protocol-976,PMC7515735,low_conf,Structural Biology Techniques,data/gold/pmc_jats/PMC7515735.xml,y,y,y,
Bio-protocol-977,PMC7723075,low_conf,Plant Science & Technology,data/gold/pmc_jats/PMC7723075.xml,y,n,n,no_body
Bio-protocol-980,PMC7685759,low_conf,Immunological Techniques,data/gold/pmc_jats/PMC7685759.xml,y,n,n,no_body
Bio-protocol-981,PMC7897558,low_conf,Molecular Biology Techniques,data/gold/pmc_jats/PMC7897558.xml,y,y,y,
Bio-protocol-984,PMC7822148,low_conf,Microbiology & Virology,data/gold/pmc_jats/PMC7822148.xml,y,n,n,no_body
Bio-protocol-985,PMC7502544,low_conf,Model Organism-Specific Techniques,data/gold/pmc_jats/PMC7502544.xml,y,n,n,no_body
Bio-protocol-986,PMC6351534,low_conf,Microbiology & Virology,data/gold/pmc_jats/PMC6351534.xml,y,y,y,
Bio-protocol-987,PMC7738668,low_conf,Plant Science & Technology,data/gold/pmc_jats/PMC7738668.xml,y,y,y,
Bio-protocol-989,PMC7443885,low_conf,Molecular Biology Techniques,data/gold/pmc_jats/PMC7443885.xml,y,n,n,no_body
Bio-protocol-998,PMC7205610,low_conf,Molecular Biology Techniques,data/gold/pmc_jats/PMC7205610.xml,y,y,y,
Bio-protocol-1001,PMC7419718,low_conf,Molecular Biology Techniques,data/gold/pmc_jats/PMC7419718.xml,y,y,y,
Bio-protocol-995,PMC7413394,low_conf,Molecular Biology Techniques,data/gold/pmc_jats/PMC7413394.xml,y,y,y,
Bio-protocol-1000,PMC7334032,low_conf,Synthetic Biology & Bioengineering,data/gold/pmc_jats/PMC7334032.xml,y,y,y,
Bio-protocol-1002,PMC7393111,low_conf,Structural Biology Techniques,data/gold/pmc_jats/PMC7393111.xml,y,y,y,
Bio-protocol-1003,PMC7498346,low_conf,Bioimaging Technologies,data/gold/pmc_jats/PMC7498346.xml,y,y,y,
Bio-protocol-1007,PMC7657561,low_conf,Model Organism-Specific Techniques,data/gold/pmc_jats/PMC7657561.xml,y,y,y,
Bio-protocol-1005,PMC7822137,low_conf,Microbiology & Virology,data/gold/pmc_jats/PMC7822137.xml,y,n,n,no_body
Bio-protocol-1009,PMC5927716,low_conf,Bioimaging Technologies,data/gold/pmc_jats/PMC5927716.xml,y,y,y,
Bio-protocol-1010,PMC7360933,low_conf,Biochemical & Molecular Functional Analysis,data/gold/pmc_jats/PMC7360933.xml,y,y,y,
Bio-protocol-1012,PMC7106853,low_conf,Molecular Biology Techniques,data/gold/pmc_jats/PMC7106853.xml,y,y,y,
Bio-protocol-1013,PMC7137397,low_conf,Biochemical & Molecular Functional Analysis,data/gold/pmc_jats/PMC7137397.xml,y,y,y,
Bio-protocol-1015,PMC7387336,low_conf,Plant Science & Technology,data/gold/pmc_jats/PMC7387336.xml,y,y,y,
Bio-protocol-1022,PMC7656261,low_conf,Neuroscience Methods,data/gold/pmc_jats/PMC7656261.xml,y,y,y,
Bio-protocol-1018,PMC6049512,low_conf,Biochemical & Molecular Functional Analysis,data/gold/pmc_jats/PMC6049512.xml,y,y,y,
Bio-protocol-1023,PMC7116741,low_conf,Neuroscience Methods,data/gold/pmc_jats/PMC7116741.xml,y,y,y,
Bio-protocol-1029,PMC7590250,low_conf,Genomics Technologies,data/gold/pmc_jats/PMC7590250.xml,y,n,n,no_body
Bio-protocol-1035,PMC8351040,low_conf,Bioimaging Technologies,data/gold/pmc_jats/PMC8351040.xml,y,n,n,no_body
Bio-protocol-1034,PMC6735932,low_conf,Structural Biology Techniques,data/gold/pmc_jats/PMC6735932.xml,y,y,y,
Bio-protocol-1037,PMC7385628,low_conf,Biochemical & Molecular Functional Analysis,data/gold/pmc_jats/PMC7385628.xml,y,y,y,
Bio-protocol-1038,PMC7844027,low_conf,Biochemical & Molecular Functional Analysis,data/gold/pmc_jats/PMC7844027.xml,y,y,y,
Bio-protocol-1039,PMC7544234,low_conf,Molecular Biology Techniques,data/gold/pmc_jats/PMC7544234.xml,y,y,y,
Bio-protocol-1043,PMC5397146,low_conf,Molecular Biology Techniques,data/gold/pmc_jats/PMC5397146.xml,y,y,y,
Bio-protocol-1044,PMC7332982,low_conf,Biochemical & Molecular Functional Analysis,data/gold/pmc_jats/PMC7332982.xml,y,y,y,
Bio-protocol-1046,PMC7144284,low_conf,Neuroscience Methods,data/gold/pmc_jats/PMC7144284.xml,y,n,n,no_body
Bio-protocol-1047,PMC7224221,low_conf,Plant Science & Technology,data/gold/pmc_jats/PMC7224221.xml,y,y,y,
Bio-protocol-1048,PMC7877767,low_conf,Neuroscience Methods,data/gold/pmc_jats/PMC7877767.xml,y,y,y,
Bio-protocol-1050,PMC7453538,low_conf,Biochemical & Molecular Functional Analysis,data/gold/pmc_jats/PMC7453538.xml,y,y,y,
Bio-protocol-1054,PMC8035636,low_conf,Plant Science & Technology,data/gold/pmc_jats/PMC8035636.xml,y,y,y,
Bio-protocol-1055,PMC7043043,low_conf,Cell Biology & Culture,data/gold/pmc_jats/PMC7043043.xml,y,y,y,
Bio-protocol-1059,PMC6602282,low_conf,Microbiology & Virology,data/gold/pmc_jats/PMC6602282.xml,y,y,y,
Bio-protocol-1060,PMC7280304,low_conf,Neuroscience Methods,data/gold/pmc_jats/PMC7280304.xml,y,y,y,
Bio-protocol-1063,PMC7152769,low_conf,Bioimaging Technologies,data/gold/pmc_jats/PMC7152769.xml,y,n,n,no_body
Bio-protocol-1067,PMC6765136,low_conf,Molecular Biology Techniques,data/gold/pmc_jats/PMC6765136.xml,y,y,y,
Bio-protocol-1068,PMC7252677,low_conf,Biochemical & Molecular Functional Analysis,data/gold/pmc_jats/PMC7252677.xml,y,y,y,
Bio-protocol-1071,PMC7184762,low_conf,Plant Science & Technology,data/gold/pmc_jats/PMC7184762.xml,y,y,y,
Bio-protocol-1073,PMC7410045,low_conf,Cell Biology & Culture,data/gold/pmc_jats/PMC7410045.xml,y,n,n,no_body
Bio-protocol-1074,PMC7412830,low_conf,Cell Biology & Culture,data/gold/pmc_jats/PMC7412830.xml,y,y,y,
Bio-protocol-1084,PMC7403431,low_conf,Pharmacology & Drug Development,data/gold/pmc_jats/PMC7403431.xml,y,y,y,
Bio-protocol-1086,PMC7426174,low_conf,Microbiology & Virology,data/gold/pmc_jats/PMC7426174.xml,y,y,y,
Bio-protocol-1091,PMC7438013,low_conf,Model Organism-Specific Techniques,data/gold/pmc_jats/PMC7438013.xml,y,y,y,
Bio-protocol-1095,PMC7756517,low_conf,Model Organism-Specific Techniques,data/gold/pmc_jats/PMC7756517.xml,y,y,y,
Bio-protocol-1107,PMC7322875,low_conf,Bioimaging Technologies,data/gold/pmc_jats/PMC7322875.xml,y,y,y,
Bio-protocol-1111,PMC7189520,low_conf,Immunological Techniques,data/gold/pmc_jats/PMC7189520.xml,y,y,y,
Bio-protocol-1109,PMC7229851,low_conf,Molecular Biology Techniques,data/gold/pmc_jats/PMC7229851.xml,y,y,y,
Bio-protocol-1114,PMC7300192,low_conf,Model Organism-Specific Techniques,data/gold/pmc_jats/PMC7300192.xml,y,y,y,
Bio-protocol-1120,PMC7156742,low_conf,Genomics Technologies,data/gold/pmc_jats/PMC7156742.xml,y,y,y,
Bio-protocol-1123,PMC8601393,low_conf,Microbiology & Virology,data/gold/pmc_jats/PMC8601393.xml,y,n,n,no_body
Bio-protocol-1122,PMC7855473,low_conf,Neuroscience Methods,data/gold/pmc_jats/PMC7855473.xml,y,n,n,no_body
Bio-protocol-1126,PMC7454965,low_conf,Microbiology & Virology,data/gold/pmc_jats/PMC7454965.xml,y,y,y,
Bio-protocol-1130,PMC7116525,low_conf,Microbiology & Virology,data/gold/pmc_jats/PMC7116525.xml,y,n,n,no_body
Bio-protocol-1131,PMC7315123,low_conf,Biochemical & Molecular Functional Analysis,data/gold/pmc_jats/PMC7315123.xml,y,y,y,
Bio-protocol-1132,PMC7543508,low_conf,Bioinformatics Methods,data/gold/pmc_jats/PMC7543508.xml,y,y,y,
Bio-protocol-1135,PMC7098375,low_conf,Cell Biology & Culture,data/gold/pmc_jats/PMC7098375.xml,y,y,y,
Bio-protocol-1136,PMC7015794,low_conf,Biochemical & Molecular Functional Analysis,data/gold/pmc_jats/PMC7015794.xml,y,n,n,no_body
Bio-protocol-1137,PMC5777542,low_conf,Model Organism-Specific Techniques,data/gold/pmc_jats/PMC5777542.xml,y,y,y,
Bio-protocol-1138,PMC7218287,low_conf,Microbiology & Virology,data/gold/pmc_jats/PMC7218287.xml,y,y,y,
Bio-protocol-1142,PMC7334845,low_conf,Bioimaging Technologies,data/gold/pmc_jats/PMC7334845.xml,y,y,y,
Bio-protocol-1146,PMC7167289,low_conf,Cell Biology & Culture,data/gold/pmc_jats/PMC7167289.xml,y,y,y,
Bio-protocol-1160,PMC6995270,low_conf,Plant Science & Technology,data/gold/pmc_jats/PMC6995270.xml,y,y,y,
Bio-protocol-1162,PMC7299768,low_conf,Bioimaging Technologies,data/gold/pmc_jats/PMC7299768.xml,y,n,n,no_body
Bio-protocol-1164,PMC7426255,low_conf,Plant Science & Technology,data/gold/pmc_jats/PMC7426255.xml,y,y,y,
Bio-protocol-1168,PMC7580631,low_conf,Synthetic Biology & Bioengineering,data/gold/pmc_jats/PMC7580631.xml,y,y,y,
Bio-protocol-1174,PMC6900251,low_conf,Cell Biology & Culture,data/gold/pmc_jats/PMC6900251.xml,y,y,y,
Bio-protocol-1176,PMC7472077,low_conf,Microbiology & Virology,data/gold/pmc_jats/PMC7472077.xml,y,y,y,
Bio-protocol-1181,PMC7231574,low_conf,Structural Biology Techniques,data/gold/pmc_jats/PMC7231574.xml,y,n,n,no_body
Bio-protocol-1182,PMC6637891,low_conf,Microbiology & Virology,data/gold/pmc_jats/PMC6637891.xml,y,y,y,
Bio-protocol-1186,PMC6526706,low_conf,Cell Biology & Culture,data/gold/pmc_jats/PMC6526706.xml,y,n,n,no_body
Bio-protocol-1183,PMC7891870,low_conf,Pharmacology & Drug Development,data/gold/pmc_jats/PMC7891870.xml,y,y,y,
Bio-protocol-1185,PMC7528653,low_conf,Molecular Biology Techniques,data/gold/pmc_jats/PMC7528653.xml,y,y,y,
Bio-protocol-1188,PMC6817725,low_conf,Genomics Technologies,data/gold/pmc_jats/PMC6817725.xml,y,y,y,
Bio-protocol-1194,PMC6918740,low_conf,Bioimaging Technologies,data/gold/pmc_jats/PMC6918740.xml,y,y,y,
Bio-protocol-1196,PMC7515698,low_conf,Molecular Biology Techniques,data/gold/pmc_jats/PMC7515698.xml,y,y,y,
Bio-protocol-1197,PMC7505846,low_conf,Unclassified: Single-Molecule Proteomics,data/gold/pmc_jats/PMC7505846.xml,y,y,y,
Bio-protocol-1198,PMC7224574,low_conf,Microbiology & Virology,data/gold/pmc_jats/PMC7224574.xml,y,y,y,
Bio-protocol-1204,PMC7378400,low_conf,Bioimaging Technologies,data/gold/pmc_jats/PMC7378400.xml,y,y,n,no_methods
Bio-protocol-1208,PMC5773612,low_conf,Biochemical & Molecular Functional Analysis,data/gold/pmc_jats/PMC5773612.xml,y,y,y,
Bio-protocol-1213,PMC7736827,low_conf,Genomics Technologies,data/gold/pmc_jats/PMC7736827.xml,y,y,y,
Bio-protocol-1214,PMC7090339,low_conf,Microbiology & Virology,data/gold/pmc_jats/PMC7090339.xml,y,y,y,
Bio-protocol-1215,PMC7179253,low_conf,Cell Biology & Culture,data/gold/pmc_jats/PMC7179253.xml,y,y,y,
Bio-protocol-1218,PMC7099817,low_conf,Neuroscience Methods,data/gold/pmc_jats/PMC7099817.xml,y,y,y,
Bio-protocol-1217,PMC7220856,low_conf,Neuroscience Methods,data/gold/pmc_jats/PMC7220856.xml,y,y,y,
Bio-protocol-1223,PMC7224221,low_conf,Plant Science & Technology,data/gold/pmc_jats/PMC7224221.xml,y,y,y,
Bio-protocol-1224,PMC6890777,low_conf,Cell Biology & Culture,data/gold/pmc_jats/PMC6890777.xml,y,y,y,
Bio-protocol-1230,PMC7249671,low_conf,Cell Biology & Culture,data/gold/pmc_jats/PMC7249671.xml,y,y,y,
Bio-protocol-1231,PMC6635848,low_conf,Plant Science & Technology,data/gold/pmc_jats/PMC6635848.xml,y,n,n,no_body
Bio-protocol-1236,PMC7168214,low_conf,Toxicology & Safety Testing,data/gold/pmc_jats/PMC7168214.xml,y,y,y,
Bio-protocol-1238,PMC6819513,low_conf,Microbiology & Virology,data/gold/pmc_jats/PMC6819513.xml,y,y,y,
Bio-protocol-1239,PMC7429906,low_conf,Neuroscience Methods,data/gold/pmc_jats/PMC7429906.xml,y,y,y,
Bio-protocol-1248,PMC7160884,low_conf,Immunological Techniques,data/gold/pmc_jats/PMC7160884.xml,y,y,y,
Bio-protocol-1251,PMC6324744,low_conf,Plant Science & Technology,data/gold/pmc_jats/PMC6324744.xml,y,y,y,
Bio-protocol-1250,PMC6372003,low_conf,Neuroscience Methods,data/gold/pmc_jats/PMC6372003.xml,y,y,y,
Bio-protocol-1256,PMC8570765,low_conf,Plant Science & Technology,data/gold/pmc_jats/PMC8570765.xml,y,n,n,no_body
Bio-protocol-1259,PMC4757471,low_conf,Histology Techniques,data/gold/pmc_jats/PMC4757471.xml,y,y,y,
Bio-protocol-1261,PMC7132281,low_conf,Microbiology & Virology,data/gold/pmc_jats/PMC7132281.xml,y,y,y,
Bio-protocol-1262,PMC7220957,low_conf,Neuroscience Methods,data/gold/pmc_jats/PMC7220957.xml,y,y,y,
Bio-protocol-1266,PMC7093396,low_conf,Microbiology & Virology,data/gold/pmc_jats/PMC7093396.xml,y,y,y,
Bio-protocol-1269,PMC7343183,low_conf,Model Organism-Specific Techniques,data/gold/pmc_jats/PMC7343183.xml,y,y,y,
Bio-protocol-1268,PMC6720005,low_conf,Neuroscience Methods,data/gold/pmc_jats/PMC6720005.xml,y,y,y,
Bio-protocol-1267,PMC6997700,low_conf,Plant Science & Technology,data/gold/pmc_jats/PMC6997700.xml,y,n,n,no_body
Bio-protocol-1271,PMC7000363,low_conf,Cell Biology & Culture,data/gold/pmc_jats/PMC7000363.xml,y,y,y,
Bio-protocol-1276,PMC5947712,low_conf,Pharmacology & Drug Development,data/gold/pmc_jats/PMC5947712.xml,y,y,n,no_methods
Bio-protocol-1277,PMC5830990,low_conf,Cell Biology & Culture,data/gold/pmc_jats/PMC5830990.xml,y,y,y,
Bio-protocol-1278,PMC7310948,low_conf,Microbiology & Virology,data/gold/pmc_jats/PMC7310948.xml,y,y,n,no_methods
Bio-protocol-1284,PMC6736724,low_conf,Bioimaging Technologies,data/gold/pmc_jats/PMC6736724.xml,y,n,n,no_body
Bio-protocol-1286,PMC7013232,low_conf,Immunological Techniques,data/gold/pmc_jats/PMC7013232.xml,y,y,y,
Bio-protocol-1288,PMC6158489,low_conf,Molecular Biology Techniques,data/gold/pmc_jats/PMC6158489.xml,y,y,y,
Bio-protocol-1294,PMC4742980,low_conf,Molecular Biology Techniques,data/gold/pmc_jats/PMC4742980.xml,y,y,y,
Bio-protocol-1295,PMC6987254,low_conf,Neuroscience Methods,data/gold/pmc_jats/PMC6987254.xml,y,y,y,
Bio-protocol-1297,PMC6794480,low_conf,Molecular Biology Techniques,data/gold/pmc_jats/PMC6794480.xml,y,y,y,
Bio-protocol-1296,PMC6794480,low_conf,Microbiology & Virology,data/gold/pmc_jats/PMC6794480.xml,y,y,y,
Bio-protocol-1304,PMC7031253,low_conf,Microbiology & Virology,data/gold/pmc_jats/PMC7031253.xml,y,y,y,
Bio-protocol-1307,PMC7253610,low_conf,Microbiology & Virology,data/gold/pmc_jats/PMC7253610.xml,y,n,n,no_body
Bio-protocol-1306,PMC7065821,low_conf,Neuroscience Methods,data/gold/pmc_jats/PMC7065821.xml,y,y,y,
Bio-protocol-1311,PMC7048311,low_conf,Microbiology & Virology,data/gold/pmc_jats/PMC7048311.xml,y,y,y,
Bio-protocol-1312,PMC7294788,low_conf,Biochemical & Molecular Functional Analysis,data/gold/pmc_jats/PMC7294788.xml,y,y,y,
Bio-protocol-1313,PMC6117327,low_conf,Cell Biology & Culture,data/gold/pmc_jats/PMC6117327.xml,y,y,y,
Bio-protocol-1319,PMC6881698,low_conf,Microbiology & Virology,data/gold/pmc_jats/PMC6881698.xml,y,y,y,
Bio-protocol-1318,PMC6382887,low_conf,Microbiology & Virology,data/gold/pmc_jats/PMC6382887.xml,y,y,y,
Bio-protocol-1324,PMC7075891,low_conf,Structural Biology Techniques,data/gold/pmc_jats/PMC7075891.xml,y,y,y,
Bio-protocol-1327,PMC7144851,low_conf,Microbiology & Virology,data/gold/pmc_jats/PMC7144851.xml,y,y,y,
Bio-protocol-1326,PMC6946797,low_conf,Model Organism-Specific Techniques,data/gold/pmc_jats/PMC6946797.xml,y,y,y,
Bio-protocol-1328,PMC6994163,low_conf,Microbiology & Virology,data/gold/pmc_jats/PMC6994163.xml,y,y,y,
Bio-protocol-1330,PMC5795452,low_conf,Microbiology & Virology,data/gold/pmc_jats/PMC5795452.xml,y,y,y,
Bio-protocol-1329,PMC5590498,low_conf,Model Organism-Specific Techniques,data/gold/pmc_jats/PMC5590498.xml,y,n,n,no_body
Bio-protocol-1333,PMC6898680,low_conf,Genomics Technologies,data/gold/pmc_jats/PMC6898680.xml,y,y,y,
Bio-protocol-1337,PMC6519375,low_conf,Cell Biology & Culture,data/gold/pmc_jats/PMC6519375.xml,y,y,y,
Bio-protocol-1335,PMC7244574,low_conf,Plant Science & Technology,data/gold/pmc_jats/PMC7244574.xml,y,y,y,
Bio-protocol-1340,PMC7144985,low_conf,Genomics Technologies,data/gold/pmc_jats/PMC7144985.xml,y,y,y,
Bio-protocol-1342,PMC7385438,low_conf,Microbiology & Virology,data/gold/pmc_jats/PMC7385438.xml,y,y,y,
Bio-protocol-1349,PMC7721168,low_conf,Plant Science & Technology,data/gold/pmc_jats/PMC7721168.xml,y,y,y,
Bio-protocol-1352,PMC6696277,low_conf,Immunological Techniques,data/gold/pmc_jats/PMC6696277.xml,y,y,y,
Bio-protocol-1355,PMC9543026,low_conf,Plant Science & Technology,data/gold/pmc_jats/PMC9543026.xml,y,y,y,
Bio-protocol-1356,PMC6132922,low_conf,Cell Biology & Culture,data/gold/pmc_jats/PMC6132922.xml,y,y,y,
Bio-protocol-1357,PMC7155939,low_conf,Microbiology & Virology,data/gold/pmc_jats/PMC7155939.xml,y,n,n,no_body
Bio-protocol-1354,PMC7005839,low_conf,Neuroscience Methods,data/gold/pmc_jats/PMC7005839.xml,y,y,y,
Bio-protocol-1359,PMC6688959,low_conf,Genomics Technologies,data/gold/pmc_jats/PMC6688959.xml,y,n,n,no_body
Bio-protocol-1358,PMC5585204,low_conf,Biochemical & Molecular Functional Analysis,data/gold/pmc_jats/PMC5585204.xml,y,y,y,
Bio-protocol-1360,PMC5862867,low_conf,Neuroscience Methods,data/gold/pmc_jats/PMC5862867.xml,y,y,y,
Bio-protocol-1371,PMC6554060,low_conf,Biochemical & Molecular Functional Analysis,data/gold/pmc_jats/PMC6554060.xml,y,n,n,no_body
Bio-protocol-1370,PMC6051424,low_conf,Cell Biology & Culture,data/gold/pmc_jats/PMC6051424.xml,y,y,y,
Bio-protocol-1373,PMC7083845,low_conf,Biochemical & Molecular Functional Analysis,data/gold/pmc_jats/PMC7083845.xml,y,y,y,
Bio-protocol-1377,PMC5506065,low_conf,Cell Biology & Culture,data/gold/pmc_jats/PMC5506065.xml,y,y,y,
Bio-protocol-1372,PMC6954424,low_conf,Biochemical & Molecular Functional Analysis,data/gold/pmc_jats/PMC6954424.xml,y,y,y,
Bio-protocol-1374,PMC7132871,low_conf,Genomics Technologies,data/gold/pmc_jats/PMC7132871.xml,y,y,y,
Bio-protocol-1380,PMC6278034,low_conf,Histology Techniques,data/gold/pmc_jats/PMC6278034.xml,y,y,y,
Bio-protocol-1376,PMC6895695,low_conf,Cell Biology & Culture,data/gold/pmc_jats/PMC6895695.xml,y,y,y,
Bio-protocol-1389,PMC6684276,low_conf,Model Organism-Specific Techniques,data/gold/pmc_jats/PMC6684276.xml,y,y,y,
Bio-protocol-1392,PMC6831514,low_conf,Plant Science & Technology,data/gold/pmc_jats/PMC6831514.xml,y,y,y,
Bio-protocol-1395,PMC7012810,low_conf,Microbiology & Virology,data/gold/pmc_jats/PMC7012810.xml,y,y,y,
Bio-protocol-1397,PMC7547854,low_conf,Biochemical & Molecular Functional Analysis,data/gold/pmc_jats/PMC7547854.xml,y,y,n,no_methods
Bio-protocol-1398,PMC6940367,low_conf,Bioimaging Technologies,data/gold/pmc_jats/PMC6940367.xml,y,y,y,
Bio-protocol-1401,PMC6851284,low_conf,Microbiology & Virology,data/gold/pmc_jats/PMC6851284.xml,y,y,y,
Bio-protocol-1406,PMC5911940,low_conf,Neuroscience Methods,data/gold/pmc_jats/PMC5911940.xml,y,n,n,no_body
Bio-protocol-1415,PMC6834254,low_conf,Immunological Techniques,data/gold/pmc_jats/PMC6834254.xml,y,y,y,
Bio-protocol-1419,PMC6841939,low_conf,Model Organism-Specific Techniques,data/gold/pmc_jats/PMC6841939.xml,y,y,y,
Bio-protocol-1422,PMC6867657,low_conf,Neuroscience Methods,data/gold/pmc_jats/PMC6867657.xml,y,y,y,
Bio-protocol-1423,PMC6172631,low_conf,Model Organism-Specific Techniques,data/gold/pmc_jats/PMC6172631.xml,y,n,n,no_body
Bio-protocol-1424,PMC7202069,low_conf,Cell Biology & Culture,data/gold/pmc_jats/PMC7202069.xml,y,y,y,
Bio-protocol-1426,PMC5635975,low_conf,Biochemical & Molecular Functional Analysis,data/gold/pmc_jats/PMC5635975.xml,y,n,n,no_body
Bio-protocol-1430,PMC6486545,low_conf,Molecular Biology Techniques,data/gold/pmc_jats/PMC6486545.xml,y,y,y,
Bio-protocol-1434,PMC7212264,low_conf,Molecular Biology Techniques,data/gold/pmc_jats/PMC7212264.xml,y,n,n,no_body
Bio-protocol-1433,PMC7653931,low_conf,Immunological Techniques,data/gold/pmc_jats/PMC7653931.xml,y,y,y,
Bio-protocol-1437,PMC6918744,low_conf,Bioimaging Technologies,data/gold/pmc_jats/PMC6918744.xml,y,y,y,
Bio-protocol-1436,PMC6954254,low_conf,Immunological Techniques,data/gold/pmc_jats/PMC6954254.xml,y,y,y,
Bio-protocol-1441,PMC6554060,low_conf,Biochemical & Molecular Functional Analysis,data/gold/pmc_jats/PMC6554060.xml,y,n,n,no_body
Bio-protocol-1442,PMC6824042,low_conf,Cell Biology & Culture,data/gold/pmc_jats/PMC6824042.xml,y,y,y,
Bio-protocol-1444,PMC6957189,low_conf,Microbiology & Virology,data/gold/pmc_jats/PMC6957189.xml,y,y,y,
Bio-protocol-1446,PMC4921206,low_conf,Pharmacology & Drug Development,data/gold/pmc_jats/PMC4921206.xml,y,n,n,no_body
Bio-protocol-1447,PMC7265822,low_conf,Structural Biology Techniques,data/gold/pmc_jats/PMC7265822.xml,y,n,n,no_body
Bio-protocol-1448,PMC4868260,low_conf,Neuroscience Methods,data/gold/pmc_jats/PMC4868260.xml,y,y,y,
Bio-protocol-1451,PMC5774577,low_conf,Plant Science & Technology,data/gold/pmc_jats/PMC5774577.xml,y,n,n,no_body
Bio-protocol-1452,PMC3595279,low_conf,Bioinformatics Methods,data/gold/pmc_jats/PMC3595279.xml,y,y,y,
Bio-protocol-1456,PMC6344284,low_conf,Cell Biology & Culture,data/gold/pmc_jats/PMC6344284.xml,y,n,n,no_body
Bio-protocol-1461,PMC6657916,low_conf,Cell Biology & Culture,data/gold/pmc_jats/PMC6657916.xml,y,y,y,
Bio-protocol-1468,PMC5360484,low_conf,Immunological Techniques,data/gold/pmc_jats/PMC5360484.xml,y,n,n,no_body
Bio-protocol-1470,PMC6625732,low_conf,Plant Science & Technology,data/gold/pmc_jats/PMC6625732.xml,y,y,y,
Bio-protocol-1471,PMC6801137,low_conf,Molecular Biology Techniques,data/gold/pmc_jats/PMC6801137.xml,y,y,y,
Bio-protocol-1472,PMC6823349,low_conf,Neuroscience Methods,data/gold/pmc_jats/PMC6823349.xml,y,y,y,
Bio-protocol-1479,PMC6254581,low_conf,Cell Biology & Culture,data/gold/pmc_jats/PMC6254581.xml,y,y,n,no_methods
Bio-protocol-1484,PMC6544628,low_conf,Microbiology & Virology,data/gold/pmc_jats/PMC6544628.xml,y,y,y,
Bio-protocol-1485,PMC6662845,low_conf,Structural Biology Techniques,data/gold/pmc_jats/PMC6662845.xml,y,y,y,
Bio-protocol-1487,PMC6894186,low_conf,Immunological Techniques,data/gold/pmc_jats/PMC6894186.xml,y,n,n,no_body
Bio-protocol-1489,PMC7054880,low_conf,Plant Science & Technology,data/gold/pmc_jats/PMC7054880.xml,y,n,n,no_body
Bio-protocol-1493,PMC5533706,low_conf,Cell Biology & Culture,data/gold/pmc_jats/PMC5533706.xml,y,y,y,
Bio-protocol-1494,PMC6060231,low_conf,Model Organism-Specific Techniques,data/gold/pmc_jats/PMC6060231.xml,y,y,y,
Bio-protocol-1495,PMC6787204,low_conf,Cell Biology & Culture,data/gold/pmc_jats/PMC6787204.xml,y,y,y,
Bio-protocol-1498,PMC6368773,low_conf,Molecular Biology Techniques,data/gold/pmc_jats/PMC6368773.xml,y,y,y,
Bio-protocol-1509,PMC6657097,low_conf,Molecular Biology Techniques,data/gold/pmc_jats/PMC6657097.xml,y,y,y,
Bio-protocol-1511,PMC6425751,low_conf,Model Organism-Specific Techniques,data/gold/pmc_jats/PMC6425751.xml,y,n,n,no_body
Bio-protocol-1515,PMC6751121,low_conf,Biochemical & Molecular Functional Analysis,data/gold/pmc_jats/PMC6751121.xml,y,n,n,no_body
Bio-protocol-1516,PMC6838314,low_conf,Neuroscience Methods,data/gold/pmc_jats/PMC6838314.xml,y,y,y,
Bio-protocol-1524,PMC6504583,low_conf,Immunological Techniques,data/gold/pmc_jats/PMC6504583.xml,y,n,n,no_body
Bio-protocol-1523,PMC6509404,low_conf,Model Organism-Specific Techniques,data/gold/pmc_jats/PMC6509404.xml,y,y,y,
Bio-protocol-1526,PMC5635688,low_conf,Microbiology & Virology,data/gold/pmc_jats/PMC5635688.xml,y,y,y,
Bio-protocol-1525,PMC6744241,low_conf,Microbiology & Virology,data/gold/pmc_jats/PMC6744241.xml,y,n,n,no_body
Bio-protocol-1530,PMC6626887,low_conf,Cell Biology & Culture,data/gold/pmc_jats/PMC6626887.xml,y,y,y,
Bio-protocol-1533,PMC5826701,low_conf,Microbiology & Virology,data/gold/pmc_jats/PMC5826701.xml,y,y,y,
Bio-protocol-1532,PMC6800369,low_conf,Biochemical & Molecular Functional Analysis,data/gold/pmc_jats/PMC6800369.xml,y,y,y,
Bio-protocol-1537,PMC6814767,low_conf,Bioimaging Technologies,data/gold/pmc_jats/PMC6814767.xml,y,y,y,
Bio-protocol-1535,PMC6591319,low_conf,Biochemical & Molecular Functional Analysis,data/gold/pmc_jats/PMC6591319.xml,y,y,y,
Bio-protocol-1536,PMC4894971,low_conf,Neuroscience Methods,data/gold/pmc_jats/PMC4894971.xml,y,y,y,
Bio-protocol-1541,PMC6463917,low_conf,Genomics Technologies,data/gold/pmc_jats/PMC6463917.xml,y,n,n,no_body
Bio-protocol-1539,PMC6561219,low_conf,Model Organism-Specific Techniques,data/gold/pmc_jats/PMC6561219.xml,y,y,y,
Bio-protocol-1540,PMC6843736,low_conf,Neuroscience Methods,data/gold/pmc_jats/PMC6843736.xml,y,y,y,
Bio-protocol-1542,PMC6945041,low_conf,Model Organism-Specific Techniques,data/gold/pmc_jats/PMC6945041.xml,y,y,y,
Bio-protocol-1549,PMC6694817,low_conf,Microbiology & Virology,data/gold/pmc_jats/PMC6694817.xml,y,n,n,no_body
Bio-protocol-1546,PMC6607969,low_conf,Biochemical & Molecular Functional Analysis,data/gold/pmc_jats/PMC6607969.xml,y,y,n,no_methods
Bio-protocol-1547,PMC7346889,low_conf,Cell Biology & Culture,data/gold/pmc_jats/PMC7346889.xml,y,n,n,no_body
Bio-protocol-1548,PMC6606812,low_conf,Immunological Techniques,data/gold/pmc_jats/PMC6606812.xml,y,y,y,
Bio-protocol-1550,PMC6607969,low_conf,Biochemical & Molecular Functional Analysis,data/gold/pmc_jats/PMC6607969.xml,y,y,n,no_methods
Bio-protocol-1557,PMC5732298,low_conf,Biochemical & Molecular Functional Analysis,data/gold/pmc_jats/PMC5732298.xml,y,y,y,
Bio-protocol-1559,PMC6193988,low_conf,Immunological Techniques,data/gold/pmc_jats/PMC6193988.xml,y,y,y,
Bio-protocol-1567,PMC6286391,low_conf,Model Organism-Specific Techniques,data/gold/pmc_jats/PMC6286391.xml,y,y,y,
Bio-protocol-1566,PMC6456217,low_conf,Plant Science & Technology,data/gold/pmc_jats/PMC6456217.xml,y,y,y,
Bio-protocol-1574,PMC2710682,low_conf,Unclassified: Climate Change Simulation Techniques,data/gold/pmc_jats/PMC2710682.xml,y,n,n,no_body
Bio-protocol-1575,PMC6519421,low_conf,Plant Science & Technology,data/gold/pmc_jats/PMC6519421.xml,y,y,y,
Bio-protocol-1577,PMC6561219,low_conf,Bioimaging Technologies,data/gold/pmc_jats/PMC6561219.xml,y,y,y,
Bio-protocol-1582,PMC6602601,low_conf,Neuroscience Methods,data/gold/pmc_jats/PMC6602601.xml,y,n,n,no_body
Bio-protocol-1583,PMC6684654,low_conf,Microbiology & Virology,data/gold/pmc_jats/PMC6684654.xml,y,y,y,
Bio-protocol-1585,PMC6912046,low_conf,Plant Science & Technology,data/gold/pmc_jats/PMC6912046.xml,y,y,y,
Bio-protocol-1587,PMC6203449,low_conf,Cell Biology & Culture,data/gold/pmc_jats/PMC6203449.xml,y,n,n,no_body
Bio-protocol-1586,PMC6716232,low_conf,Plant Science & Technology,data/gold/pmc_jats/PMC6716232.xml,y,n,n,no_body
Bio-protocol-1588,PMC6682164,low_conf,Microbiology & Virology,data/gold/pmc_jats/PMC6682164.xml,y,y,y,
Bio-protocol-1593,PMC6751132,low_conf,Plant Science & Technology,data/gold/pmc_jats/PMC6751132.xml,y,n,n,no_body
Bio-protocol-1595,PMC6346135,low_conf,Model Organism-Specific Techniques,data/gold/pmc_jats/PMC6346135.xml,y,n,n,no_body
Bio-protocol-1596,PMC6836817,low_conf,Plant Science & Technology,data/gold/pmc_jats/PMC6836817.xml,y,n,n,no_body
Bio-protocol-1608,PMC6639284,low_conf,Biochemical & Molecular Functional Analysis,data/gold/pmc_jats/PMC6639284.xml,y,n,n,no_body
Bio-protocol-1611,PMC6653780,low_conf,Genomics Technologies,data/gold/pmc_jats/PMC6653780.xml,y,y,y,
Bio-protocol-1612,PMC6541287,low_conf,Structural Biology Techniques,data/gold/pmc_jats/PMC6541287.xml,y,y,y,
Bio-protocol-1613,PMC6851878,low_conf,Plant Science & Technology,data/gold/pmc_jats/PMC6851878.xml,y,y,y,
Bio-protocol-1617,PMC6625996,low_conf,Cell Biology & Culture,data/gold/pmc_jats/PMC6625996.xml,y,y,y,
Bio-protocol-1619,PMC6558028,low_conf,Cell Biology & Culture,data/gold/pmc_jats/PMC6558028.xml,y,y,y,
Bio-protocol-1621,PMC6633204,low_conf,Bioimaging Technologies,data/gold/pmc_jats/PMC6633204.xml,y,y,y,
Bio-protocol-1623,PMC6511025,low_conf,Microbiology & Virology,data/gold/pmc_jats/PMC6511025.xml,y,y,y,
Bio-protocol-1627,PMC6581653,low_conf,Bioimaging Technologies,data/gold/pmc_jats/PMC6581653.xml,y,y,y,
Bio-protocol-1624,PMC6360649,low_conf,Genomics Technologies,data/gold/pmc_jats/PMC6360649.xml,y,y,y,
Bio-protocol-1626,PMC6814547,low_conf,Biochemical & Molecular Functional Analysis,data/gold/pmc_jats/PMC6814547.xml,y,n,n,no_body
Bio-protocol-1630,PMC5732516,low_conf,Neuroscience Methods,data/gold/pmc_jats/PMC5732516.xml,y,y,y,
Bio-protocol-1636,PMC6239211,low_conf,Cell Biology & Culture,data/gold/pmc_jats/PMC6239211.xml,y,n,n,no_body
Bio-protocol-1633,PMC6531872,low_conf,Bioimaging Technologies,data/gold/pmc_jats/PMC6531872.xml,y,y,y,
Bio-protocol-1638,PMC6535550,low_conf,Pharmacology & Drug Development,data/gold/pmc_jats/PMC6535550.xml,y,n,n,no_body
Bio-protocol-1641,PMC6681745,low_conf,Plant Science & Technology,data/gold/pmc_jats/PMC6681745.xml,y,y,y,
Bio-protocol-1643,PMC6464584,low_conf,Molecular Biology Techniques,data/gold/pmc_jats/PMC6464584.xml,y,n,n,no_body
Bio-protocol-1646,PMC6506482,low_conf,Neuroscience Methods,data/gold/pmc_jats/PMC6506482.xml,y,y,y,
Bio-protocol-1645,PMC5344538,low_conf,Microbiology & Virology,data/gold/pmc_jats/PMC5344538.xml,y,y,y,
Bio-protocol-1647,PMC5533798,low_conf,Molecular Biology Techniques,data/gold/pmc_jats/PMC5533798.xml,y,y,y,
Bio-protocol-1650,PMC8046232,low_conf,Neuroscience Methods,data/gold/pmc_jats/PMC8046232.xml,y,n,n,no_body
Bio-protocol-1649,PMC6028030,low_conf,Cell Biology & Culture,data/gold/pmc_jats/PMC6028030.xml,y,n,n,no_body
Bio-protocol-1652,PMC6231521,low_conf,Neuroscience Methods,data/gold/pmc_jats/PMC6231521.xml,y,y,y,
Bio-protocol-1655,PMC6600913,low_conf,Molecular Biology Techniques,data/gold/pmc_jats/PMC6600913.xml,y,n,n,no_body
Bio-protocol-1658,PMC6495373,low_conf,Microbiology & Virology,data/gold/pmc_jats/PMC6495373.xml,y,y,y,
Bio-protocol-1662,PMC6565613,low_conf,Cell Biology & Culture,data/gold/pmc_jats/PMC6565613.xml,y,y,y,
Bio-protocol-1664,PMC2194654,low_conf,Immunological Techniques,data/gold/pmc_jats/PMC2194654.xml,y,n,n,no_body
Bio-protocol-1667,PMC6501606,low_conf,Plant Science & Technology,data/gold/pmc_jats/PMC6501606.xml,y,n,n,no_body
Bio-protocol-1670,PMC6278051,low_conf,Microbiology & Virology,data/gold/pmc_jats/PMC6278051.xml,y,y,y,
Bio-protocol-1673,PMC6597397,low_conf,Microbiology & Virology,data/gold/pmc_jats/PMC6597397.xml,y,n,n,no_body
Bio-protocol-1677,PMC6541301,low_conf,Neuroscience Methods,data/gold/pmc_jats/PMC6541301.xml,y,y,y,
Bio-protocol-1675,PMC6549218,low_conf,Microbiology & Virology,data/gold/pmc_jats/PMC6549218.xml,y,y,y,
Bio-protocol-1684,PMC6459510,low_conf,Neuroscience Methods,data/gold/pmc_jats/PMC6459510.xml,y,y,y,
Bio-protocol-1683,PMC6850650,low_conf,Molecular Biology Techniques,data/gold/pmc_jats/PMC6850650.xml,y,y,y,
Bio-protocol-1691,PMC6610623,low_conf,Cell Biology & Culture,data/gold/pmc_jats/PMC6610623.xml,y,y,y,
Bio-protocol-1692,PMC6979483,low_conf,Cell Biology & Culture,data/gold/pmc_jats/PMC6979483.xml,y,y,n,no_methods
Bio-protocol-1697,PMC6535813,low_conf,Plant Science & Technology,data/gold/pmc_jats/PMC6535813.xml,y,y,y,
Bio-protocol-1701,PMC6447300,low_conf,Biochemical & Molecular Functional Analysis,data/gold/pmc_jats/PMC6447300.xml,y,n,n,no_body
Bio-protocol-1700,PMC5826701,low_conf,Microbiology & Virology,data/gold/pmc_jats/PMC5826701.xml,y,y,y,
Bio-protocol-1708,PMC6177245,low_conf,Bioimaging Technologies,data/gold/pmc_jats/PMC6177245.xml,y,y,n,no_methods
Bio-protocol-1709,PMC6436929,low_conf,Cell Biology & Culture,data/gold/pmc_jats/PMC6436929.xml,y,y,y,
Bio-protocol-1711,PMC6205754,low_conf,Bioimaging Technologies,data/gold/pmc_jats/PMC6205754.xml,y,n,n,no_body
Bio-protocol-1715,PMC6352314,low_conf,Immunological Techniques,data/gold/pmc_jats/PMC6352314.xml,y,y,y,
Bio-protocol-1718,PMC6304991,low_conf,Bioimaging Technologies,data/gold/pmc_jats/PMC6304991.xml,y,n,n,no_body
Bio-protocol-1716,PMC6518337,low_conf,Microbiology & Virology,data/gold/pmc_jats/PMC6518337.xml,y,y,y,
Bio-protocol-1719,PMC6304991,low_conf,Bioimaging Technologies,data/gold/pmc_jats/PMC6304991.xml,y,n,n,no_body
Bio-protocol-1722,PMC6368334,low_conf,Model Organism-Specific Techniques,data/gold/pmc_jats/PMC6368334.xml,y,y,y,
Bio-protocol-1720,PMC6497318,low_conf,Cell Biology & Culture,data/gold/pmc_jats/PMC6497318.xml,y,y,y,
Bio-protocol-1726,PMC6476404,low_conf,Cell Biology & Culture,data/gold/pmc_jats/PMC6476404.xml,y,y,y,
Bio-protocol-1728,PMC6414680,low_conf,Bioimaging Technologies,data/gold/pmc_jats/PMC6414680.xml,y,y,y,
Bio-protocol-1734,PMC6176656,low_conf,Neuroscience Methods,data/gold/pmc_jats/PMC6176656.xml,y,y,y,
Bio-protocol-1735,PMC6589791,low_conf,Bioimaging Technologies,data/gold/pmc_jats/PMC6589791.xml,y,y,y,
Bio-protocol-1733,PMC6533017,low_conf,Plant Science & Technology,data/gold/pmc_jats/PMC6533017.xml,y,n,n,no_body
Bio-protocol-1736,PMC5572702,low_conf,Immunological Techniques,data/gold/pmc_jats/PMC5572702.xml,y,y,y,
Bio-protocol-1739,PMC6491486,low_conf,Cell Biology & Culture,data/gold/pmc_jats/PMC6491486.xml,n,n,n,no_xml_file
Bio-protocol-1740,PMC6347438,low_conf,Bioimaging Technologies,data/gold/pmc_jats/PMC6347438.xml,y,y,y,
Bio-protocol-1742,PMC6111083,low_conf,Model Organism-Specific Techniques,data/gold/pmc_jats/PMC6111083.xml,y,n,n,no_body
Bio-protocol-1743,PMC6491550,low_conf,Microbiology & Virology,data/gold/pmc_jats/PMC6491550.xml,y,y,y,
Bio-protocol-1737,PMC6343928,low_conf,Molecular Biology Techniques,data/gold/pmc_jats/PMC6343928.xml,y,y,n,no_methods
Bio-protocol-1745,PMC6373627,low_conf,Cell Biology & Culture,data/gold/pmc_jats/PMC6373627.xml,y,y,y,
Bio-protocol-1747,PMC4687092,low_conf,Microbiology & Virology,data/gold/pmc_jats/PMC4687092.xml,y,y,n,no_methods
Bio-protocol-1748,PMC6264636,low_conf,Biochemical & Molecular Functional Analysis,data/gold/pmc_jats/PMC6264636.xml,y,n,n,no_body
Bio-protocol-1741,PMC4921206,low_conf,Pharmacology & Drug Development,data/gold/pmc_jats/PMC4921206.xml,y,n,n,no_body
Bio-protocol-1756,PMC5023959,low_conf,Bioimaging Technologies,data/gold/pmc_jats/PMC5023959.xml,y,y,y,
Bio-protocol-1757,PMC5687723,low_conf,Molecular Biology Techniques,data/gold/pmc_jats/PMC5687723.xml,y,y,y,
Bio-protocol-1760,PMC6359625,low_conf,Cell Biology & Culture,data/gold/pmc_jats/PMC6359625.xml,y,y,y,
Bio-protocol-1758,PMC6382006,low_conf,Neuroscience Methods,data/gold/pmc_jats/PMC6382006.xml,y,n,n,no_body
Bio-protocol-1759,PMC6461251,low_conf,Plant Science & Technology,data/gold/pmc_jats/PMC6461251.xml,y,y,y,
Bio-protocol-1762,PMC6240378,low_conf,Immunological Techniques,data/gold/pmc_jats/PMC6240378.xml,y,y,y,
Bio-protocol-1765,PMC6377448,low_conf,Microbiology & Virology,data/gold/pmc_jats/PMC6377448.xml,y,y,y,
Bio-protocol-1764,PMC4291224,low_conf,Structural Biology Techniques,data/gold/pmc_jats/PMC4291224.xml,y,y,y,
Bio-protocol-1767,PMC6110321,low_conf,Histology Techniques,data/gold/pmc_jats/PMC6110321.xml,y,n,n,no_body
Bio-protocol-1770,PMC6355986,low_conf,Microbiology & Virology,data/gold/pmc_jats/PMC6355986.xml,y,y,y,
Bio-protocol-1772,PMC6433287,low_conf,Genomics Technologies,data/gold/pmc_jats/PMC6433287.xml,y,y,y,
Bio-protocol-1775,PMC6245667,low_conf,Biochemical & Molecular Functional Analysis,data/gold/pmc_jats/PMC6245667.xml,y,n,n,no_body
Bio-protocol-1776,PMC5243890,low_conf,Molecular Biology Techniques,data/gold/pmc_jats/PMC5243890.xml,y,y,y,
Bio-protocol-1780,PMC4921206,low_conf,Cell Biology & Culture,data/gold/pmc_jats/PMC4921206.xml,y,n,n,no_body
Bio-protocol-1778,PMC6391613,low_conf,Neuroscience Methods,data/gold/pmc_jats/PMC6391613.xml,y,y,y,
Bio-protocol-1781,PMC6335594,low_conf,Neuroscience Methods,data/gold/pmc_jats/PMC6335594.xml,y,y,y,
Bio-protocol-1784,PMC6563427,low_conf,Immunological Techniques,data/gold/pmc_jats/PMC6563427.xml,y,y,y,
Bio-protocol-1786,PMC6382577,low_conf,Genomics Technologies,data/gold/pmc_jats/PMC6382577.xml,y,n,n,no_body
Bio-protocol-1793,PMC4824099,low_conf,Microbiology & Virology,data/gold/pmc_jats/PMC4824099.xml,y,y,y,
Bio-protocol-1797,PMC6283864,low_conf,Neuroscience Methods,data/gold/pmc_jats/PMC6283864.xml,y,y,n,no_methods
Bio-protocol-1796,PMC6650268,low_conf,Immunological Techniques,data/gold/pmc_jats/PMC6650268.xml,y,y,y,
Bio-protocol-1798,PMC6340744,low_conf,Cell Biology & Culture,data/gold/pmc_jats/PMC6340744.xml,y,y,y,
Bio-protocol-1803,PMC6526957,low_conf,Model Organism-Specific Techniques,data/gold/pmc_jats/PMC6526957.xml,y,n,n,no_body
Bio-protocol-1802,PMC6263442,low_conf,Genomics Technologies,data/gold/pmc_jats/PMC6263442.xml,y,y,y,
Bio-protocol-1805,PMC6222133,low_conf,Bioimaging Technologies,data/gold/pmc_jats/PMC6222133.xml,y,y,y,
Bio-protocol-1812,PMC6340029,low_conf,Microbiology & Virology,data/gold/pmc_jats/PMC6340029.xml,y,n,n,no_body
Bio-protocol-1815,PMC6196517,low_conf,Microbiology & Virology,data/gold/pmc_jats/PMC6196517.xml,y,n,n,no_body
Bio-protocol-1817,PMC7473467,low_conf,Bioimaging Technologies,data/gold/pmc_jats/PMC7473467.xml,y,n,n,no_body
Bio-protocol-1819,PMC6294264,low_conf,Neuroscience Methods,data/gold/pmc_jats/PMC6294264.xml,y,y,y,
Bio-protocol-1818,PMC5983316,low_conf,Cell Biology & Culture,data/gold/pmc_jats/PMC5983316.xml,y,y,y,
Bio-protocol-1826,PMC6217807,low_conf,Cell Biology & Culture,data/gold/pmc_jats/PMC6217807.xml,y,n,n,no_body
Bio-protocol-1828,PMC4282465,low_conf,Bioinformatics Methods,data/gold/pmc_jats/PMC4282465.xml,y,y,y,
Bio-protocol-1829,PMC4811353,low_conf,Cell Biology & Culture,data/gold/pmc_jats/PMC4811353.xml,y,n,n,no_body
Bio-protocol-1835,PMC6544384,low_conf,Model Organism-Specific Techniques,data/gold/pmc_jats/PMC6544384.xml,y,n,n,no_body
Bio-protocol-1836,PMC6240711,low_conf,Model Organism-Specific Techniques,data/gold/pmc_jats/PMC6240711.xml,y,y,y,
Bio-protocol-1842,PMC6310109,low_conf,Microbiology & Virology,data/gold/pmc_jats/PMC6310109.xml,y,n,n,no_body
Bio-protocol-1845,PMC6267337,low_conf,Biochemical & Molecular Functional Analysis,data/gold/pmc_jats/PMC6267337.xml,y,y,y,
Bio-protocol-1844,PMC6298066,low_conf,Cell Biology & Culture,data/gold/pmc_jats/PMC6298066.xml,y,n,n,no_body
Bio-protocol-1843,PMC6106782,low_conf,Model Organism-Specific Techniques,data/gold/pmc_jats/PMC6106782.xml,y,y,y,
Bio-protocol-1848,PMC6117474,low_conf,Genomics Technologies,data/gold/pmc_jats/PMC6117474.xml,y,y,y,
Bio-protocol-1849,PMC6106088,low_conf,Microbiology & Virology,data/gold/pmc_jats/PMC6106088.xml,y,y,y,
Bio-protocol-1853,PMC6295233,low_conf,Genomics Technologies,data/gold/pmc_jats/PMC6295233.xml,y,n,n,no_body
Bio-protocol-1856,PMC5004905,low_conf,Neuroscience Methods,data/gold/pmc_jats/PMC5004905.xml,y,y,y,
Bio-protocol-1854,PMC4907486,low_conf,Microbiology & Virology,data/gold/pmc_jats/PMC4907486.xml,y,y,y,
Bio-protocol-1857,PMC6541019,low_conf,Cell Biology & Culture,data/gold/pmc_jats/PMC6541019.xml,y,y,y,
Bio-protocol-1858,PMC5864199,low_conf,Microbiology & Virology,data/gold/pmc_jats/PMC5864199.xml,y,n,n,no_body
Bio-protocol-1861,PMC5874515,low_conf,Neuroscience Methods,data/gold/pmc_jats/PMC5874515.xml,y,y,y,
Bio-protocol-1863,PMC5533705,low_conf,Neuroscience Methods,data/gold/pmc_jats/PMC5533705.xml,y,y,y,
Bio-protocol-1864,PMC5927993,low_conf,Bioimaging Technologies,data/gold/pmc_jats/PMC5927993.xml,y,y,y,
Bio-protocol-1862,PMC5462733,low_conf,Biochemical & Molecular Functional Analysis,data/gold/pmc_jats/PMC5462733.xml,y,y,y,
Bio-protocol-1865,PMC6199527,low_conf,Neuroscience Methods,data/gold/pmc_jats/PMC6199527.xml,y,y,y,
Bio-protocol-1867,PMC5412646,low_conf,Bioimaging Technologies,data/gold/pmc_jats/PMC5412646.xml,y,y,n,no_methods
Bio-protocol-1870,PMC5493969,low_conf,Structural Biology Techniques,data/gold/pmc_jats/PMC5493969.xml,n,n,n,no_xml_file
Bio-protocol-1877,PMC6130844,low_conf,Immunological Techniques,data/gold/pmc_jats/PMC6130844.xml,y,y,y,
Bio-protocol-1878,PMC6173696,low_conf,Biochemical & Molecular Functional Analysis,data/gold/pmc_jats/PMC6173696.xml,y,y,y,
Bio-protocol-1880,PMC5581164,low_conf,Molecular Biology Techniques,data/gold/pmc_jats/PMC5581164.xml,y,y,y,
Bio-protocol-1881,PMC6126724,low_conf,Plant Science & Technology,data/gold/pmc_jats/PMC6126724.xml,y,n,n,no_body
Bio-protocol-1885,PMC6138423,low_conf,Immunological Techniques,data/gold/pmc_jats/PMC6138423.xml,y,y,y,
Bio-protocol-1886,PMC5639361,low_conf,Plant Science & Technology,data/gold/pmc_jats/PMC5639361.xml,y,y,y,
Bio-protocol-1887,PMC5580984,low_conf,Molecular Biology Techniques,data/gold/pmc_jats/PMC5580984.xml,y,y,y,
Bio-protocol-1892,PMC6026752,low_conf,Microbiology & Virology,data/gold/pmc_jats/PMC6026752.xml,y,y,y,
Bio-protocol-1896,PMC6159981,low_conf,Cell Biology & Culture,data/gold/pmc_jats/PMC6159981.xml,y,n,n,no_body
Bio-protocol-1897,PMC6226462,low_conf,Neuroscience Methods,data/gold/pmc_jats/PMC6226462.xml,y,y,y,
Bio-protocol-1898,PMC6443042,low_conf,Microbiology & Virology,data/gold/pmc_jats/PMC6443042.xml,y,n,n,no_body
Bio-protocol-1899,PMC5505781,low_conf,Immunological Techniques,data/gold/pmc_jats/PMC5505781.xml,y,y,y,
Bio-protocol-1903,PMC6144958,low_conf,Plant Science & Technology,data/gold/pmc_jats/PMC6144958.xml,y,y,y,
Bio-protocol-1902,PMC5701507,low_conf,Molecular Biology Techniques,data/gold/pmc_jats/PMC5701507.xml,y,y,y,
Bio-protocol-1906,PMC6159981,low_conf,Cell Biology & Culture,data/gold/pmc_jats/PMC6159981.xml,y,n,n,no_body
Bio-protocol-1910,PMC6307736,low_conf,Biochemical & Molecular Functional Analysis,data/gold/pmc_jats/PMC6307736.xml,y,y,y,
Bio-protocol-1912,PMC6239192,low_conf,Molecular Biology Techniques,data/gold/pmc_jats/PMC6239192.xml,y,y,y,
Bio-protocol-1914,PMC6301145,low_conf,Immunological Techniques,data/gold/pmc_jats/PMC6301145.xml,y,y,y,
Bio-protocol-1913,PMC6160236,low_conf,Biochemical & Molecular Functional Analysis,data/gold/pmc_jats/PMC6160236.xml,y,y,y,
Bio-protocol-1915,PMC6053240,low_conf,Biochemical & Molecular Functional Analysis,data/gold/pmc_jats/PMC6053240.xml,y,y,y,
Bio-protocol-1920,PMC5410799,low_conf,Plant Science & Technology,data/gold/pmc_jats/PMC5410799.xml,y,n,n,no_body
Bio-protocol-1921,PMC5705755,low_conf,Immunological Techniques,data/gold/pmc_jats/PMC5705755.xml,y,y,y,
Bio-protocol-1919,PMC4294707,low_conf,Neuroscience Methods,data/gold/pmc_jats/PMC4294707.xml,y,n,n,no_body
Bio-protocol-1923,PMC6305975,low_conf,Plant Science & Technology,data/gold/pmc_jats/PMC6305975.xml,y,n,n,no_body
Bio-protocol-1929,PMC6232461,low_conf,Microbiology & Virology,data/gold/pmc_jats/PMC6232461.xml,y,n,n,no_body
Bio-protocol-1928,PMC6191426,low_conf,Plant Science & Technology,data/gold/pmc_jats/PMC6191426.xml,y,y,y,
Bio-protocol-1930,PMC5072740,low_conf,Neuroscience Methods,data/gold/pmc_jats/PMC5072740.xml,y,y,n,no_methods
Bio-protocol-1932,PMC4972447,low_conf,Microbiology & Virology,data/gold/pmc_jats/PMC4972447.xml,y,y,y,
Bio-protocol-1935,PMC6147510,low_conf,Microbiology & Virology,data/gold/pmc_jats/PMC6147510.xml,y,y,y,
Bio-protocol-1940,PMC6140461,low_conf,Biochemical & Molecular Functional Analysis,data/gold/pmc_jats/PMC6140461.xml,y,y,y,
Bio-protocol-1942,PMC6130049,low_conf,Genomics Technologies,data/gold/pmc_jats/PMC6130049.xml,y,y,y,
Bio-protocol-1943,PMC6067152,low_conf,Neuroscience Methods,data/gold/pmc_jats/PMC6067152.xml,y,y,y,
Bio-protocol-1944,PMC4927383,low_conf,Neuroscience Methods,data/gold/pmc_jats/PMC4927383.xml,y,n,n,no_body
Bio-protocol-1946,PMC6145312,low_conf,Cell Biology & Culture,data/gold/pmc_jats/PMC6145312.xml,y,y,y,
Bio-protocol-1947,PMC6205372,low_conf,Immunological Techniques,data/gold/pmc_jats/PMC6205372.xml,y,n,n,no_body
Bio-protocol-1950,PMC6205372,low_conf,Immunological Techniques,data/gold/pmc_jats/PMC6205372.xml,y,n,n,no_body
Bio-protocol-1951,PMC5419561,low_conf,Histology Techniques,data/gold/pmc_jats/PMC5419561.xml,y,y,y,
Bio-protocol-1956,PMC5517011,low_conf,Genomics Technologies,data/gold/pmc_jats/PMC5517011.xml,y,y,y,
Bio-protocol-1953,PMC5626405,low_conf,Immunological Techniques,data/gold/pmc_jats/PMC5626405.xml,y,y,y,
Bio-protocol-1962,PMC5948953,low_conf,Cell Biology & Culture,data/gold/pmc_jats/PMC5948953.xml,y,y,y,
Bio-protocol-1963,PMC5870690,low_conf,Microbiology & Virology,data/gold/pmc_jats/PMC5870690.xml,y,y,y,
Bio-protocol-1964,PMC4889147,low_conf,Cell Biology & Culture,data/gold/pmc_jats/PMC4889147.xml,y,y,y,
Bio-protocol-1971,PMC6154382,low_conf,Bioimaging Technologies,data/gold/pmc_jats/PMC6154382.xml,y,y,y,
Bio-protocol-1973,PMC6175926,low_conf,Model Organism-Specific Techniques,data/gold/pmc_jats/PMC6175926.xml,y,y,y,
Bio-protocol-1976,PMC5960331,low_conf,Biochemical & Molecular Functional Analysis,data/gold/pmc_jats/PMC5960331.xml,y,n,n,no_body
Bio-protocol-1977,PMC4349581,low_conf,Neuroscience Methods,data/gold/pmc_jats/PMC4349581.xml,y,y,y,
Bio-protocol-1980,PMC5834702,low_conf,Model Organism-Specific Techniques,data/gold/pmc_jats/PMC5834702.xml,y,y,y,
Bio-protocol-1979,PMC5206632,low_conf,Biochemical & Molecular Functional Analysis,data/gold/pmc_jats/PMC5206632.xml,y,y,y,
Bio-protocol-1984,PMC5939105,low_conf,Model Organism-Specific Techniques,data/gold/pmc_jats/PMC5939105.xml,y,n,n,no_body
Bio-protocol-1983,PMC5533706,low_conf,Model Organism-Specific Techniques,data/gold/pmc_jats/PMC5533706.xml,y,y,y,
Bio-protocol-1987,PMC5326826,low_conf,Histology Techniques,data/gold/pmc_jats/PMC5326826.xml,y,y,y,
Bio-protocol-1990,PMC3839733,low_conf,Model Organism-Specific Techniques,data/gold/pmc_jats/PMC3839733.xml,y,n,n,no_body
Bio-protocol-1989,PMC4507001,low_conf,Biochemical & Molecular Functional Analysis,data/gold/pmc_jats/PMC4507001.xml,y,y,y,
Bio-protocol-1998,PMC6117477,low_conf,Cell Biology & Culture,data/gold/pmc_jats/PMC6117477.xml,y,y,y,
Bio-protocol-1999,PMC5836505,low_conf,Model Organism-Specific Techniques,data/gold/pmc_jats/PMC5836505.xml,y,n,n,no_body
Bio-protocol-2001,PMC5778493,low_conf,Model Organism-Specific Techniques,data/gold/pmc_jats/PMC5778493.xml,y,y,y,
Bio-protocol-2003,PMC6102071,low_conf,Cell Biology & Culture,data/gold/pmc_jats/PMC6102071.xml,y,n,n,no_body
Bio-protocol-2005,PMC5877414,low_conf,Plant Science & Technology,data/gold/pmc_jats/PMC5877414.xml,y,n,n,no_body
Bio-protocol-2006,PMC6127316,low_conf,Molecular Biology Techniques,data/gold/pmc_jats/PMC6127316.xml,y,y,y,
Bio-protocol-2009,PMC6690060,low_conf,Immunological Techniques,data/gold/pmc_jats/PMC6690060.xml,y,n,n,no_body
Bio-protocol-2012,PMC8268627,low_conf,Cell Biology & Culture,data/gold/pmc_jats/PMC8268627.xml,y,y,y,
Bio-protocol-2014,PMC6007430,low_conf,Cell Biology & Culture,data/gold/pmc_jats/PMC6007430.xml,y,y,y,
Bio-protocol-2015,PMC6026742,low_conf,Immunological Techniques,data/gold/pmc_jats/PMC6026742.xml,y,n,n,no_body
Bio-protocol-2016,PMC7105029,low_conf,Microbiology & Virology,data/gold/pmc_jats/PMC7105029.xml,y,y,y,
Bio-protocol-2019,PMC5740648,low_conf,Model Organism-Specific Techniques,data/gold/pmc_jats/PMC5740648.xml,y,y,y,
Bio-protocol-2022,PMC5512226,low_conf,Microbiology & Virology,data/gold/pmc_jats/PMC5512226.xml,y,n,n,no_body
Bio-protocol-2028,PMC5974391,low_conf,Bioimaging Technologies,data/gold/pmc_jats/PMC5974391.xml,y,y,y,
Bio-protocol-2030,PMC6135571,low_conf,Plant Science & Technology,data/gold/pmc_jats/PMC6135571.xml,y,n,n,no_body
Bio-protocol-2033,PMC5501588,low_conf,Biochemical & Molecular Functional Analysis,data/gold/pmc_jats/PMC5501588.xml,y,y,y,
Bio-protocol-2034,PMC5757279,low_conf,Bioinformatics Methods,data/gold/pmc_jats/PMC5757279.xml,y,n,n,no_body
Bio-protocol-2032,PMC5096342,low_conf,Plant Science & Technology,data/gold/pmc_jats/PMC5096342.xml,y,y,y,
Bio-protocol-2043,PMC5903671,low_conf,Bioimaging Technologies,data/gold/pmc_jats/PMC5903671.xml,y,y,y,
Bio-protocol-2042,PMC5760624,low_conf,Biochemical & Molecular Functional Analysis,data/gold/pmc_jats/PMC5760624.xml,y,y,y,
Bio-protocol-2048,PMC3428077,low_conf,Pharmacology & Drug Development,data/gold/pmc_jats/PMC3428077.xml,y,n,n,no_body
Bio-protocol-2047,PMC5817281,low_conf,Neuroscience Methods,data/gold/pmc_jats/PMC5817281.xml,y,y,y,
Bio-protocol-2049,PMC5579394,low_conf,Immunological Techniques,data/gold/pmc_jats/PMC5579394.xml,y,n,n,no_body
Bio-protocol-2051,PMC4539932,low_conf,Cell Biology & Culture,data/gold/pmc_jats/PMC4539932.xml,y,y,y,
Bio-protocol-2052,PMC5707154,low_conf,Cell Biology & Culture,data/gold/pmc_jats/PMC5707154.xml,y,y,y,
Bio-protocol-2054,PMC5936623,low_conf,Model Organism-Specific Techniques,data/gold/pmc_jats/PMC5936623.xml,n,n,n,no_xml_file
Bio-protocol-2055,PMC5341387,low_conf,Neuroscience Methods,data/gold/pmc_jats/PMC5341387.xml,y,n,n,no_body
Bio-protocol-2053,PMC5971477,low_conf,Microbiology & Virology,data/gold/pmc_jats/PMC5971477.xml,y,n,n,no_body
Bio-protocol-2056,PMC5846061,low_conf,Cell Biology & Culture,data/gold/pmc_jats/PMC5846061.xml,y,y,y,
Bio-protocol-2057,PMC5910026,low_conf,Biochemical & Molecular Functional Analysis,data/gold/pmc_jats/PMC5910026.xml,y,n,n,no_body
Bio-protocol-2058,PMC4370790,low_conf,Cell Biology & Culture,data/gold/pmc_jats/PMC4370790.xml,y,n,n,no_body
Bio-protocol-2063,PMC3431157,low_conf,Microbiology & Virology,data/gold/pmc_jats/PMC3431157.xml,y,n,n,no_body
Bio-protocol-2061,PMC5699038,low_conf,Molecular Biology Techniques,data/gold/pmc_jats/PMC5699038.xml,y,y,y,
Bio-protocol-2064,PMC5641116,low_conf,Molecular Biology Techniques,data/gold/pmc_jats/PMC5641116.xml,y,y,y,
Bio-protocol-2065,PMC5476318,low_conf,Biochemical & Molecular Functional Analysis,data/gold/pmc_jats/PMC5476318.xml,y,n,n,no_body
Bio-protocol-2069,PMC5760097,low_conf,Microbiology & Virology,data/gold/pmc_jats/PMC5760097.xml,y,y,y,
Bio-protocol-2070,PMC5727179,low_conf,Neuroscience Methods,data/gold/pmc_jats/PMC5727179.xml,y,y,y,
Bio-protocol-2074,PMC5715749,low_conf,Model Organism-Specific Techniques,data/gold/pmc_jats/PMC5715749.xml,y,n,n,no_body
Bio-protocol-2075,PMC5785270,low_conf,Pharmacology & Drug Development,data/gold/pmc_jats/PMC5785270.xml,y,n,n,no_body
Bio-protocol-2076,PMC5623850,low_conf,Biochemical & Molecular Functional Analysis,data/gold/pmc_jats/PMC5623850.xml,y,n,n,no_body
Bio-protocol-2078,PMC5364375,low_conf,Model Organism-Specific Techniques,data/gold/pmc_jats/PMC5364375.xml,y,y,y,
Bio-protocol-2083,PMC5824873,low_conf,Histology Techniques,data/gold/pmc_jats/PMC5824873.xml,y,n,n,no_body
Bio-protocol-2084,PMC4558687,low_conf,Plant Science & Technology,data/gold/pmc_jats/PMC4558687.xml,y,n,n,no_body
Bio-protocol-2086,PMC4531360,low_conf,Plant Science & Technology,data/gold/pmc_jats/PMC4531360.xml,y,n,n,no_body
Bio-protocol-2089,PMC5364375,low_conf,Model Organism-Specific Techniques,data/gold/pmc_jats/PMC5364375.xml,y,y,y,
Bio-protocol-2091,PMC5794332,low_conf,Model Organism-Specific Techniques,data/gold/pmc_jats/PMC5794332.xml,y,y,y,
Bio-protocol-2090,PMC5987880,low_conf,Biochemical & Molecular Functional Analysis,data/gold/pmc_jats/PMC5987880.xml,y,y,y,
Bio-protocol-2092,PMC5794332,low_conf,Cell Biology & Culture,data/gold/pmc_jats/PMC5794332.xml,y,y,y,
Bio-protocol-2093,PMC5693361,low_conf,Molecular Biology Techniques,data/gold/pmc_jats/PMC5693361.xml,y,y,y,
Bio-protocol-2094,PMC5693351,low_conf,Model Organism-Specific Techniques,data/gold/pmc_jats/PMC5693351.xml,y,n,n,no_body
Bio-protocol-2103,PMC5615195,low_conf,Plant Science & Technology,data/gold/pmc_jats/PMC5615195.xml,y,y,y,
Bio-protocol-2096,PMC5854709,low_conf,Biochemical & Molecular Functional Analysis,data/gold/pmc_jats/PMC5854709.xml,y,y,y,
Bio-protocol-2106,PMC5773152,low_conf,Neuroscience Methods,data/gold/pmc_jats/PMC5773152.xml,y,y,y,
Bio-protocol-2108,PMC5192165,low_conf,Neuroscience Methods,data/gold/pmc_jats/PMC5192165.xml,y,y,y,
Bio-protocol-2110,PMC5919880,low_conf,Cell Biology & Culture,data/gold/pmc_jats/PMC5919880.xml,y,n,n,no_body
Bio-protocol-2112,PMC5827372,low_conf,Microbiology & Virology,data/gold/pmc_jats/PMC5827372.xml,y,n,n,no_body
Bio-protocol-2114,PMC5736804,low_conf,Microbiology & Virology,data/gold/pmc_jats/PMC5736804.xml,y,n,n,no_body
Bio-protocol-2117,PMC4821064,low_conf,Plant Science & Technology,data/gold/pmc_jats/PMC4821064.xml,y,y,y,
Bio-protocol-2120,PMC5653425,low_conf,Microbiology & Virology,data/gold/pmc_jats/PMC5653425.xml,y,n,n,no_body
Bio-protocol-2122,PMC3431157,low_conf,Microbiology & Virology,data/gold/pmc_jats/PMC3431157.xml,y,n,n,no_body
Bio-protocol-2119,PMC5758876,low_conf,Biochemical & Molecular Functional Analysis,data/gold/pmc_jats/PMC5758876.xml,y,y,y,
Bio-protocol-2123,PMC5462554,low_conf,Neuroscience Methods,data/gold/pmc_jats/PMC5462554.xml,y,y,y,
Bio-protocol-2126,PMC5827372,low_conf,Microbiology & Virology,data/gold/pmc_jats/PMC5827372.xml,y,n,n,no_body
Bio-protocol-2127,PMC5834202,low_conf,Model Organism-Specific Techniques,data/gold/pmc_jats/PMC5834202.xml,y,y,y,
Bio-protocol-2130,PMC5877927,low_conf,Plant Science & Technology,data/gold/pmc_jats/PMC5877927.xml,y,y,y,
Bio-protocol-2129,PMC5394308,low_conf,Biochemical & Molecular Functional Analysis,data/gold/pmc_jats/PMC5394308.xml,y,n,n,no_body
Bio-protocol-2131,PMC5364550,low_conf,Cell Biology & Culture,data/gold/pmc_jats/PMC5364550.xml,y,y,y,
Bio-protocol-2137,PMC5749500,low_conf,Cell Biology & Culture,data/gold/pmc_jats/PMC5749500.xml,y,n,n,no_body
Bio-protocol-2141,PMC5069595,low_conf,Plant Science & Technology,data/gold/pmc_jats/PMC5069595.xml,y,y,y,
Bio-protocol-2138,PMC5785808,low_conf,Biochemical & Molecular Functional Analysis,data/gold/pmc_jats/PMC5785808.xml,y,y,y,
Bio-protocol-2139,PMC5730775,low_conf,Microbiology & Virology,data/gold/pmc_jats/PMC5730775.xml,y,n,n,no_body
Bio-protocol-2140,PMC6140786,low_conf,Neuroscience Methods,data/gold/pmc_jats/PMC6140786.xml,y,n,n,no_body
Bio-protocol-2142,PMC5864096,low_conf,Neuroscience Methods,data/gold/pmc_jats/PMC5864096.xml,y,y,y,
Bio-protocol-2143,PMC5529328,low_conf,Molecular Biology Techniques,data/gold/pmc_jats/PMC5529328.xml,y,n,n,no_body
Bio-protocol-2148,PMC5730775,low_conf,Microbiology & Virology,data/gold/pmc_jats/PMC5730775.xml,y,n,n,no_body
Bio-protocol-2144,PMC5879711,low_conf,Plant Science & Technology,data/gold/pmc_jats/PMC5879711.xml,y,n,n,no_body
Bio-protocol-2153,PMC5816594,low_conf,Molecular Biology Techniques,data/gold/pmc_jats/PMC5816594.xml,y,y,y,
Bio-protocol-2156,PMC5972875,low_conf,Microbiology & Virology,data/gold/pmc_jats/PMC5972875.xml,y,n,n,no_body
Bio-protocol-2160,PMC5549931,low_conf,Model Organism-Specific Techniques,data/gold/pmc_jats/PMC5549931.xml,y,y,y,
Bio-protocol-2163,PMC5773162,low_conf,Cell Biology & Culture,data/gold/pmc_jats/PMC5773162.xml,y,y,y,
Bio-protocol-2167,PMC4470668,low_conf,Plant Science & Technology,data/gold/pmc_jats/PMC4470668.xml,y,y,y,
Bio-protocol-2165,PMC5720811,low_conf,Biochemical & Molecular Functional Analysis,data/gold/pmc_jats/PMC5720811.xml,y,y,y,
Bio-protocol-2169,PMC4887170,low_conf,Cell Biology & Culture,data/gold/pmc_jats/PMC4887170.xml,y,n,n,no_body
Bio-protocol-2172,PMC4389793,low_conf,Biochemical & Molecular Functional Analysis,data/gold/pmc_jats/PMC4389793.xml,y,y,y,
Bio-protocol-2175,PMC5825165,low_conf,Plant Science & Technology,data/gold/pmc_jats/PMC5825165.xml,y,y,y,
Bio-protocol-2177,PMC4904666,low_conf,Plant Science & Technology,data/gold/pmc_jats/PMC4904666.xml,y,n,n,no_body
Bio-protocol-2178,PMC5695122,low_conf,Bioimaging Technologies,data/gold/pmc_jats/PMC5695122.xml,y,n,n,no_body
Bio-protocol-2182,PMC5215325,low_conf,Microbiology & Virology,data/gold/pmc_jats/PMC5215325.xml,y,n,n,no_body
Bio-protocol-2181,PMC5761796,low_conf,Plant Science & Technology,data/gold/pmc_jats/PMC5761796.xml,y,n,n,no_body
Bio-protocol-2187,PMC5496963,low_conf,Plant Science & Technology,data/gold/pmc_jats/PMC5496963.xml,y,y,y,
Bio-protocol-2190,PMC5637163,low_conf,Biochemical & Molecular Functional Analysis,data/gold/pmc_jats/PMC5637163.xml,y,y,y,
Bio-protocol-2193,PMC4911708,low_conf,Biochemical & Molecular Functional Analysis,data/gold/pmc_jats/PMC4911708.xml,y,n,n,no_body
Bio-protocol-2194,PMC4911708,low_conf,Biochemical & Molecular Functional Analysis,data/gold/pmc_jats/PMC4911708.xml,y,n,n,no_body
Bio-protocol-2201,PMC5645514,low_conf,Neuroscience Methods,data/gold/pmc_jats/PMC5645514.xml,y,y,y,
Bio-protocol-2204,PMC5875868,low_conf,Plant Science & Technology,data/gold/pmc_jats/PMC5875868.xml,y,y,y,
Bio-protocol-2205,PMC5783319,low_conf,Immunological Techniques,data/gold/pmc_jats/PMC5783319.xml,y,n,n,no_body
Bio-protocol-2207,PMC5760624,low_conf,Biochemical & Molecular Functional Analysis,data/gold/pmc_jats/PMC5760624.xml,y,y,y,
Bio-protocol-2209,PMC5626998,low_conf,Microbiology & Virology,data/gold/pmc_jats/PMC5626998.xml,y,n,n,no_body
Bio-protocol-2212,PMC4643399,low_conf,Bioimaging Technologies,data/gold/pmc_jats/PMC4643399.xml,y,y,y,
Bio-protocol-2217,PMC5399092,low_conf,Plant Science & Technology,data/gold/pmc_jats/PMC5399092.xml,y,y,y,
Bio-protocol-2222,PMC5147768,low_conf,Genomics Technologies,data/gold/pmc_jats/PMC5147768.xml,y,y,y,
Bio-protocol-2218,PMC5607217,low_conf,Cell Biology & Culture,data/gold/pmc_jats/PMC5607217.xml,y,y,y,
Bio-protocol-2219,PMC5675896,low_conf,Plant Science & Technology,data/gold/pmc_jats/PMC5675896.xml,y,y,y,
Bio-protocol-2224,PMC5422712,low_conf,Cell Biology & Culture,data/gold/pmc_jats/PMC5422712.xml,y,y,y,
Bio-protocol-2225,PMC5406782,low_conf,Plant Science & Technology,data/gold/pmc_jats/PMC5406782.xml,y,y,y,
Bio-protocol-2233,PMC5665483,low_conf,Cell Biology & Culture,data/gold/pmc_jats/PMC5665483.xml,y,y,y,
Bio-protocol-2236,PMC5714215,low_conf,Genomics Technologies,data/gold/pmc_jats/PMC5714215.xml,y,y,y,
Bio-protocol-2240,PMC5404533,low_conf,Microbiology & Virology,data/gold/pmc_jats/PMC5404533.xml,y,n,n,no_body
Bio-protocol-2243,PMC5617244,low_conf,Neuroscience Methods,data/gold/pmc_jats/PMC5617244.xml,y,n,n,no_body
Bio-protocol-2241,PMC5679266,low_conf,Immunological Techniques,data/gold/pmc_jats/PMC5679266.xml,y,n,n,no_body
Bio-protocol-2245,PMC5714502,low_conf,Cell Biology & Culture,data/gold/pmc_jats/PMC5714502.xml,y,y,y,
Bio-protocol-2248,PMC6353900,low_conf,Immunological Techniques,data/gold/pmc_jats/PMC6353900.xml,y,y,y,
Bio-protocol-2247,PMC4345613,low_conf,Microbiology & Virology,data/gold/pmc_jats/PMC4345613.xml,y,n,n,no_body
Bio-protocol-2246,PMC5373366,low_conf,Plant Science & Technology,data/gold/pmc_jats/PMC5373366.xml,y,n,n,no_body
Bio-protocol-2251,PMC5255614,low_conf,Plant Science & Technology,data/gold/pmc_jats/PMC5255614.xml,y,n,n,no_body
Bio-protocol-2255,PMC4766004,low_conf,Cell Biology & Culture,data/gold/pmc_jats/PMC4766004.xml,y,n,n,no_body
Bio-protocol-2258,PMC5700329,low_conf,Biochemical & Molecular Functional Analysis,data/gold/pmc_jats/PMC5700329.xml,y,n,n,no_body
Bio-protocol-2257,PMC5392372,low_conf,Cell Biology & Culture,data/gold/pmc_jats/PMC5392372.xml,y,n,n,no_body
Bio-protocol-2254,PMC5636676,low_conf,Cell Biology & Culture,data/gold/pmc_jats/PMC5636676.xml,y,n,n,no_body
Bio-protocol-2264,PMC5587780,low_conf,Bioimaging Technologies,data/gold/pmc_jats/PMC5587780.xml,y,y,y,
Bio-protocol-2263,PMC5587780,low_conf,Molecular Biology Techniques,data/gold/pmc_jats/PMC5587780.xml,y,y,y,
Bio-protocol-2273,PMC4794354,low_conf,Cell Biology & Culture,data/gold/pmc_jats/PMC4794354.xml,y,n,n,no_body
Bio-protocol-2275,PMC5483463,low_conf,Biochemical & Molecular Functional Analysis,data/gold/pmc_jats/PMC5483463.xml,y,y,y,
Bio-protocol-2277,PMC5478201,low_conf,Model Organism-Specific Techniques,data/gold/pmc_jats/PMC5478201.xml,y,y,y,
Bio-protocol-2274,PMC5642705,low_conf,Immunological Techniques,data/gold/pmc_jats/PMC5642705.xml,y,n,n,no_body
Bio-protocol-2276,PMC5698466,low_conf,Microbiology & Virology,data/gold/pmc_jats/PMC5698466.xml,y,y,y,
Bio-protocol-2279,PMC5536929,low_conf,Cell Biology & Culture,data/gold/pmc_jats/PMC5536929.xml,y,n,n,no_body
Bio-protocol-2280,PMC5743223,low_conf,Cell Biology & Culture,data/gold/pmc_jats/PMC5743223.xml,y,y,y,
Bio-protocol-2283,PMC3711469,low_conf,Cell Biology & Culture,data/gold/pmc_jats/PMC3711469.xml,y,n,n,no_body
Bio-protocol-2284,PMC4626903,low_conf,Microbiology & Virology,data/gold/pmc_jats/PMC4626903.xml,y,n,n,no_body
Bio-protocol-2282,PMC3711469,low_conf,Cell Biology & Culture,data/gold/pmc_jats/PMC3711469.xml,y,n,n,no_body
Bio-protocol-2290,PMC4754536,low_conf,Molecular Biology Techniques,data/gold/pmc_jats/PMC4754536.xml,y,n,n,no_body
Bio-protocol-2286,PMC5587910,low_conf,Molecular Biology Techniques,data/gold/pmc_jats/PMC5587910.xml,y,y,y,
Bio-protocol-2291,PMC5658190,low_conf,Plant Science & Technology,data/gold/pmc_jats/PMC5658190.xml,y,y,y,
Bio-protocol-2289,PMC6879319,low_conf,Molecular Biology Techniques,data/gold/pmc_jats/PMC6879319.xml,y,n,n,no_body
Bio-protocol-2298,PMC4001389,low_conf,Plant Science & Technology,data/gold/pmc_jats/PMC4001389.xml,y,n,n,no_body
Bio-protocol-2300,PMC4776014,low_conf,Pharmacology & Drug Development,data/gold/pmc_jats/PMC4776014.xml,y,n,n,no_body
Bio-protocol-2303,PMC5634646,low_conf,Microbiology & Virology,data/gold/pmc_jats/PMC5634646.xml,y,y,y,
Bio-protocol-2302,PMC3847706,low_conf,Molecular Biology Techniques,data/gold/pmc_jats/PMC3847706.xml,y,y,y,
Bio-protocol-2301,PMC5698466,low_conf,Microbiology & Virology,data/gold/pmc_jats/PMC5698466.xml,y,y,y,
Bio-protocol-2305,PMC5007503,low_conf,Biochemical & Molecular Functional Analysis,data/gold/pmc_jats/PMC5007503.xml,y,y,y,
Bio-protocol-2307,PMC4618082,low_conf,Cell Biology & Culture,data/gold/pmc_jats/PMC4618082.xml,y,n,n,no_body
Bio-protocol-2311,PMC5579393,low_conf,Molecular Biology Techniques,data/gold/pmc_jats/PMC5579393.xml,y,n,n,no_body
Bio-protocol-2314,PMC4701545,low_conf,Bioimaging Technologies,data/gold/pmc_jats/PMC4701545.xml,y,n,n,no_body
Bio-protocol-2317,PMC5397569,low_conf,Molecular Biology Techniques,data/gold/pmc_jats/PMC5397569.xml,y,y,y,
Bio-protocol-2316,PMC5096908,low_conf,Cell Biology & Culture,data/gold/pmc_jats/PMC5096908.xml,y,n,n,no_body
Bio-protocol-2318,PMC4886785,low_conf,Microbiology & Virology,data/gold/pmc_jats/PMC4886785.xml,y,n,n,no_body
Bio-protocol-2319,PMC5483463,low_conf,Microbiology & Virology,data/gold/pmc_jats/PMC5483463.xml,y,y,y,
Bio-protocol-2321,PMC5590496,low_conf,Plant Science & Technology,data/gold/pmc_jats/PMC5590496.xml,y,n,n,no_body
Bio-protocol-2323,PMC5601338,low_conf,Microbiology & Virology,data/gold/pmc_jats/PMC5601338.xml,y,n,n,no_body
Bio-protocol-2324,PMC5407633,low_conf,Plant Science & Technology,data/gold/pmc_jats/PMC5407633.xml,y,y,y,
Bio-protocol-2328,PMC5568444,low_conf,Neuroscience Methods,data/gold/pmc_jats/PMC5568444.xml,y,y,y,
Bio-protocol-2327,PMC5440049,low_conf,Microbiology & Virology,data/gold/pmc_jats/PMC5440049.xml,y,y,y,
Bio-protocol-2329,PMC5461410,low_conf,Microbiology & Virology,data/gold/pmc_jats/PMC5461410.xml,y,y,y,
Bio-protocol-2331,PMC4676538,low_conf,Model Organism-Specific Techniques,data/gold/pmc_jats/PMC4676538.xml,y,n,n,no_body
Bio-protocol-2330,PMC4676538,low_conf,Model Organism-Specific Techniques,data/gold/pmc_jats/PMC4676538.xml,y,n,n,no_body
Bio-protocol-2332,PMC5602116,low_conf,Biochemical & Molecular Functional Analysis,data/gold/pmc_jats/PMC5602116.xml,y,y,y,
Bio-protocol-2336,PMC5556974,low_conf,Biochemical & Molecular Functional Analysis,data/gold/pmc_jats/PMC5556974.xml,y,n,n,no_body
Bio-protocol-2335,PMC5656322,low_conf,Plant Science & Technology,data/gold/pmc_jats/PMC5656322.xml,y,y,y,
Bio-protocol-2337,PMC5599229,low_conf,Molecular Biology Techniques,data/gold/pmc_jats/PMC5599229.xml,y,y,y,
Bio-protocol-2338,PMC5448231,low_conf,Molecular Biology Techniques,data/gold/pmc_jats/PMC5448231.xml,y,n,n,no_body
Bio-protocol-2339,PMC5338446,low_conf,Cell Biology & Culture,data/gold/pmc_jats/PMC5338446.xml,y,n,n,no_body
Bio-protocol-2342,PMC5447368,low_conf,Neuroscience Methods,data/gold/pmc_jats/PMC5447368.xml,y,y,y,
Bio-protocol-2344,PMC5776457,low_conf,Microbiology & Virology,data/gold/pmc_jats/PMC5776457.xml,y,n,n,no_body
Bio-protocol-2343,PMC5442880,low_conf,Bioimaging Technologies,data/gold/pmc_jats/PMC5442880.xml,y,n,n,no_body
Bio-protocol-2346,PMC3160146,low_conf,Plant Science & Technology,data/gold/pmc_jats/PMC3160146.xml,y,y,y,
Bio-protocol-2351,PMC5561281,low_conf,Microbiology & Virology,data/gold/pmc_jats/PMC5561281.xml,y,n,n,no_body
Bio-protocol-2350,PMC5513536,low_conf,Genomics Technologies,data/gold/pmc_jats/PMC5513536.xml,y,y,y,
Bio-protocol-2354,PMC5559271,low_conf,Neuroscience Methods,data/gold/pmc_jats/PMC5559271.xml,y,y,y,
Bio-protocol-2358,PMC5538770,low_conf,Cell Biology & Culture,data/gold/pmc_jats/PMC5538770.xml,y,n,n,no_body
Bio-protocol-2357,PMC5626723,low_conf,Model Organism-Specific Techniques,data/gold/pmc_jats/PMC5626723.xml,y,y,y,
Bio-protocol-2359,PMC5244351,low_conf,Microbiology & Virology,data/gold/pmc_jats/PMC5244351.xml,y,n,n,no_body
Bio-protocol-2356,PMC5499592,low_conf,Molecular Biology Techniques,data/gold/pmc_jats/PMC5499592.xml,y,y,y,
Bio-protocol-2364,PMC5737702,low_conf,Biochemical & Molecular Functional Analysis,data/gold/pmc_jats/PMC5737702.xml,y,y,y,
Bio-protocol-2363,PMC5435356,low_conf,Molecular Biology Techniques,data/gold/pmc_jats/PMC5435356.xml,y,y,y,
Bio-protocol-2367,PMC3131330,low_conf,Neuroscience Methods,data/gold/pmc_jats/PMC3131330.xml,y,n,n,no_body
Bio-protocol-2371,PMC4722987,low_conf,Molecular Biology Techniques,data/gold/pmc_jats/PMC4722987.xml,y,y,y,
Bio-protocol-2372,PMC5568444,low_conf,Toxicology & Safety Testing,data/gold/pmc_jats/PMC5568444.xml,y,y,y,
Bio-protocol-2374,PMC5505317,low_conf,Immunological Techniques,data/gold/pmc_jats/PMC5505317.xml,y,y,y,
Bio-protocol-2373,PMC5599791,low_conf,Plant Science & Technology,data/gold/pmc_jats/PMC5599791.xml,y,n,n,no_body
Bio-protocol-2376,PMC5435427,low_conf,Plant Science & Technology,data/gold/pmc_jats/PMC5435427.xml,y,n,n,no_body
Bio-protocol-2377,PMC4855944,low_conf,Immunological Techniques,data/gold/pmc_jats/PMC4855944.xml,y,n,n,no_body
Bio-protocol-2378,PMC5573086,low_conf,Biochemical & Molecular Functional Analysis,data/gold/pmc_jats/PMC5573086.xml,y,n,n,no_body
Bio-protocol-2379,PMC4475948,low_conf,Molecular Biology Techniques,data/gold/pmc_jats/PMC4475948.xml,y,n,n,no_body
Bio-protocol-2383,PMC5175184,low_conf,Microbiology & Virology,data/gold/pmc_jats/PMC5175184.xml,y,y,y,
Bio-protocol-2384,PMC4810514,low_conf,Genomics Technologies,data/gold/pmc_jats/PMC4810514.xml,y,y,y,
Bio-protocol-2394,PMC5931224,low_conf,Neuroscience Methods,data/gold/pmc_jats/PMC5931224.xml,y,y,y,
Bio-protocol-2392,PMC5490902,low_conf,Plant Science & Technology,data/gold/pmc_jats/PMC5490902.xml,y,n,n,no_body
Bio-protocol-2391,PMC5410607,low_conf,Neuroscience Methods,data/gold/pmc_jats/PMC5410607.xml,y,y,y,
Bio-protocol-2395,PMC5931224,low_conf,Neuroscience Methods,data/gold/pmc_jats/PMC5931224.xml,y,y,y,
Bio-protocol-2401,PMC2866658,low_conf,Cell Biology & Culture,data/gold/pmc_jats/PMC2866658.xml,y,y,y,
Bio-protocol-2403,PMC5414004,low_conf,Cell Biology & Culture,data/gold/pmc_jats/PMC5414004.xml,y,y,y,
Bio-protocol-2407,PMC4788239,low_conf,Bioimaging Technologies,data/gold/pmc_jats/PMC4788239.xml,y,n,n,no_body
Bio-protocol-2405,PMC5596468,low_conf,Plant Science & Technology,data/gold/pmc_jats/PMC5596468.xml,y,y,y,
Bio-protocol-2408,PMC4735556,low_conf,Plant Science & Technology,data/gold/pmc_jats/PMC4735556.xml,y,y,y,
Bio-protocol-2411,PMC5391109,low_conf,Immunological Techniques,data/gold/pmc_jats/PMC5391109.xml,y,y,y,
Bio-protocol-2412,PMC5411159,low_conf,Plant Science & Technology,data/gold/pmc_jats/PMC5411159.xml,y,n,n,no_body
Bio-protocol-2409,PMC4802314,low_conf,Model Organism-Specific Techniques,data/gold/pmc_jats/PMC4802314.xml,y,y,y,
Bio-protocol-2414,PMC5488920,low_conf,Molecular Biology Techniques,data/gold/pmc_jats/PMC5488920.xml,y,n,n,no_body
Bio-protocol-2415,PMC5500998,low_conf,Model Organism-Specific Techniques,data/gold/pmc_jats/PMC5500998.xml,y,y,y,
Bio-protocol-2416,PMC5479132,low_conf,Biochemical & Molecular Functional Analysis,data/gold/pmc_jats/PMC5479132.xml,y,n,n,no_body
Bio-protocol-2423,PMC5533861,low_conf,Model Organism-Specific Techniques,data/gold/pmc_jats/PMC5533861.xml,y,y,y,
Bio-protocol-2422,PMC5383330,low_conf,Microbiology & Virology,data/gold/pmc_jats/PMC5383330.xml,y,y,y,
Bio-protocol-2426,PMC4864890,low_conf,Cell Biology & Culture,data/gold/pmc_jats/PMC4864890.xml,y,y,y,
Bio-protocol-2430,PMC4810687,low_conf,Microbiology & Virology,data/gold/pmc_jats/PMC4810687.xml,y,n,n,no_body
Bio-protocol-2431,PMC4810687,low_conf,Microbiology & Virology,data/gold/pmc_jats/PMC4810687.xml,y,n,n,no_body
Bio-protocol-2436,PMC5383330,low_conf,Bioimaging Technologies,data/gold/pmc_jats/PMC5383330.xml,y,y,y,
Bio-protocol-2433,PMC5484087,low_conf,Neuroscience Methods,data/gold/pmc_jats/PMC5484087.xml,y,n,n,no_body
Bio-protocol-2432,PMC5484087,low_conf,Neuroscience Methods,data/gold/pmc_jats/PMC5484087.xml,y,n,n,no_body
Bio-protocol-2434,PMC5596342,low_conf,Molecular Biology Techniques,data/gold/pmc_jats/PMC5596342.xml,y,y,y,
Bio-protocol-2441,PMC5505971,low_conf,Neuroscience Methods,data/gold/pmc_jats/PMC5505971.xml,y,y,y,
Bio-protocol-2440,PMC4916379,low_conf,Microbiology & Virology,data/gold/pmc_jats/PMC4916379.xml,y,y,y,
Bio-protocol-2443,PMC5404680,low_conf,Molecular Biology Techniques,data/gold/pmc_jats/PMC5404680.xml,y,y,y,
Bio-protocol-2445,PMC5452807,low_conf,Microbiology & Virology,data/gold/pmc_jats/PMC5452807.xml,y,n,n,no_body
Bio-protocol-2447,PMC5807080,low_conf,Biochemical & Molecular Functional Analysis,data/gold/pmc_jats/PMC5807080.xml,y,y,y,
Bio-protocol-2449,PMC5466031,low_conf,Bioimaging Technologies,data/gold/pmc_jats/PMC5466031.xml,y,n,n,no_body
Bio-protocol-2452,PMC5544745,low_conf,Model Organism-Specific Techniques,data/gold/pmc_jats/PMC5544745.xml,y,y,y,
Bio-protocol-2453,PMC5599771,low_conf,Immunological Techniques,data/gold/pmc_jats/PMC5599771.xml,y,n,n,no_body
Bio-protocol-2454,PMC5435421,low_conf,Plant Science & Technology,data/gold/pmc_jats/PMC5435421.xml,y,n,n,no_body
Bio-protocol-2455,PMC4869002,low_conf,Biochemical & Molecular Functional Analysis,data/gold/pmc_jats/PMC4869002.xml,y,y,y,
Bio-protocol-2465,PMC5394322,low_conf,Biochemical & Molecular Functional Analysis,data/gold/pmc_jats/PMC5394322.xml,y,n,n,no_body
Bio-protocol-2464,PMC5101802,low_conf,Microbiology & Virology,data/gold/pmc_jats/PMC5101802.xml,y,y,y,
Bio-protocol-2466,PMC5500998,low_conf,Model Organism-Specific Techniques,data/gold/pmc_jats/PMC5500998.xml,y,y,y,
Bio-protocol-2468,PMC5414355,low_conf,Plant Science & Technology,data/gold/pmc_jats/PMC5414355.xml,y,y,y,
Bio-protocol-2469,PMC5478883,low_conf,Plant Science & Technology,data/gold/pmc_jats/PMC5478883.xml,y,y,y,
Bio-protocol-2471,PMC5572139,low_conf,Immunological Techniques,data/gold/pmc_jats/PMC5572139.xml,y,y,y,
Bio-protocol-2472,PMC5425658,low_conf,Cell Biology & Culture,data/gold/pmc_jats/PMC5425658.xml,y,y,y,
Bio-protocol-2470,PMC5766003,low_conf,Cell Biology & Culture,data/gold/pmc_jats/PMC5766003.xml,y,n,n,no_body
Bio-protocol-2473,PMC4704589,low_conf,Plant Science & Technology,data/gold/pmc_jats/PMC4704589.xml,y,n,n,no_body
Bio-protocol-2474,PMC4704589,low_conf,Plant Science & Technology,data/gold/pmc_jats/PMC4704589.xml,y,n,n,no_body
Bio-protocol-2475,PMC4704589,low_conf,Plant Science & Technology,data/gold/pmc_jats/PMC4704589.xml,y,n,n,no_body
Bio-protocol-2477,PMC5506426,low_conf,Biochemical & Molecular Functional Analysis,data/gold/pmc_jats/PMC5506426.xml,y,y,y,
Bio-protocol-2476,PMC5263257,low_conf,Microbiology & Virology,data/gold/pmc_jats/PMC5263257.xml,y,y,y,
Bio-protocol-2478,PMC4972258,low_conf,Plant Science & Technology,data/gold/pmc_jats/PMC4972258.xml,y,n,n,no_body
Bio-protocol-2479,PMC5135375,low_conf,Cell Biology & Culture,data/gold/pmc_jats/PMC5135375.xml,y,n,n,no_body
Bio-protocol-2483,PMC5349695,low_conf,Bioimaging Technologies,data/gold/pmc_jats/PMC5349695.xml,y,y,y,
Bio-protocol-2484,PMC5478883,low_conf,Plant Science & Technology,data/gold/pmc_jats/PMC5478883.xml,y,y,y,
Bio-protocol-2489,PMC5431616,low_conf,Cell Biology & Culture,data/gold/pmc_jats/PMC5431616.xml,y,y,y,
Bio-protocol-2488,PMC3182769,low_conf,Immunological Techniques,data/gold/pmc_jats/PMC3182769.xml,y,n,n,no_body
Bio-protocol-2490,PMC5540929,low_conf,Cell Biology & Culture,data/gold/pmc_jats/PMC5540929.xml,y,y,y,
Bio-protocol-2491,PMC4900624,low_conf,Model Organism-Specific Techniques,data/gold/pmc_jats/PMC4900624.xml,y,y,y,
Bio-protocol-2493,PMC5370414,low_conf,Microbiology & Virology,data/gold/pmc_jats/PMC5370414.xml,y,n,n,no_body
Bio-protocol-2496,PMC5210085,low_conf,Neuroscience Methods,data/gold/pmc_jats/PMC5210085.xml,y,n,n,no_body
Bio-protocol-2497,PMC5287397,low_conf,Microbiology & Virology,data/gold/pmc_jats/PMC5287397.xml,y,n,n,no_body
Bio-protocol-2498,PMC5331806,low_conf,Cell Biology & Culture,data/gold/pmc_jats/PMC5331806.xml,y,n,n,no_body
Bio-protocol-2502,PMC5210085,low_conf,Neuroscience Methods,data/gold/pmc_jats/PMC5210085.xml,y,n,n,no_body
Bio-protocol-2499,PMC5435424,low_conf,Biochemical & Molecular Functional Analysis,data/gold/pmc_jats/PMC5435424.xml,y,n,n,no_body
Bio-protocol-2501,PMC4877573,low_conf,Plant Science & Technology,data/gold/pmc_jats/PMC4877573.xml,y,y,y,
Bio-protocol-2504,PMC5409830,low_conf,Model Organism-Specific Techniques,data/gold/pmc_jats/PMC5409830.xml,y,n,n,no_body
Bio-protocol-2505,PMC5409830,low_conf,Cell Biology & Culture,data/gold/pmc_jats/PMC5409830.xml,y,n,n,no_body
Bio-protocol-2509,PMC5224473,low_conf,Bioinformatics Methods,data/gold/pmc_jats/PMC5224473.xml,y,y,y,
Bio-protocol-2508,PMC5338678,low_conf,Biochemical & Molecular Functional Analysis,data/gold/pmc_jats/PMC5338678.xml,y,n,n,no_body
Bio-protocol-2507,PMC5050455,low_conf,Neuroscience Methods,data/gold/pmc_jats/PMC5050455.xml,y,y,y,
Bio-protocol-2506,PMC5121945,low_conf,Molecular Biology Techniques,data/gold/pmc_jats/PMC5121945.xml,y,y,y,
Bio-protocol-2512,PMC5461005,low_conf,Immunological Techniques,data/gold/pmc_jats/PMC5461005.xml,y,y,y,
Bio-protocol-2517,PMC5451546,low_conf,Molecular Biology Techniques,data/gold/pmc_jats/PMC5451546.xml,y,y,y,
Bio-protocol-2514,PMC5446062,low_conf,Model Organism-Specific Techniques,data/gold/pmc_jats/PMC5446062.xml,y,n,n,no_body
Bio-protocol-2515,PMC5199715,low_conf,Cell Biology & Culture,data/gold/pmc_jats/PMC5199715.xml,y,n,n,no_body
Bio-protocol-2518,PMC5413328,low_conf,Microbiology & Virology,data/gold/pmc_jats/PMC5413328.xml,y,y,y,
Bio-protocol-2519,PMC5737561,low_conf,Molecular Biology Techniques,data/gold/pmc_jats/PMC5737561.xml,y,y,y,
Bio-protocol-2522,PMC5355646,low_conf,Neuroscience Methods,data/gold/pmc_jats/PMC5355646.xml,y,y,y,
Bio-protocol-2523,PMC5366128,low_conf,Bioimaging Technologies,data/gold/pmc_jats/PMC5366128.xml,y,y,y,
Bio-protocol-2525,PMC5521747,low_conf,Model Organism-Specific Techniques,data/gold/pmc_jats/PMC5521747.xml,y,y,y,
Bio-protocol-2526,PMC4944277,low_conf,Neuroscience Methods,data/gold/pmc_jats/PMC4944277.xml,y,n,n,no_body
Bio-protocol-2527,PMC5472818,low_conf,Molecular Biology Techniques,data/gold/pmc_jats/PMC5472818.xml,y,n,n,no_body
Bio-protocol-2531,PMC5103875,low_conf,Biochemical & Molecular Functional Analysis,data/gold/pmc_jats/PMC5103875.xml,y,y,y,
Bio-protocol-2529,PMC4466887,low_conf,Immunological Techniques,data/gold/pmc_jats/PMC4466887.xml,y,y,y,
Bio-protocol-2530,PMC5288368,low_conf,Neuroscience Methods,data/gold/pmc_jats/PMC5288368.xml,y,y,y,
Bio-protocol-2532,PMC5462037,low_conf,Plant Science & Technology,data/gold/pmc_jats/PMC5462037.xml,y,n,n,no_body
Bio-protocol-2534,PMC5063192,low_conf,Plant Science & Technology,data/gold/pmc_jats/PMC5063192.xml,y,y,y,
Bio-protocol-2537,PMC5428321,low_conf,Model Organism-Specific Techniques,data/gold/pmc_jats/PMC5428321.xml,y,y,y,
Bio-protocol-2539,PMC5008812,low_conf,Histology Techniques,data/gold/pmc_jats/PMC5008812.xml,y,y,y,
Bio-protocol-2540,PMC5135584,low_conf,Cell Biology & Culture,data/gold/pmc_jats/PMC5135584.xml,y,n,n,no_body
Bio-protocol-2538,PMC5210122,low_conf,Biochemical & Molecular Functional Analysis,data/gold/pmc_jats/PMC5210122.xml,y,n,n,no_body
Bio-protocol-2548,PMC5281608,low_conf,Neuroscience Methods,data/gold/pmc_jats/PMC5281608.xml,y,y,y,
Bio-protocol-2545,PMC5848212,low_conf,Molecular Biology Techniques,data/gold/pmc_jats/PMC5848212.xml,y,n,n,no_body
Bio-protocol-2546,PMC5371381,low_conf,Microbiology & Virology,data/gold/pmc_jats/PMC5371381.xml,y,y,y,
Bio-protocol-2547,PMC4054383,low_conf,Cell Biology & Culture,data/gold/pmc_jats/PMC4054383.xml,y,n,n,no_body
Bio-protocol-2551,PMC5100766,low_conf,Plant Science & Technology,data/gold/pmc_jats/PMC5100766.xml,y,n,n,no_body
Bio-protocol-2552,PMC5466027,low_conf,Plant Science & Technology,data/gold/pmc_jats/PMC5466027.xml,y,n,n,no_body
Bio-protocol-2553,PMC5484615,low_conf,Neuroscience Methods,data/gold/pmc_jats/PMC5484615.xml,y,y,y,
Bio-protocol-2557,PMC5171832,low_conf,Molecular Biology Techniques,data/gold/pmc_jats/PMC5171832.xml,y,y,y,
Bio-protocol-2561,PMC5462037,low_conf,Plant Science & Technology,data/gold/pmc_jats/PMC5462037.xml,y,n,n,no_body
Bio-protocol-2562,PMC5291047,low_conf,Plant Science & Technology,data/gold/pmc_jats/PMC5291047.xml,y,n,n,no_body
Bio-protocol-2564,PMC4507197,low_conf,Plant Science & Technology,data/gold/pmc_jats/PMC4507197.xml,y,n,n,no_body
Bio-protocol-2565,PMC4909225,low_conf,Microbiology & Virology,data/gold/pmc_jats/PMC4909225.xml,y,y,y,
Bio-protocol-2568,PMC5373496,low_conf,Structural Biology Techniques,data/gold/pmc_jats/PMC5373496.xml,y,n,n,no_body
Bio-protocol-2570,PMC5134989,low_conf,Plant Science & Technology,data/gold/pmc_jats/PMC5134989.xml,y,n,n,no_body
Bio-protocol-2573,PMC5337620,low_conf,Immunological Techniques,data/gold/pmc_jats/PMC5337620.xml,y,y,y,
Bio-protocol-2574,PMC4938667,low_conf,Molecular Biology Techniques,data/gold/pmc_jats/PMC4938667.xml,y,y,y,
Bio-protocol-2576,PMC4748219,low_conf,Pharmacology & Drug Development,data/gold/pmc_jats/PMC4748219.xml,y,y,y,
Bio-protocol-2577,PMC5386372,low_conf,Biochemical & Molecular Functional Analysis,data/gold/pmc_jats/PMC5386372.xml,y,y,y,
Bio-protocol-2578,PMC5199696,low_conf,Cell Biology & Culture,data/gold/pmc_jats/PMC5199696.xml,y,n,n,no_body
Bio-protocol-2579,PMC5199696,low_conf,Cell Biology & Culture,data/gold/pmc_jats/PMC5199696.xml,y,n,n,no_body
Bio-protocol-2583,PMC5278475,low_conf,Molecular Biology Techniques,data/gold/pmc_jats/PMC5278475.xml,y,n,n,no_body
Bio-protocol-2584,PMC3811555,low_conf,Model Organism-Specific Techniques,data/gold/pmc_jats/PMC3811555.xml,y,n,n,no_body
Bio-protocol-2589,PMC4911004,low_conf,Microbiology & Virology,data/gold/pmc_jats/PMC4911004.xml,y,y,y,
Bio-protocol-2588,PMC5142808,low_conf,Bioimaging Technologies,data/gold/pmc_jats/PMC5142808.xml,y,y,y,
Bio-protocol-2592,PMC4867602,low_conf,Biochemical & Molecular Functional Analysis,data/gold/pmc_jats/PMC4867602.xml,y,y,y,
Bio-protocol-2590,PMC5325610,low_conf,Bioimaging Technologies,data/gold/pmc_jats/PMC5325610.xml,y,y,y,
Bio-protocol-2599,PMC5100764,low_conf,Plant Science & Technology,data/gold/pmc_jats/PMC5100764.xml,y,n,n,no_body
Bio-protocol-2600,PMC5425686,low_conf,Immunological Techniques,data/gold/pmc_jats/PMC5425686.xml,y,y,y,
Bio-protocol-2601,PMC4725203,low_conf,Cell Biology & Culture,data/gold/pmc_jats/PMC4725203.xml,y,n,n,no_body
Bio-protocol-2602,PMC5142619,low_conf,Cell Biology & Culture,data/gold/pmc_jats/PMC5142619.xml,y,y,y,
Bio-protocol-2603,PMC5240790,low_conf,Bioimaging Technologies,data/gold/pmc_jats/PMC5240790.xml,y,y,y,
Bio-protocol-2598,PMC5210723,low_conf,Plant Science & Technology,data/gold/pmc_jats/PMC5210723.xml,y,n,n,no_body
Bio-protocol-2606,PMC5364369,low_conf,Cell Biology & Culture,data/gold/pmc_jats/PMC5364369.xml,y,y,y,
Bio-protocol-2609,PMC4757951,low_conf,Bioinformatics Methods,data/gold/pmc_jats/PMC4757951.xml,y,y,y,
Bio-protocol-2610,PMC5283585,low_conf,Neuroscience Methods,data/gold/pmc_jats/PMC5283585.xml,y,n,n,no_body
Bio-protocol-2613,PMC4866046,low_conf,Cell Biology & Culture,data/gold/pmc_jats/PMC4866046.xml,y,y,y,
Bio-protocol-2614,PMC4760828,low_conf,Cell Biology & Culture,data/gold/pmc_jats/PMC4760828.xml,y,n,n,no_body
Bio-protocol-2617,PMC3298259,low_conf,Microbiology & Virology,data/gold/pmc_jats/PMC3298259.xml,y,y,y,
Bio-protocol-2618,PMC5405000,low_conf,Immunological Techniques,data/gold/pmc_jats/PMC5405000.xml,y,n,n,no_body
Bio-protocol-2619,PMC3536409,low_conf,Microbiology & Virology,data/gold/pmc_jats/PMC3536409.xml,y,n,n,no_body
Bio-protocol-2620,PMC5079290,low_conf,Molecular Biology Techniques,data/gold/pmc_jats/PMC5079290.xml,y,n,n,no_body
Bio-protocol-2622,PMC5493041,low_conf,Bioimaging Technologies,data/gold/pmc_jats/PMC5493041.xml,y,n,n,no_body
Bio-protocol-2616,PMC5555307,low_conf,Model Organism-Specific Techniques,data/gold/pmc_jats/PMC5555307.xml,y,n,n,no_body
Bio-protocol-2623,PMC5144741,low_conf,Microbiology & Virology,data/gold/pmc_jats/PMC5144741.xml,y,y,y,
Bio-protocol-2628,PMC5087831,low_conf,Model Organism-Specific Techniques,data/gold/pmc_jats/PMC5087831.xml,y,y,y,
Bio-protocol-2626,PMC4846010,low_conf,Model Organism-Specific Techniques,data/gold/pmc_jats/PMC4846010.xml,y,y,n,no_methods
Bio-protocol-2629,PMC4972273,low_conf,Plant Science & Technology,data/gold/pmc_jats/PMC4972273.xml,y,n,n,no_body
Bio-protocol-2630,PMC5112038,low_conf,Neuroscience Methods,data/gold/pmc_jats/PMC5112038.xml,y,n,n,no_body
Bio-protocol-2673,PMC5761756,low_conf,Molecular Biology Techniques,data/gold/pmc_jats/PMC5761756.xml,y,n,n,no_body
Bio-protocol-2680,PMC5462019,low_conf,Bioimaging Technologies,data/gold/pmc_jats/PMC5462019.xml,y,n,n,no_body
Bio-protocol-2679,PMC5462019,low_conf,Plant Science & Technology,data/gold/pmc_jats/PMC5462019.xml,y,n,n,no_body
Bio-protocol-2685,PMC5462004,low_conf,Plant Science & Technology,data/gold/pmc_jats/PMC5462004.xml,y,n,n,no_body
Bio-protocol-2684,PMC5462056,low_conf,Plant Science & Technology,data/gold/pmc_jats/PMC5462056.xml,y,n,n,no_body
Bio-protocol-2683,PMC5462037,low_conf,Bioimaging Technologies,data/gold/pmc_jats/PMC5462037.xml,y,n,n,no_body
Bio-protocol-2682,PMC5462046,low_conf,Plant Science & Technology,data/gold/pmc_jats/PMC5462046.xml,y,n,n,no_body
Bio-protocol-2687,PMC5330737,low_conf,Immunological Techniques,data/gold/pmc_jats/PMC5330737.xml,y,n,n,no_body
Bio-protocol-2688,PMC5199697,low_conf,Molecular Biology Techniques,data/gold/pmc_jats/PMC5199697.xml,y,n,n,no_body
Bio-protocol-2689,PMC4842962,low_conf,Molecular Biology Techniques,data/gold/pmc_jats/PMC4842962.xml,y,y,y,
Bio-protocol-2690,PMC5103875,low_conf,Biochemical & Molecular Functional Analysis,data/gold/pmc_jats/PMC5103875.xml,y,y,y,
Bio-protocol-2692,PMC3556981,low_conf,Plant Science & Technology,data/gold/pmc_jats/PMC3556981.xml,y,n,n,no_body
Bio-protocol-2693,PMC5463997,low_conf,Microbiology & Virology,data/gold/pmc_jats/PMC5463997.xml,y,n,n,no_body
Bio-protocol-2694,PMC5050403,low_conf,Biochemical & Molecular Functional Analysis,data/gold/pmc_jats/PMC5050403.xml,y,y,y,
Bio-protocol-2697,PMC4948785,low_conf,Microbiology & Virology,data/gold/pmc_jats/PMC4948785.xml,y,y,y,
Bio-protocol-2696,PMC4712124,low_conf,Molecular Biology Techniques,data/gold/pmc_jats/PMC4712124.xml,y,n,n,no_body
Bio-protocol-2699,PMC5385574,low_conf,Molecular Biology Techniques,data/gold/pmc_jats/PMC5385574.xml,y,y,y,
Bio-protocol-2700,PMC3929423,low_conf,Molecular Biology Techniques,data/gold/pmc_jats/PMC3929423.xml,y,n,n,no_body
Bio-protocol-2701,PMC5503128,low_conf,Biochemical & Molecular Functional Analysis,data/gold/pmc_jats/PMC5503128.xml,y,n,n,no_body
Bio-protocol-2707,PMC4958392,low_conf,Cell Biology & Culture,data/gold/pmc_jats/PMC4958392.xml,y,n,n,no_body
Bio-protocol-2706,PMC5113105,low_conf,Molecular Biology Techniques,data/gold/pmc_jats/PMC5113105.xml,y,n,n,no_body
Bio-protocol-2711,PMC5061867,low_conf,Biochemical & Molecular Functional Analysis,data/gold/pmc_jats/PMC5061867.xml,y,y,y,
Bio-protocol-2715,PMC5240723,low_conf,Biochemical & Molecular Functional Analysis,data/gold/pmc_jats/PMC5240723.xml,y,n,n,no_body
Bio-protocol-2719,PMC4888426,low_conf,Cell Biology & Culture,data/gold/pmc_jats/PMC4888426.xml,y,y,y,
Bio-protocol-2717,PMC4984288,low_conf,Microbiology & Virology,data/gold/pmc_jats/PMC4984288.xml,y,n,n,no_body
Bio-protocol-2718,PMC4855914,low_conf,Neuroscience Methods,data/gold/pmc_jats/PMC4855914.xml,y,n,n,no_body
Bio-protocol-2721,PMC5130282,low_conf,Microbiology & Virology,data/gold/pmc_jats/PMC5130282.xml,y,y,y,
Bio-protocol-2722,PMC5210763,low_conf,Plant Science & Technology,data/gold/pmc_jats/PMC5210763.xml,y,n,n,no_body
Bio-protocol-2723,PMC5100021,low_conf,Cell Biology & Culture,data/gold/pmc_jats/PMC5100021.xml,y,y,y,
Bio-protocol-2727,PMC4946168,low_conf,Neuroscience Methods,data/gold/pmc_jats/PMC4946168.xml,y,n,n,no_body
Bio-protocol-2725,PMC4997328,low_conf,Microbiology & Virology,data/gold/pmc_jats/PMC4997328.xml,y,y,y,
Bio-protocol-2724,PMC4911004,low_conf,Immunological Techniques,data/gold/pmc_jats/PMC4911004.xml,y,y,y,
Bio-protocol-2726,PMC5047077,low_conf,Plant Science & Technology,data/gold/pmc_jats/PMC5047077.xml,y,n,n,no_body
Bio-protocol-2729,PMC4914499,low_conf,Microbiology & Virology,data/gold/pmc_jats/PMC4914499.xml,y,y,y,
Bio-protocol-2728,PMC5287398,low_conf,Biochemical & Molecular Functional Analysis,data/gold/pmc_jats/PMC5287398.xml,y,n,n,no_body
Bio-protocol-2733,PMC4988143,low_conf,Microbiology & Virology,data/gold/pmc_jats/PMC4988143.xml,y,n,n,no_body
Bio-protocol-2734,PMC4507001,low_conf,Molecular Biology Techniques,data/gold/pmc_jats/PMC4507001.xml,y,y,y,
Bio-protocol-2737,PMC5325613,low_conf,Histology Techniques,data/gold/pmc_jats/PMC5325613.xml,y,y,y,
Bio-protocol-2736,PMC4943629,low_conf,Microbiology & Virology,data/gold/pmc_jats/PMC4943629.xml,y,y,y,
Bio-protocol-2740,PMC5210094,low_conf,Biochemical & Molecular Functional Analysis,data/gold/pmc_jats/PMC5210094.xml,y,n,n,no_body
Bio-protocol-2741,PMC5066484,low_conf,Plant Science & Technology,data/gold/pmc_jats/PMC5066484.xml,y,y,y,
Bio-protocol-2743,PMC5140760,low_conf,Neuroscience Methods,data/gold/pmc_jats/PMC5140760.xml,y,n,n,no_body
Bio-protocol-2742,PMC5006433,low_conf,Neuroscience Methods,data/gold/pmc_jats/PMC5006433.xml,y,y,y,
Bio-protocol-2744,PMC4677891,low_conf,Plant Science & Technology,data/gold/pmc_jats/PMC4677891.xml,y,n,n,no_body
Bio-protocol-2745,PMC5572139,low_conf,Immunological Techniques,data/gold/pmc_jats/PMC5572139.xml,y,y,y,
Bio-protocol-2746,PMC4999810,low_conf,Molecular Biology Techniques,data/gold/pmc_jats/PMC4999810.xml,y,y,y,
Bio-protocol-2749,PMC4297538,low_conf,Biochemical & Molecular Functional Analysis,data/gold/pmc_jats/PMC4297538.xml,y,n,n,no_body
Bio-protocol-2747,PMC5258748,low_conf,Plant Science & Technology,data/gold/pmc_jats/PMC5258748.xml,y,y,y,
Bio-protocol-2751,PMC5286366,low_conf,Bioimaging Technologies,data/gold/pmc_jats/PMC5286366.xml,y,y,y,
Bio-protocol-2756,PMC5016792,low_conf,Cell Biology & Culture,data/gold/pmc_jats/PMC5016792.xml,y,y,y,
Bio-protocol-2758,PMC4820989,low_conf,Molecular Biology Techniques,data/gold/pmc_jats/PMC4820989.xml,y,y,y,
Bio-protocol-2760,PMC4905568,low_conf,Biochemical & Molecular Functional Analysis,data/gold/pmc_jats/PMC4905568.xml,y,n,n,no_body
Bio-protocol-2765,PMC4887163,low_conf,Immunological Techniques,data/gold/pmc_jats/PMC4887163.xml,y,y,y,
Bio-protocol-2769,PMC6272189,low_conf,Plant Science & Technology,data/gold/pmc_jats/PMC6272189.xml,y,y,n,no_methods
Bio-protocol-2771,PMC5018877,low_conf,Neuroscience Methods,data/gold/pmc_jats/PMC5018877.xml,y,y,y,
Bio-protocol-2775,PMC4868408,low_conf,Cell Biology & Culture,data/gold/pmc_jats/PMC4868408.xml,y,n,n,no_body
Bio-protocol-2776,PMC2483377,low_conf,Plant Science & Technology,data/gold/pmc_jats/PMC2483377.xml,y,n,n,no_body
Bio-protocol-2778,PMC3248500,low_conf,Microbiology & Virology,data/gold/pmc_jats/PMC3248500.xml,y,n,n,no_body
Bio-protocol-2782,PMC5074314,low_conf,Biochemical & Molecular Functional Analysis,data/gold/pmc_jats/PMC5074314.xml,y,y,y,
Bio-protocol-2779,PMC4964356,low_conf,Molecular Biology Techniques,data/gold/pmc_jats/PMC4964356.xml,y,y,y,
Bio-protocol-2785,PMC5056436,low_conf,Neuroscience Methods,data/gold/pmc_jats/PMC5056436.xml,y,y,y,
Bio-protocol-2793,PMC5112038,low_conf,Neuroscience Methods,data/gold/pmc_jats/PMC5112038.xml,y,n,n,no_body
Bio-protocol-2791,PMC4976241,low_conf,Molecular Biology Techniques,data/gold/pmc_jats/PMC4976241.xml,y,y,y,
Bio-protocol-2797,PMC5044847,low_conf,Genomics Technologies,data/gold/pmc_jats/PMC5044847.xml,y,n,n,no_body
Bio-protocol-2799,PMC4655547,low_conf,Bioimaging Technologies,data/gold/pmc_jats/PMC4655547.xml,y,n,n,no_body
Bio-protocol-2804,PMC5407438,low_conf,Molecular Biology Techniques,data/gold/pmc_jats/PMC5407438.xml,y,n,n,no_body
Bio-protocol-2811,PMC5068231,low_conf,Molecular Biology Techniques,data/gold/pmc_jats/PMC5068231.xml,y,y,y,
Bio-protocol-2812,PMC4996643,low_conf,Molecular Biology Techniques,data/gold/pmc_jats/PMC4996643.xml,y,y,y,
Bio-protocol-2813,PMC4748335,low_conf,Immunological Techniques,data/gold/pmc_jats/PMC4748335.xml,y,y,y,
Bio-protocol-2814,PMC3219204,low_conf,Model Organism-Specific Techniques,data/gold/pmc_jats/PMC3219204.xml,y,y,y,
Bio-protocol-2817,PMC3587446,low_conf,Immunological Techniques,data/gold/pmc_jats/PMC3587446.xml,y,n,n,no_body
Bio-protocol-2818,PMC5113105,low_conf,Molecular Biology Techniques,data/gold/pmc_jats/PMC5113105.xml,y,n,n,no_body
Bio-protocol-2820,PMC4665782,low_conf,Model Organism-Specific Techniques,data/gold/pmc_jats/PMC4665782.xml,y,n,n,no_body
Bio-protocol-2821,PMC5014152,low_conf,Plant Science & Technology,data/gold/pmc_jats/PMC5014152.xml,y,y,y,
Bio-protocol-2824,PMC5079524,low_conf,Immunological Techniques,data/gold/pmc_jats/PMC5079524.xml,y,y,y,
Bio-protocol-2831,PMC4988897,low_conf,Model Organism-Specific Techniques,data/gold/pmc_jats/PMC4988897.xml,y,n,n,no_body
Bio-protocol-2827,PMC4967897,low_conf,Biochemical & Molecular Functional Analysis,data/gold/pmc_jats/PMC4967897.xml,y,y,y,
Bio-protocol-2835,PMC4832419,low_conf,Microbiology & Virology,data/gold/pmc_jats/PMC4832419.xml,y,n,n,no_body
Bio-protocol-2838,PMC3911255,low_conf,Microbiology & Virology,data/gold/pmc_jats/PMC3911255.xml,y,n,n,no_body
Bio-protocol-2839,PMC4987819,low_conf,Immunological Techniques,data/gold/pmc_jats/PMC4987819.xml,y,n,n,no_body
Bio-protocol-2840,PMC5081529,low_conf,Bioimaging Technologies,data/gold/pmc_jats/PMC5081529.xml,y,y,y,
Bio-protocol-2843,PMC4548811,low_conf,Cell Biology & Culture,data/gold/pmc_jats/PMC4548811.xml,y,y,y,
Bio-protocol-2841,PMC3587446,low_conf,Immunological Techniques,data/gold/pmc_jats/PMC3587446.xml,y,n,n,no_body
Bio-protocol-2842,PMC5061431,low_conf,Plant Science & Technology,data/gold/pmc_jats/PMC5061431.xml,y,y,y,
Bio-protocol-2844,PMC4548811,low_conf,Model Organism-Specific Techniques,data/gold/pmc_jats/PMC4548811.xml,y,y,y,
Bio-protocol-2845,PMC4794430,low_conf,Histology Techniques,data/gold/pmc_jats/PMC4794430.xml,y,y,y,
Bio-protocol-2847,PMC4794698,low_conf,Genomics Technologies,data/gold/pmc_jats/PMC4794698.xml,y,n,n,no_body
Bio-protocol-2850,PMC4922711,low_conf,Molecular Biology Techniques,data/gold/pmc_jats/PMC4922711.xml,y,n,n,no_body
Bio-protocol-2853,PMC4784954,low_conf,Plant Science & Technology,data/gold/pmc_jats/PMC4784954.xml,y,y,y,
Bio-protocol-2860,PMC4944284,low_conf,Microbiology & Virology,data/gold/pmc_jats/PMC4944284.xml,y,y,y,
Bio-protocol-2857,PMC4650269,low_conf,Molecular Biology Techniques,data/gold/pmc_jats/PMC4650269.xml,y,y,y,
Bio-protocol-2861,PMC5036823,low_conf,Neuroscience Methods,data/gold/pmc_jats/PMC5036823.xml,y,y,y,
Bio-protocol-2858,PMC4943727,low_conf,Cell Biology & Culture,data/gold/pmc_jats/PMC4943727.xml,y,y,y,
Bio-protocol-2859,PMC5198493,low_conf,Microbiology & Virology,data/gold/pmc_jats/PMC5198493.xml,y,n,n,no_body
Bio-protocol-2862,PMC4775139,low_conf,Plant Science & Technology,data/gold/pmc_jats/PMC4775139.xml,y,n,n,no_body
Bio-protocol-2865,PMC5028122,low_conf,Biochemical & Molecular Functional Analysis,data/gold/pmc_jats/PMC5028122.xml,y,n,n,no_body
Bio-protocol-2866,PMC4662858,low_conf,Bioimaging Technologies,data/gold/pmc_jats/PMC4662858.xml,y,y,y,
Bio-protocol-2868,PMC4937211,low_conf,Bioimaging Technologies,data/gold/pmc_jats/PMC4937211.xml,y,y,y,
Bio-protocol-2869,PMC5007152,low_conf,Molecular Biology Techniques,data/gold/pmc_jats/PMC5007152.xml,y,n,n,no_body
Bio-protocol-2871,PMC5006708,low_conf,Plant Science & Technology,data/gold/pmc_jats/PMC5006708.xml,y,n,n,no_body
Bio-protocol-2874,PMC5006033,low_conf,Microbiology & Virology,data/gold/pmc_jats/PMC5006033.xml,y,y,y,
Bio-protocol-2873,PMC4498211,low_conf,Molecular Biology Techniques,data/gold/pmc_jats/PMC4498211.xml,y,n,n,no_body
Bio-protocol-2876,PMC4982045,low_conf,Cell Biology & Culture,data/gold/pmc_jats/PMC4982045.xml,y,y,y,
Bio-protocol-2875,PMC4988897,low_conf,Model Organism-Specific Techniques,data/gold/pmc_jats/PMC4988897.xml,y,n,n,no_body
Bio-protocol-2878,PMC4740282,low_conf,Molecular Biology Techniques,data/gold/pmc_jats/PMC4740282.xml,y,y,y,
Bio-protocol-2879,PMC4990655,low_conf,Neuroscience Methods,data/gold/pmc_jats/PMC4990655.xml,y,y,y,
Bio-protocol-2886,PMC4918763,low_conf,Plant Science & Technology,data/gold/pmc_jats/PMC4918763.xml,y,y,y,
Bio-protocol-2883,PMC4682113,low_conf,Cell Biology & Culture,data/gold/pmc_jats/PMC4682113.xml,y,y,y,
Bio-protocol-2891,PMC5059766,low_conf,Plant Science & Technology,data/gold/pmc_jats/PMC5059766.xml,y,y,y,
Bio-protocol-2895,PMC5038880,low_conf,Bioimaging Technologies,data/gold/pmc_jats/PMC5038880.xml,y,n,n,no_body
Bio-protocol-2901,PMC4972202,low_conf,Biochemical & Molecular Functional Analysis,data/gold/pmc_jats/PMC4972202.xml,y,n,n,no_body
Bio-protocol-2911,PMC5338747,low_conf,Immunological Techniques,data/gold/pmc_jats/PMC5338747.xml,y,n,n,no_body
Bio-protocol-2913,PMC4687644,low_conf,Neuroscience Methods,data/gold/pmc_jats/PMC4687644.xml,y,y,y,
Bio-protocol-2918,PMC4880299,low_conf,Immunological Techniques,data/gold/pmc_jats/PMC4880299.xml,y,y,y,
Bio-protocol-2919,PMC4524556,low_conf,Neuroscience Methods,data/gold/pmc_jats/PMC4524556.xml,y,n,n,no_body
Bio-protocol-2922,PMC4598821,low_conf,Plant Science & Technology,data/gold/pmc_jats/PMC4598821.xml,y,y,y,
Bio-protocol-2923,PMC4436068,low_conf,Microbiology & Virology,data/gold/pmc_jats/PMC4436068.xml,y,y,y,
Bio-protocol-2925,PMC5038000,low_conf,Biochemical & Molecular Functional Analysis,data/gold/pmc_jats/PMC5038000.xml,y,n,n,no_body
Bio-protocol-2929,PMC3252131,low_conf,Plant Science & Technology,data/gold/pmc_jats/PMC3252131.xml,y,n,n,no_body
Bio-protocol-2930,PMC4481269,low_conf,Biochemical & Molecular Functional Analysis,data/gold/pmc_jats/PMC4481269.xml,y,y,y,
Bio-protocol-2932,PMC4817972,low_conf,Microbiology & Virology,data/gold/pmc_jats/PMC4817972.xml,y,y,y,
Bio-protocol-2933,PMC4817972,low_conf,Microbiology & Virology,data/gold/pmc_jats/PMC4817972.xml,y,y,y,
Bio-protocol-2931,PMC4976045,low_conf,Model Organism-Specific Techniques,data/gold/pmc_jats/PMC4976045.xml,y,n,n,no_body
Bio-protocol-2943,PMC4877957,low_conf,Biochemical & Molecular Functional Analysis,data/gold/pmc_jats/PMC4877957.xml,y,y,y,
Bio-protocol-2938,PMC4820683,low_conf,Molecular Biology Techniques,data/gold/pmc_jats/PMC4820683.xml,y,y,y,
Bio-protocol-2939,PMC4820683,low_conf,Molecular Biology Techniques,data/gold/pmc_jats/PMC4820683.xml,y,y,y,
Bio-protocol-2951,PMC6638414,low_conf,Biochemical & Molecular Functional Analysis,data/gold/pmc_jats/PMC6638414.xml,y,n,n,no_body
Bio-protocol-2948,PMC4649165,low_conf,Pharmacology & Drug Development,data/gold/pmc_jats/PMC4649165.xml,y,n,n,no_body
Bio-protocol-2949,PMC4794430,low_conf,Immunological Techniques,data/gold/pmc_jats/PMC4794430.xml,y,y,y,
Bio-protocol-2953,PMC4904785,low_conf,Biochemical & Molecular Functional Analysis,data/gold/pmc_jats/PMC4904785.xml,y,y,y,
Bio-protocol-2950,PMC4820680,low_conf,Bioinformatics Methods,data/gold/pmc_jats/PMC4820680.xml,y,y,y,
Bio-protocol-2954,PMC4834554,low_conf,Microbiology & Virology,data/gold/pmc_jats/PMC4834554.xml,y,y,y,
Bio-protocol-2955,PMC4956104,low_conf,Biochemical & Molecular Functional Analysis,data/gold/pmc_jats/PMC4956104.xml,y,y,y,
Bio-protocol-2956,PMC4950998,low_conf,Molecular Biology Techniques,data/gold/pmc_jats/PMC4950998.xml,y,y,y,
Bio-protocol-2957,PMC4153065,low_conf,Model Organism-Specific Techniques,data/gold/pmc_jats/PMC4153065.xml,y,n,n,no_body
Bio-protocol-2965,PMC4845321,low_conf,Plant Science & Technology,data/gold/pmc_jats/PMC4845321.xml,y,y,y,
Bio-protocol-2966,PMC4835694,low_conf,Toxicology & Safety Testing,data/gold/pmc_jats/PMC4835694.xml,y,y,y,
Bio-protocol-2964,PMC4914978,low_conf,Plant Science & Technology,data/gold/pmc_jats/PMC4914978.xml,y,y,y,
Bio-protocol-2963,PMC4826731,low_conf,Cell Biology & Culture,data/gold/pmc_jats/PMC4826731.xml,y,n,n,no_body
Bio-protocol-2968,PMC4856974,low_conf,Molecular Biology Techniques,data/gold/pmc_jats/PMC4856974.xml,y,y,y,
Bio-protocol-2970,PMC4803617,low_conf,Cell Biology & Culture,data/gold/pmc_jats/PMC4803617.xml,y,n,n,no_body
Bio-protocol-2972,PMC4821831,low_conf,Genomics Technologies,data/gold/pmc_jats/PMC4821831.xml,y,n,n,no_body
Bio-protocol-2969,PMC4810696,low_conf,Microbiology & Virology,data/gold/pmc_jats/PMC4810696.xml,y,n,n,no_body
Bio-protocol-2973,PMC4811704,low_conf,Neuroscience Methods,data/gold/pmc_jats/PMC4811704.xml,y,y,y,
Bio-protocol-2974,PMC4859500,low_conf,Microbiology & Virology,data/gold/pmc_jats/PMC4859500.xml,y,y,y,
Bio-protocol-2976,PMC4864890,low_conf,Cell Biology & Culture,data/gold/pmc_jats/PMC4864890.xml,y,y,y,
Bio-protocol-2984,PMC4914978,low_conf,Microbiology & Virology,data/gold/pmc_jats/PMC4914978.xml,y,y,y,
Bio-protocol-2982,PMC4493785,low_conf,Biochemical & Molecular Functional Analysis,data/gold/pmc_jats/PMC4493785.xml,y,y,y,
Bio-protocol-2986,PMC4918763,low_conf,Bioimaging Technologies,data/gold/pmc_jats/PMC4918763.xml,y,y,y,
Bio-protocol-2988,PMC5023418,low_conf,Cell Biology & Culture,data/gold/pmc_jats/PMC5023418.xml,y,n,n,no_body
Bio-protocol-2989,PMC4784022,low_conf,Plant Science & Technology,data/gold/pmc_jats/PMC4784022.xml,y,n,n,no_body
Bio-protocol-2990,PMC4902602,low_conf,Plant Science & Technology,data/gold/pmc_jats/PMC4902602.xml,y,n,n,no_body
Bio-protocol-2991,PMC4844972,low_conf,Biochemical & Molecular Functional Analysis,data/gold/pmc_jats/PMC4844972.xml,y,y,y,
Bio-protocol-2994,PMC4609262,low_conf,Model Organism-Specific Techniques,data/gold/pmc_jats/PMC4609262.xml,y,n,n,no_body
Bio-protocol-2996,PMC4776769,low_conf,Cell Biology & Culture,data/gold/pmc_jats/PMC4776769.xml,y,n,n,no_body
Bio-protocol-2997,PMC4776769,low_conf,Immunological Techniques,data/gold/pmc_jats/PMC4776769.xml,y,n,n,no_body
Bio-protocol-2995,PMC3295398,low_conf,Plant Science & Technology,data/gold/pmc_jats/PMC3295398.xml,y,y,y,
Bio-protocol-2998,PMC4962994,low_conf,Plant Science & Technology,data/gold/pmc_jats/PMC4962994.xml,y,y,y,
Bio-protocol-3001,PMC4959181,low_conf,Microbiology & Virology,data/gold/pmc_jats/PMC4959181.xml,y,n,n,no_body
Bio-protocol-3002,PMC4922710,low_conf,Microbiology & Virology,data/gold/pmc_jats/PMC4922710.xml,y,n,n,no_body
Bio-protocol-3004,PMC4937208,low_conf,Bioimaging Technologies,data/gold/pmc_jats/PMC4937208.xml,y,y,y,
Bio-protocol-3006,PMC4899322,low_conf,Microbiology & Virology,data/gold/pmc_jats/PMC4899322.xml,y,n,n,no_body
Bio-protocol-3009,PMC4904676,low_conf,Structural Biology Techniques,data/gold/pmc_jats/PMC4904676.xml,y,n,n,no_body
Bio-protocol-3012,PMC4642709,low_conf,Synthetic Biology & Bioengineering,data/gold/pmc_jats/PMC4642709.xml,y,n,n,no_body
Bio-protocol-3017,PMC4790870,low_conf,Neuroscience Methods,data/gold/pmc_jats/PMC4790870.xml,y,n,n,no_body
Bio-protocol-3020,PMC6638434,low_conf,Plant Science & Technology,data/gold/pmc_jats/PMC6638434.xml,y,n,n,no_body
Bio-protocol-3023,PMC4441442,low_conf,Model Organism-Specific Techniques,data/gold/pmc_jats/PMC4441442.xml,y,y,y,
Bio-protocol-3026,PMC4864890,low_conf,Bioimaging Technologies,data/gold/pmc_jats/PMC4864890.xml,y,y,y,
Bio-protocol-3024,PMC4810496,low_conf,Biochemical & Molecular Functional Analysis,data/gold/pmc_jats/PMC4810496.xml,y,y,y,
Bio-protocol-3032,PMC4917442,low_conf,Immunological Techniques,data/gold/pmc_jats/PMC4917442.xml,y,y,y,
Bio-protocol-3030,PMC4662858,low_conf,Cell Biology & Culture,data/gold/pmc_jats/PMC4662858.xml,y,y,y,
Bio-protocol-3036,PMC6364302,low_conf,Molecular Biology Techniques,data/gold/pmc_jats/PMC6364302.xml,y,n,n,no_body
Bio-protocol-3033,PMC4731172,low_conf,Neuroscience Methods,data/gold/pmc_jats/PMC4731172.xml,y,n,n,no_body
Bio-protocol-3031,PMC5500174,low_conf,Pharmacology & Drug Development,data/gold/pmc_jats/PMC5500174.xml,y,n,n,no_body
Bio-protocol-3037,PMC4863382,low_conf,Plant Science & Technology,data/gold/pmc_jats/PMC4863382.xml,y,n,n,no_body
Bio-protocol-3039,PMC4778876,low_conf,Microbiology & Virology,data/gold/pmc_jats/PMC4778876.xml,y,y,y,
Bio-protocol-3038,PMC4778876,low_conf,Microbiology & Virology,data/gold/pmc_jats/PMC4778876.xml,y,y,y,
Bio-protocol-3043,PMC4986166,low_conf,Cell Biology & Culture,data/gold/pmc_jats/PMC4986166.xml,y,y,y,
Bio-protocol-3042,PMC4986166,low_conf,Cell Biology & Culture,data/gold/pmc_jats/PMC4986166.xml,y,y,y,
Bio-protocol-3045,PMC4335496,low_conf,Model Organism-Specific Techniques,data/gold/pmc_jats/PMC4335496.xml,y,y,y,
Bio-protocol-3050,PMC4986640,low_conf,Biochemical & Molecular Functional Analysis,data/gold/pmc_jats/PMC4986640.xml,y,n,n,no_body
Bio-protocol-3049,PMC4892721,low_conf,Biochemical & Molecular Functional Analysis,data/gold/pmc_jats/PMC4892721.xml,y,y,y,
Bio-protocol-3051,PMC4597226,low_conf,Bioimaging Technologies,data/gold/pmc_jats/PMC4597226.xml,y,y,y,
Bio-protocol-3057,PMC4854695,low_conf,Plant Science & Technology,data/gold/pmc_jats/PMC4854695.xml,y,n,n,no_body
Bio-protocol-3058,PMC4987736,low_conf,Biochemical & Molecular Functional Analysis,data/gold/pmc_jats/PMC4987736.xml,y,y,y,
Bio-protocol-3065,PMC4744135,low_conf,Bioimaging Technologies,data/gold/pmc_jats/PMC4744135.xml,y,n,n,no_body
Bio-protocol-3066,PMC4677899,low_conf,Plant Science & Technology,data/gold/pmc_jats/PMC4677899.xml,y,n,n,no_body
Bio-protocol-3069,PMC4797292,low_conf,Molecular Biology Techniques,data/gold/pmc_jats/PMC4797292.xml,y,y,y,
Bio-protocol-3073,PMC4824082,low_conf,Molecular Biology Techniques,data/gold/pmc_jats/PMC4824082.xml,y,y,y,
Bio-protocol-3070,PMC4901479,low_conf,Plant Science & Technology,data/gold/pmc_jats/PMC4901479.xml,y,y,y,
Bio-protocol-3072,PMC11108369,low_conf,Molecular Biology Techniques,data/gold/pmc_jats/PMC11108369.xml,y,n,n,no_body
Bio-protocol-3075,PMC4752818,low_conf,Cell Biology & Culture,data/gold/pmc_jats/PMC4752818.xml,y,y,y,
Bio-protocol-3078,PMC4872342,low_conf,Neuroscience Methods,data/gold/pmc_jats/PMC4872342.xml,y,y,y,
Bio-protocol-3081,PMC4800288,low_conf,Cell Biology & Culture,data/gold/pmc_jats/PMC4800288.xml,y,y,y,
Bio-protocol-3084,PMC4794750,low_conf,Immunological Techniques,data/gold/pmc_jats/PMC4794750.xml,y,n,n,no_body
Bio-protocol-3086,PMC4767350,low_conf,Cell Biology & Culture,data/gold/pmc_jats/PMC4767350.xml,y,n,n,no_body
Bio-protocol-3089,PMC4772601,low_conf,Microbiology & Virology,data/gold/pmc_jats/PMC4772601.xml,y,n,n,no_body
Bio-protocol-3088,PMC4667880,low_conf,Neuroscience Methods,data/gold/pmc_jats/PMC4667880.xml,y,y,y,
Bio-protocol-3087,PMC160955,low_conf,Plant Science & Technology,data/gold/pmc_jats/PMC160955.xml,y,n,n,no_body
Bio-protocol-3090,PMC4772601,low_conf,Microbiology & Virology,data/gold/pmc_jats/PMC4772601.xml,y,n,n,no_body
Bio-protocol-3094,PMC4787272,low_conf,Microbiology & Virology,data/gold/pmc_jats/PMC4787272.xml,y,n,n,no_body
Bio-protocol-3096,PMC4210292,low_conf,Microbiology & Virology,data/gold/pmc_jats/PMC4210292.xml,y,n,n,no_body
Bio-protocol-3095,PMC4751278,low_conf,Biochemical & Molecular Functional Analysis,data/gold/pmc_jats/PMC4751278.xml,y,y,y,
Bio-protocol-3100,PMC4827878,low_conf,Plant Science & Technology,data/gold/pmc_jats/PMC4827878.xml,y,y,y,
Bio-protocol-3097,PMC4790934,low_conf,Microbiology & Virology,data/gold/pmc_jats/PMC4790934.xml,y,y,y,
Bio-protocol-3101,PMC4897776,low_conf,Biochemical & Molecular Functional Analysis,data/gold/pmc_jats/PMC4897776.xml,y,n,n,no_body
Bio-protocol-3105,PMC2043388,low_conf,Microbiology & Virology,data/gold/pmc_jats/PMC2043388.xml,y,n,n,no_body
Bio-protocol-3107,PMC4711583,low_conf,Cell Biology & Culture,data/gold/pmc_jats/PMC4711583.xml,y,y,n,no_methods
Bio-protocol-3106,PMC2043388,low_conf,Microbiology & Virology,data/gold/pmc_jats/PMC2043388.xml,y,n,n,no_body
Bio-protocol-3102,PMC4790867,low_conf,Plant Science & Technology,data/gold/pmc_jats/PMC4790867.xml,y,n,n,no_body
Bio-protocol-3110,PMC4549958,low_conf,Plant Science & Technology,data/gold/pmc_jats/PMC4549958.xml,y,n,n,no_body
Bio-protocol-3109,PMC4815096,low_conf,Plant Science & Technology,data/gold/pmc_jats/PMC4815096.xml,y,n,n,no_body
Bio-protocol-3112,PMC4784930,low_conf,Biochemical & Molecular Functional Analysis,data/gold/pmc_jats/PMC4784930.xml,y,y,y,
Bio-protocol-3111,PMC4731172,low_conf,Neuroscience Methods,data/gold/pmc_jats/PMC4731172.xml,y,n,n,no_body
Bio-protocol-3114,PMC4946243,low_conf,Cell Biology & Culture,data/gold/pmc_jats/PMC4946243.xml,y,y,y,
Bio-protocol-3118,PMC4942217,low_conf,Cell Biology & Culture,data/gold/pmc_jats/PMC4942217.xml,y,n,n,no_body
Bio-protocol-3123,PMC4470473,low_conf,Pharmacology & Drug Development,data/gold/pmc_jats/PMC4470473.xml,y,n,n,no_body
Bio-protocol-3121,PMC4794358,low_conf,Biochemical & Molecular Functional Analysis,data/gold/pmc_jats/PMC4794358.xml,y,n,n,no_body
Bio-protocol-3122,PMC4794358,low_conf,Cell Biology & Culture,data/gold/pmc_jats/PMC4794358.xml,y,n,n,no_body
Bio-protocol-3125,PMC4288695,low_conf,Microbiology & Virology,data/gold/pmc_jats/PMC4288695.xml,y,n,n,no_body
Bio-protocol-3124,PMC4288695,low_conf,Microbiology & Virology,data/gold/pmc_jats/PMC4288695.xml,y,n,n,no_body
Bio-protocol-3126,PMC4634064,low_conf,Plant Science & Technology,data/gold/pmc_jats/PMC4634064.xml,y,n,n,no_body
Bio-protocol-3129,PMC4487226,low_conf,Molecular Biology Techniques,data/gold/pmc_jats/PMC4487226.xml,y,y,y,
Bio-protocol-3127,PMC4752894,low_conf,Immunological Techniques,data/gold/pmc_jats/PMC4752894.xml,y,n,n,no_body
Bio-protocol-3132,PMC4704599,low_conf,Plant Science & Technology,data/gold/pmc_jats/PMC4704599.xml,y,n,n,no_body
Bio-protocol-3133,PMC4734547,low_conf,Genomics Technologies,data/gold/pmc_jats/PMC4734547.xml,y,y,n,no_methods
Bio-protocol-3135,PMC4715572,low_conf,Model Organism-Specific Techniques,data/gold/pmc_jats/PMC4715572.xml,y,n,n,no_body
Bio-protocol-3138,PMC4701565,low_conf,Biochemical & Molecular Functional Analysis,data/gold/pmc_jats/PMC4701565.xml,y,n,n,no_body
Bio-protocol-3141,PMC4941928,low_conf,Genomics Technologies,data/gold/pmc_jats/PMC4941928.xml,y,y,y,
Bio-protocol-3144,PMC4623687,low_conf,Plant Science & Technology,data/gold/pmc_jats/PMC4623687.xml,y,y,y,
Bio-protocol-3147,PMC4345154,low_conf,Cell Biology & Culture,data/gold/pmc_jats/PMC4345154.xml,y,y,y,
Bio-protocol-3145,PMC4862588,low_conf,Immunological Techniques,data/gold/pmc_jats/PMC4862588.xml,y,y,y,
Bio-protocol-3148,PMC4701142,low_conf,Plant Science & Technology,data/gold/pmc_jats/PMC4701142.xml,y,n,n,no_body
Bio-protocol-3150,PMC4226362,low_conf,Plant Science & Technology,data/gold/pmc_jats/PMC4226362.xml,y,n,n,no_body
Bio-protocol-3153,PMC4854719,low_conf,Plant Science & Technology,data/gold/pmc_jats/PMC4854719.xml,y,n,n,no_body
Bio-protocol-3155,PMC4610037,low_conf,Model Organism-Specific Techniques,data/gold/pmc_jats/PMC4610037.xml,y,n,n,no_body
Bio-protocol-3157,PMC4869713,low_conf,Immunological Techniques,data/gold/pmc_jats/PMC4869713.xml,y,n,n,no_body
Bio-protocol-3158,PMC4869713,low_conf,Bioimaging Technologies,data/gold/pmc_jats/PMC4869713.xml,y,n,n,no_body
Bio-protocol-3160,PMC4483769,low_conf,Cell Biology & Culture,data/gold/pmc_jats/PMC4483769.xml,y,y,y,
Bio-protocol-3162,PMC4650865,low_conf,Plant Science & Technology,data/gold/pmc_jats/PMC4650865.xml,y,y,y,
Bio-protocol-3163,PMC4333135,low_conf,Cell Biology & Culture,data/gold/pmc_jats/PMC4333135.xml,y,y,y,
Bio-protocol-3166,PMC4704586,low_conf,Plant Science & Technology,data/gold/pmc_jats/PMC4704586.xml,y,n,n,no_body
Bio-protocol-3165,PMC4712962,low_conf,Neuroscience Methods,data/gold/pmc_jats/PMC4712962.xml,y,y,y,
Bio-protocol-3167,PMC4654563,low_conf,Model Organism-Specific Techniques,data/gold/pmc_jats/PMC4654563.xml,y,y,y,
Bio-protocol-3171,PMC4631757,low_conf,Cell Biology & Culture,data/gold/pmc_jats/PMC4631757.xml,y,n,n,no_body
Bio-protocol-3172,PMC4670565,low_conf,Biochemical & Molecular Functional Analysis,data/gold/pmc_jats/PMC4670565.xml,y,n,n,no_body
Bio-protocol-3173,PMC4803038,low_conf,Neuroscience Methods,data/gold/pmc_jats/PMC4803038.xml,y,n,n,no_body
Bio-protocol-3174,PMC4803038,low_conf,Neuroscience Methods,data/gold/pmc_jats/PMC4803038.xml,y,n,n,no_body
Bio-protocol-3175,PMC4352303,low_conf,Model Organism-Specific Techniques,data/gold/pmc_jats/PMC4352303.xml,y,n,n,no_body
Bio-protocol-3176,PMC4634044,low_conf,Plant Science & Technology,data/gold/pmc_jats/PMC4634044.xml,y,n,n,no_body
Bio-protocol-3180,PMC4737096,low_conf,Neuroscience Methods,data/gold/pmc_jats/PMC4737096.xml,y,y,y,
Bio-protocol-3183,PMC4878679,low_conf,Microbiology & Virology,data/gold/pmc_jats/PMC4878679.xml,y,n,n,no_body
Bio-protocol-3185,PMC4576981,low_conf,Biochemical & Molecular Functional Analysis,data/gold/pmc_jats/PMC4576981.xml,y,n,n,no_body
Bio-protocol-3186,PMC4666005,low_conf,Immunological Techniques,data/gold/pmc_jats/PMC4666005.xml,y,n,n,no_body
Bio-protocol-3187,PMC4666005,low_conf,Immunological Techniques,data/gold/pmc_jats/PMC4666005.xml,y,n,n,no_body
Bio-protocol-3189,PMC4701553,low_conf,Cell Biology & Culture,data/gold/pmc_jats/PMC4701553.xml,y,n,n,no_body
Bio-protocol-3191,PMC4683996,low_conf,Cell Biology & Culture,data/gold/pmc_jats/PMC4683996.xml,y,y,y,
Bio-protocol-3190,PMC4516804,low_conf,Cell Biology & Culture,data/gold/pmc_jats/PMC4516804.xml,y,y,y,
Bio-protocol-3195,PMC4544742,low_conf,Immunological Techniques,data/gold/pmc_jats/PMC4544742.xml,y,n,n,no_body
Bio-protocol-3196,PMC4623088,low_conf,Plant Science & Technology,data/gold/pmc_jats/PMC4623088.xml,y,y,y,
Bio-protocol-3201,PMC4585334,low_conf,Microbiology & Virology,data/gold/pmc_jats/PMC4585334.xml,y,y,y,
Bio-protocol-3204,PMC4306481,low_conf,Immunological Techniques,data/gold/pmc_jats/PMC4306481.xml,y,y,y,
Bio-protocol-3206,PMC4501076,low_conf,Neuroscience Methods,data/gold/pmc_jats/PMC4501076.xml,y,y,y,
Bio-protocol-3208,PMC4078807,low_conf,Plant Science & Technology,data/gold/pmc_jats/PMC4078807.xml,y,n,n,no_body
Bio-protocol-3209,PMC4497937,low_conf,Biochemical & Molecular Functional Analysis,data/gold/pmc_jats/PMC4497937.xml,y,n,n,no_body
Bio-protocol-3207,PMC4665793,low_conf,Neuroscience Methods,data/gold/pmc_jats/PMC4665793.xml,y,n,n,no_body
Bio-protocol-3212,PMC4453792,low_conf,Plant Science & Technology,data/gold/pmc_jats/PMC4453792.xml,y,n,n,no_body
Bio-protocol-3211,PMC3677444,low_conf,Molecular Biology Techniques,data/gold/pmc_jats/PMC3677444.xml,y,n,n,no_body
Bio-protocol-3216,PMC6638380,low_conf,Microbiology & Virology,data/gold/pmc_jats/PMC6638380.xml,y,n,n,no_body
Bio-protocol-3213,PMC4671189,low_conf,Plant Science & Technology,data/gold/pmc_jats/PMC4671189.xml,y,y,y,
Bio-protocol-3215,PMC4577386,low_conf,Plant Science & Technology,data/gold/pmc_jats/PMC4577386.xml,y,n,n,no_body
Bio-protocol-3219,PMC4456212,low_conf,Bioimaging Technologies,data/gold/pmc_jats/PMC4456212.xml,y,n,n,no_body
Bio-protocol-3223,PMC4526408,low_conf,Biochemical & Molecular Functional Analysis,data/gold/pmc_jats/PMC4526408.xml,y,n,n,no_body
Bio-protocol-3227,PMC4585463,low_conf,Biochemical & Molecular Functional Analysis,data/gold/pmc_jats/PMC4585463.xml,y,y,y,
Bio-protocol-3228,PMC4585463,low_conf,Cell Biology & Culture,data/gold/pmc_jats/PMC4585463.xml,y,y,y,
Bio-protocol-3230,PMC4557842,low_conf,Neuroscience Methods,data/gold/pmc_jats/PMC4557842.xml,y,y,y,
Bio-protocol-3229,PMC4626894,low_conf,Biochemical & Molecular Functional Analysis,data/gold/pmc_jats/PMC4626894.xml,y,n,n,no_body
Bio-protocol-3239,PMC4289414,low_conf,Cell Biology & Culture,data/gold/pmc_jats/PMC4289414.xml,y,n,n,no_body
Bio-protocol-3238,PMC4558530,low_conf,Microbiology & Virology,data/gold/pmc_jats/PMC4558530.xml,y,y,y,
Bio-protocol-3245,PMC4639970,low_conf,Biochemical & Molecular Functional Analysis,data/gold/pmc_jats/PMC4639970.xml,y,n,n,no_body
Bio-protocol-3246,PMC4450059,low_conf,Immunological Techniques,data/gold/pmc_jats/PMC4450059.xml,y,y,y,
Bio-protocol-3247,PMC4450059,low_conf,Cell Biology & Culture,data/gold/pmc_jats/PMC4450059.xml,y,y,y,
Bio-protocol-3250,PMC4577399,low_conf,Plant Science & Technology,data/gold/pmc_jats/PMC4577399.xml,y,n,n,no_body
Bio-protocol-3251,PMC4804342,low_conf,Biochemical & Molecular Functional Analysis,data/gold/pmc_jats/PMC4804342.xml,y,n,n,no_body
Bio-protocol-3253,PMC4183505,low_conf,Microbiology & Virology,data/gold/pmc_jats/PMC4183505.xml,y,y,y,
Bio-protocol-3259,PMC4687684,low_conf,Structural Biology Techniques,data/gold/pmc_jats/PMC4687684.xml,y,n,n,no_body
Bio-protocol-3258,PMC6680207,low_conf,Plant Science & Technology,data/gold/pmc_jats/PMC6680207.xml,y,y,y,
Bio-protocol-3266,PMC4103362,low_conf,Neuroscience Methods,data/gold/pmc_jats/PMC4103362.xml,y,n,n,no_body
Bio-protocol-3267,PMC4466737,low_conf,Immunological Techniques,data/gold/pmc_jats/PMC4466737.xml,y,y,y,
Bio-protocol-3268,PMC6638430,low_conf,Biochemical & Molecular Functional Analysis,data/gold/pmc_jats/PMC6638430.xml,y,n,n,no_body
Bio-protocol-3270,PMC3875736,low_conf,Plant Science & Technology,data/gold/pmc_jats/PMC3875736.xml,y,n,n,no_body
Bio-protocol-3274,PMC4468612,low_conf,Neuroscience Methods,data/gold/pmc_jats/PMC4468612.xml,y,y,y,
Bio-protocol-3276,PMC4558043,low_conf,Model Organism-Specific Techniques,data/gold/pmc_jats/PMC4558043.xml,y,y,y,
Bio-protocol-3275,PMC5108061,low_conf,Cell Biology & Culture,data/gold/pmc_jats/PMC5108061.xml,y,y,y,
Bio-protocol-3279,PMC4694051,low_conf,Model Organism-Specific Techniques,data/gold/pmc_jats/PMC4694051.xml,y,n,n,no_body
Bio-protocol-3282,PMC4456648,low_conf,Plant Science & Technology,data/gold/pmc_jats/PMC4456648.xml,y,n,n,no_body
Bio-protocol-3281,PMC4456648,low_conf,Plant Science & Technology,data/gold/pmc_jats/PMC4456648.xml,y,n,n,no_body
Bio-protocol-3284,PMC4354371,low_conf,Immunological Techniques,data/gold/pmc_jats/PMC4354371.xml,y,y,y,
Bio-protocol-3280,PMC4549161,low_conf,Cell Biology & Culture,data/gold/pmc_jats/PMC4549161.xml,y,n,n,no_body
Bio-protocol-3285,PMC4509553,low_conf,Molecular Biology Techniques,data/gold/pmc_jats/PMC4509553.xml,y,y,y,
Bio-protocol-3288,PMC4568502,low_conf,Plant Science & Technology,data/gold/pmc_jats/PMC4568502.xml,y,n,n,no_body
Bio-protocol-3290,PMC4973852,low_conf,Plant Science & Technology,data/gold/pmc_jats/PMC4973852.xml,y,y,y,
Bio-protocol-3289,PMC4568502,low_conf,Plant Science & Technology,data/gold/pmc_jats/PMC4568502.xml,y,n,n,no_body
Bio-protocol-3292,PMC4582788,low_conf,Cell Biology & Culture,data/gold/pmc_jats/PMC4582788.xml,y,n,n,no_body
Bio-protocol-3294,PMC4563672,low_conf,Cell Biology & Culture,data/gold/pmc_jats/PMC4563672.xml,y,n,n,no_body
Bio-protocol-3295,PMC4415019,low_conf,Cell Biology & Culture,data/gold/pmc_jats/PMC4415019.xml,y,n,n,no_body
Bio-protocol-3298,PMC4678289,low_conf,Model Organism-Specific Techniques,data/gold/pmc_jats/PMC4678289.xml,y,y,y,
Bio-protocol-3299,PMC4678289,low_conf,Cell Biology & Culture,data/gold/pmc_jats/PMC4678289.xml,y,y,y,
Bio-protocol-3302,PMC4518248,low_conf,Immunological Techniques,data/gold/pmc_jats/PMC4518248.xml,y,y,y,
Bio-protocol-3303,PMC4518248,low_conf,Immunological Techniques,data/gold/pmc_jats/PMC4518248.xml,y,y,y,
Bio-protocol-3304,PMC4172452,low_conf,Biochemical & Molecular Functional Analysis,data/gold/pmc_jats/PMC4172452.xml,y,y,y,
Bio-protocol-3306,PMC4378982,low_conf,Genomics Technologies,data/gold/pmc_jats/PMC4378982.xml,y,y,y,
Bio-protocol-3311,PMC4559413,low_conf,Microbiology & Virology,data/gold/pmc_jats/PMC4559413.xml,y,y,y,
Bio-protocol-3312,PMC4559413,low_conf,Microbiology & Virology,data/gold/pmc_jats/PMC4559413.xml,y,y,y,
Bio-protocol-3314,PMC4518295,low_conf,Biochemical & Molecular Functional Analysis,data/gold/pmc_jats/PMC4518295.xml,y,y,y,
Bio-protocol-3316,PMC4454150,low_conf,Cell Biology & Culture,data/gold/pmc_jats/PMC4454150.xml,y,y,y,
Bio-protocol-3313,PMC4495186,low_conf,Microbiology & Virology,data/gold/pmc_jats/PMC4495186.xml,y,n,n,no_body
Bio-protocol-3317,PMC4588278,low_conf,Immunological Techniques,data/gold/pmc_jats/PMC4588278.xml,y,n,n,no_body
Bio-protocol-3329,PMC4577422,low_conf,Plant Science & Technology,data/gold/pmc_jats/PMC4577422.xml,y,n,n,no_body
Bio-protocol-3328,PMC4509920,low_conf,Neuroscience Methods,data/gold/pmc_jats/PMC4509920.xml,y,y,y,
Bio-protocol-3327,PMC4509920,low_conf,Neuroscience Methods,data/gold/pmc_jats/PMC4509920.xml,y,y,y,
Bio-protocol-3330,PMC4577422,low_conf,Plant Science & Technology,data/gold/pmc_jats/PMC4577422.xml,y,n,n,no_body
Bio-protocol-3332,PMC4497612,low_conf,Cell Biology & Culture,data/gold/pmc_jats/PMC4497612.xml,y,y,y,
Bio-protocol-3334,PMC3966907,low_conf,Model Organism-Specific Techniques,data/gold/pmc_jats/PMC3966907.xml,y,n,n,no_body
Bio-protocol-3337,PMC4582192,low_conf,Cell Biology & Culture,data/gold/pmc_jats/PMC4582192.xml,y,y,y,
Bio-protocol-3339,PMC4457973,low_conf,Microbiology & Virology,data/gold/pmc_jats/PMC4457973.xml,y,y,y,
Bio-protocol-3343,PMC4532256,low_conf,Neuroscience Methods,data/gold/pmc_jats/PMC4532256.xml,y,y,y,
Bio-protocol-3345,PMC4542258,low_conf,Biochemical & Molecular Functional Analysis,data/gold/pmc_jats/PMC4542258.xml,y,n,n,no_body
Bio-protocol-3349,PMC4378643,low_conf,Molecular Biology Techniques,data/gold/pmc_jats/PMC4378643.xml,y,n,n,no_body
Bio-protocol-3348,PMC4505864,low_conf,Biochemical & Molecular Functional Analysis,data/gold/pmc_jats/PMC4505864.xml,y,y,y,
Bio-protocol-3350,PMC4470795,low_conf,Biochemical & Molecular Functional Analysis,data/gold/pmc_jats/PMC4470795.xml,y,n,n,no_body
Bio-protocol-3352,PMC4561719,low_conf,Microbiology & Virology,data/gold/pmc_jats/PMC4561719.xml,y,y,y,
Bio-protocol-3354,PMC4424009,low_conf,Molecular Biology Techniques,data/gold/pmc_jats/PMC4424009.xml,y,n,n,no_body
Bio-protocol-3355,PMC4510178,low_conf,Biochemical & Molecular Functional Analysis,data/gold/pmc_jats/PMC4510178.xml,y,n,n,no_body
Bio-protocol-3356,PMC4191939,low_conf,Molecular Biology Techniques,data/gold/pmc_jats/PMC4191939.xml,y,y,y,
Bio-protocol-3360,PMC4255441,low_conf,Plant Science & Technology,data/gold/pmc_jats/PMC4255441.xml,y,y,y,
Bio-protocol-3361,PMC4439271,low_conf,Immunological Techniques,data/gold/pmc_jats/PMC4439271.xml,y,y,y,
Bio-protocol-3362,PMC4346268,low_conf,Microbiology & Virology,data/gold/pmc_jats/PMC4346268.xml,y,y,y,
Bio-protocol-3364,PMC4356063,low_conf,Plant Science & Technology,data/gold/pmc_jats/PMC4356063.xml,y,y,y,
Bio-protocol-3365,PMC4491210,low_conf,Biochemical & Molecular Functional Analysis,data/gold/pmc_jats/PMC4491210.xml,y,y,y,
Bio-protocol-3369,PMC4356948,low_conf,Bioimaging Technologies,data/gold/pmc_jats/PMC4356948.xml,y,n,n,no_body
Bio-protocol-3370,PMC4558682,low_conf,Plant Science & Technology,data/gold/pmc_jats/PMC4558682.xml,y,n,n,no_body
Bio-protocol-3371,PMC4558682,low_conf,Plant Science & Technology,data/gold/pmc_jats/PMC4558682.xml,y,n,n,no_body
Bio-protocol-3376,PMC6638700,low_conf,Microbiology & Virology,data/gold/pmc_jats/PMC6638700.xml,y,n,n,no_body
Bio-protocol-3374,PMC4121795,low_conf,Neuroscience Methods,data/gold/pmc_jats/PMC4121795.xml,y,n,n,no_body
Bio-protocol-3377,PMC5477896,low_conf,Immunological Techniques,data/gold/pmc_jats/PMC5477896.xml,y,n,n,no_body
Bio-protocol-3378,PMC4456919,low_conf,Plant Science & Technology,data/gold/pmc_jats/PMC4456919.xml,y,n,n,no_body
Bio-protocol-3381,PMC5477886,low_conf,Immunological Techniques,data/gold/pmc_jats/PMC5477886.xml,y,n,n,no_body
Bio-protocol-3380,PMC5477886,low_conf,Microbiology & Virology,data/gold/pmc_jats/PMC5477886.xml,y,n,n,no_body
Bio-protocol-3384,PMC4456614,low_conf,Microbiology & Virology,data/gold/pmc_jats/PMC4456614.xml,y,y,y,
Bio-protocol-3382,PMC4440603,low_conf,Plant Science & Technology,data/gold/pmc_jats/PMC4440603.xml,y,y,y,
Bio-protocol-3385,PMC3597691,low_conf,Molecular Biology Techniques,data/gold/pmc_jats/PMC3597691.xml,y,y,y,
Bio-protocol-3389,PMC4378149,low_conf,Plant Science & Technology,data/gold/pmc_jats/PMC4378149.xml,y,n,n,no_body
Bio-protocol-3386,PMC4548965,low_conf,Biochemical & Molecular Functional Analysis,data/gold/pmc_jats/PMC4548965.xml,y,n,n,no_body
Bio-protocol-3390,PMC4378149,low_conf,Plant Science & Technology,data/gold/pmc_jats/PMC4378149.xml,y,n,n,no_body
Bio-protocol-3387,PMC2790841,low_conf,Model Organism-Specific Techniques,data/gold/pmc_jats/PMC2790841.xml,y,y,y,
Bio-protocol-3392,PMC4364869,low_conf,Cell Biology & Culture,data/gold/pmc_jats/PMC4364869.xml,y,n,n,no_body
Bio-protocol-3393,PMC4364869,low_conf,Biochemical & Molecular Functional Analysis,data/gold/pmc_jats/PMC4364869.xml,y,n,n,no_body
Bio-protocol-3397,PMC4404916,low_conf,Neuroscience Methods,data/gold/pmc_jats/PMC4404916.xml,y,y,y,
Bio-protocol-3401,PMC4319441,low_conf,Biochemical & Molecular Functional Analysis,data/gold/pmc_jats/PMC4319441.xml,y,n,n,no_body
Bio-protocol-3402,PMC4317492,low_conf,Cell Biology & Culture,data/gold/pmc_jats/PMC4317492.xml,y,y,y,
Bio-protocol-3399,PMC4475279,low_conf,Bioimaging Technologies,data/gold/pmc_jats/PMC4475279.xml,y,n,n,no_body
Bio-protocol-3398,PMC4475279,low_conf,Cell Biology & Culture,data/gold/pmc_jats/PMC4475279.xml,y,n,n,no_body
Bio-protocol-3405,PMC4409033,low_conf,Cell Biology & Culture,data/gold/pmc_jats/PMC4409033.xml,y,y,y,
Bio-protocol-3407,PMC4387293,low_conf,Immunological Techniques,data/gold/pmc_jats/PMC4387293.xml,y,y,y,
Bio-protocol-3406,PMC4357323,low_conf,Bioimaging Technologies,data/gold/pmc_jats/PMC4357323.xml,y,y,y,
Bio-protocol-3408,PMC4293322,low_conf,Plant Science & Technology,data/gold/pmc_jats/PMC4293322.xml,y,n,n,no_body
Bio-protocol-3410,PMC4055742,low_conf,Immunological Techniques,data/gold/pmc_jats/PMC4055742.xml,y,y,y,
Bio-protocol-3411,PMC4558672,low_conf,Biochemical & Molecular Functional Analysis,data/gold/pmc_jats/PMC4558672.xml,y,n,n,no_body
Bio-protocol-3415,PMC4158809,low_conf,Microbiology & Virology,data/gold/pmc_jats/PMC4158809.xml,y,y,y,
Bio-protocol-3412,PMC4558672,low_conf,Plant Science & Technology,data/gold/pmc_jats/PMC4558672.xml,y,n,n,no_body
Bio-protocol-3416,PMC146985,low_conf,Molecular Biology Techniques,data/gold/pmc_jats/PMC146985.xml,y,n,n,no_body
Bio-protocol-3418,PMC3991748,low_conf,Biochemical & Molecular Functional Analysis,data/gold/pmc_jats/PMC3991748.xml,y,y,y,
Bio-protocol-3419,PMC4466561,low_conf,Plant Science & Technology,data/gold/pmc_jats/PMC4466561.xml,y,y,y,
Bio-protocol-3417,PMC3875814,low_conf,Plant Science & Technology,data/gold/pmc_jats/PMC3875814.xml,y,n,n,no_body
Bio-protocol-3425,PMC4377013,low_conf,Plant Science & Technology,data/gold/pmc_jats/PMC4377013.xml,y,y,y,
Bio-protocol-3424,PMC6638630,low_conf,Plant Science & Technology,data/gold/pmc_jats/PMC6638630.xml,y,n,n,no_body
Bio-protocol-3423,PMC6638630,low_conf,Plant Science & Technology,data/gold/pmc_jats/PMC6638630.xml,y,n,n,no_body
Bio-protocol-3431,PMC4558688,low_conf,Plant Science & Technology,data/gold/pmc_jats/PMC4558688.xml,y,n,n,no_body
Bio-protocol-3428,PMC4387282,low_conf,Neuroscience Methods,data/gold/pmc_jats/PMC4387282.xml,y,y,y,
Bio-protocol-3432,PMC4396474,low_conf,Cell Biology & Culture,data/gold/pmc_jats/PMC4396474.xml,y,n,n,no_body
Bio-protocol-3430,PMC4256863,low_conf,Biochemical & Molecular Functional Analysis,data/gold/pmc_jats/PMC4256863.xml,y,n,n,no_body
Bio-protocol-3429,PMC4387282,low_conf,Neuroscience Methods,data/gold/pmc_jats/PMC4387282.xml,y,y,y,
Bio-protocol-3434,PMC4528765,low_conf,Bioimaging Technologies,data/gold/pmc_jats/PMC4528765.xml,y,n,n,no_body
Bio-protocol-3438,PMC4431536,low_conf,Synthetic Biology & Bioengineering,data/gold/pmc_jats/PMC4431536.xml,y,y,y,
Bio-protocol-3440,PMC4329417,low_conf,Plant Science & Technology,data/gold/pmc_jats/PMC4329417.xml,y,y,y,
Bio-protocol-3442,PMC4281011,low_conf,Plant Science & Technology,data/gold/pmc_jats/PMC4281011.xml,y,n,n,no_body
Bio-protocol-3445,PMC4950293,low_conf,Plant Science & Technology,data/gold/pmc_jats/PMC4950293.xml,y,y,y,
Bio-protocol-3448,PMC4135971,low_conf,Microbiology & Virology,data/gold/pmc_jats/PMC4135971.xml,y,n,n,no_body
Bio-protocol-3446,PMC58973,low_conf,Plant Science & Technology,data/gold/pmc_jats/PMC58973.xml,y,n,n,no_body
Bio-protocol-3449,PMC4402388,low_conf,Microbiology & Virology,data/gold/pmc_jats/PMC4402388.xml,y,n,n,no_body
Bio-protocol-3451,PMC4226073,low_conf,Model Organism-Specific Techniques,data/gold/pmc_jats/PMC4226073.xml,y,n,n,no_body
Bio-protocol-3453,PMC4203141,low_conf,Plant Science & Technology,data/gold/pmc_jats/PMC4203141.xml,y,y,y,
Bio-protocol-3454,PMC4277217,low_conf,Plant Science & Technology,data/gold/pmc_jats/PMC4277217.xml,y,n,n,no_body
Bio-protocol-3457,PMC4817751,low_conf,Immunological Techniques,data/gold/pmc_jats/PMC4817751.xml,y,n,n,no_body
Bio-protocol-3455,PMC4378163,low_conf,Plant Science & Technology,data/gold/pmc_jats/PMC4378163.xml,y,n,n,no_body
Bio-protocol-3461,PMC3876221,low_conf,Plant Science & Technology,data/gold/pmc_jats/PMC3876221.xml,y,n,n,no_body
Bio-protocol-3464,PMC4286458,low_conf,Microbiology & Virology,data/gold/pmc_jats/PMC4286458.xml,y,n,n,no_body
Bio-protocol-3466,PMC4213156,low_conf,Bioimaging Technologies,data/gold/pmc_jats/PMC4213156.xml,y,n,n,no_body
Bio-protocol-3465,PMC4317492,low_conf,Bioimaging Technologies,data/gold/pmc_jats/PMC4317492.xml,y,y,y,
Bio-protocol-3467,PMC167004,low_conf,Plant Science & Technology,data/gold/pmc_jats/PMC167004.xml,y,n,n,no_body
Bio-protocol-3471,PMC4329120,low_conf,Microbiology & Virology,data/gold/pmc_jats/PMC4329120.xml,y,n,n,no_body
Bio-protocol-3475,PMC4293221,low_conf,Cell Biology & Culture,data/gold/pmc_jats/PMC4293221.xml,y,n,n,no_body
Bio-protocol-3474,PMC4293221,low_conf,Molecular Biology Techniques,data/gold/pmc_jats/PMC4293221.xml,y,n,n,no_body
Bio-protocol-3473,PMC4293221,low_conf,Molecular Biology Techniques,data/gold/pmc_jats/PMC4293221.xml,y,n,n,no_body
Bio-protocol-3477,PMC4558675,low_conf,Plant Science & Technology,data/gold/pmc_jats/PMC4558675.xml,y,n,n,no_body
Bio-protocol-3479,PMC4281003,low_conf,Plant Science & Technology,data/gold/pmc_jats/PMC4281003.xml,y,n,n,no_body
Bio-protocol-3480,PMC4145140,low_conf,Plant Science & Technology,data/gold/pmc_jats/PMC4145140.xml,y,n,n,no_body
Bio-protocol-3481,PMC4319441,low_conf,Biochemical & Molecular Functional Analysis,data/gold/pmc_jats/PMC4319441.xml,y,n,n,no_body
Bio-protocol-3487,PMC4397972,low_conf,Bioinformatics Methods,data/gold/pmc_jats/PMC4397972.xml,y,n,n,no_body
Bio-protocol-3486,PMC4762368,low_conf,Cell Biology & Culture,data/gold/pmc_jats/PMC4762368.xml,y,n,n,no_body
Bio-protocol-3489,PMC4309416,low_conf,Cell Biology & Culture,data/gold/pmc_jats/PMC4309416.xml,y,y,y,
Bio-protocol-3490,PMC3983686,low_conf,Cell Biology & Culture,data/gold/pmc_jats/PMC3983686.xml,y,y,y,
Bio-protocol-3494,PMC4149708,low_conf,Bioinformatics Methods,data/gold/pmc_jats/PMC4149708.xml,y,n,n,no_body
Bio-protocol-3493,PMC4184867,low_conf,Cell Biology & Culture,data/gold/pmc_jats/PMC4184867.xml,y,n,n,no_body
Bio-protocol-3497,PMC4325148,low_conf,Biochemical & Molecular Functional Analysis,data/gold/pmc_jats/PMC4325148.xml,y,n,n,no_body
Bio-protocol-3498,PMC4325148,low_conf,Biochemical & Molecular Functional Analysis,data/gold/pmc_jats/PMC4325148.xml,y,n,n,no_body
Bio-protocol-3499,PMC3811583,low_conf,Biochemical & Molecular Functional Analysis,data/gold/pmc_jats/PMC3811583.xml,y,n,n,no_body
Bio-protocol-3503,PMC4311217,low_conf,Plant Science & Technology,data/gold/pmc_jats/PMC4311217.xml,y,n,n,no_body
Bio-protocol-3505,PMC4338846,low_conf,Model Organism-Specific Techniques,data/gold/pmc_jats/PMC4338846.xml,y,n,n,no_body
Bio-protocol-3504,PMC4199768,low_conf,Plant Science & Technology,data/gold/pmc_jats/PMC4199768.xml,y,y,y,
Bio-protocol-3508,PMC4017943,low_conf,Cell Biology & Culture,data/gold/pmc_jats/PMC4017943.xml,y,n,n,no_body
Bio-protocol-3511,PMC4119027,low_conf,Plant Science & Technology,data/gold/pmc_jats/PMC4119027.xml,y,n,n,no_body
Bio-protocol-3510,PMC4437465,low_conf,Biochemical & Molecular Functional Analysis,data/gold/pmc_jats/PMC4437465.xml,y,n,n,no_body
Bio-protocol-3513,PMC4408376,low_conf,Bioimaging Technologies,data/gold/pmc_jats/PMC4408376.xml,y,n,n,no_body
Bio-protocol-3512,PMC4408376,low_conf,Bioimaging Technologies,data/gold/pmc_jats/PMC4408376.xml,y,n,n,no_body
Bio-protocol-3515,PMC4430354,low_conf,Biochemical & Molecular Functional Analysis,data/gold/pmc_jats/PMC4430354.xml,y,n,n,no_body
Bio-protocol-3516,PMC4249138,low_conf,Immunological Techniques,data/gold/pmc_jats/PMC4249138.xml,y,n,n,no_body
Bio-protocol-3517,PMC4249138,low_conf,Immunological Techniques,data/gold/pmc_jats/PMC4249138.xml,y,n,n,no_body
Bio-protocol-3519,PMC4177991,low_conf,Bioimaging Technologies,data/gold/pmc_jats/PMC4177991.xml,y,y,y,
Bio-protocol-3518,PMC4570674,low_conf,Plant Science & Technology,data/gold/pmc_jats/PMC4570674.xml,y,y,y,
Bio-protocol-3524,PMC4249572,low_conf,Pharmacology & Drug Development,data/gold/pmc_jats/PMC4249572.xml,y,n,n,no_body
Bio-protocol-3525,PMC4301094,low_conf,Immunological Techniques,data/gold/pmc_jats/PMC4301094.xml,y,n,n,no_body
Bio-protocol-3527,PMC4450054,low_conf,Plant Science & Technology,data/gold/pmc_jats/PMC4450054.xml,y,y,y,
Bio-protocol-3528,PMC4304707,low_conf,Molecular Biology Techniques,data/gold/pmc_jats/PMC4304707.xml,y,y,y,
Bio-protocol-3529,PMC4181850,low_conf,Model Organism-Specific Techniques,data/gold/pmc_jats/PMC4181850.xml,y,y,y,
Bio-protocol-3531,PMC4311196,low_conf,Plant Science & Technology,data/gold/pmc_jats/PMC4311196.xml,y,n,n,no_body
Bio-protocol-3532,PMC3982724,low_conf,Plant Science & Technology,data/gold/pmc_jats/PMC3982724.xml,y,n,n,no_body
Bio-protocol-3533,PMC4195560,low_conf,Bioimaging Technologies,data/gold/pmc_jats/PMC4195560.xml,y,n,n,no_body
Bio-protocol-3538,PMC4113947,low_conf,Bioimaging Technologies,data/gold/pmc_jats/PMC4113947.xml,y,y,y,
Bio-protocol-3537,PMC3388087,low_conf,Biochemical & Molecular Functional Analysis,data/gold/pmc_jats/PMC3388087.xml,y,y,y,
Bio-protocol-3540,PMC4249009,low_conf,Microbiology & Virology,data/gold/pmc_jats/PMC4249009.xml,y,n,n,no_body
Bio-protocol-3542,PMC4226351,low_conf,Plant Science & Technology,data/gold/pmc_jats/PMC4226351.xml,y,n,n,no_body
Bio-protocol-3541,PMC4249009,low_conf,Microbiology & Virology,data/gold/pmc_jats/PMC4249009.xml,y,n,n,no_body
Bio-protocol-3544,PMC3152378,low_conf,Model Organism-Specific Techniques,data/gold/pmc_jats/PMC3152378.xml,y,n,n,no_body
Bio-protocol-3545,PMC4063974,low_conf,Microbiology & Virology,data/gold/pmc_jats/PMC4063974.xml,y,y,y,
Bio-protocol-3548,PMC4145132,low_conf,Bioimaging Technologies,data/gold/pmc_jats/PMC4145132.xml,y,n,n,no_body
Bio-protocol-3552,PMC4299202,low_conf,Microbiology & Virology,data/gold/pmc_jats/PMC4299202.xml,y,n,n,no_body
Bio-protocol-3554,PMC4226365,low_conf,Plant Science & Technology,data/gold/pmc_jats/PMC4226365.xml,y,n,n,no_body
Bio-protocol-3553,PMC4177851,low_conf,Structural Biology Techniques,data/gold/pmc_jats/PMC4177851.xml,y,n,n,no_body
Bio-protocol-3559,PMC4200376,low_conf,Plant Science & Technology,data/gold/pmc_jats/PMC4200376.xml,y,y,y,
Bio-protocol-3558,PMC4299235,low_conf,Immunological Techniques,data/gold/pmc_jats/PMC4299235.xml,y,n,n,no_body
Bio-protocol-3561,PMC4035928,low_conf,Plant Science & Technology,data/gold/pmc_jats/PMC4035928.xml,y,n,n,no_body
Bio-protocol-3563,PMC4117943,low_conf,Plant Science & Technology,data/gold/pmc_jats/PMC4117943.xml,y,y,y,
Bio-protocol-3564,PMC4204732,low_conf,Immunological Techniques,data/gold/pmc_jats/PMC4204732.xml,y,n,n,no_body
Bio-protocol-3565,PMC4204782,low_conf,Bioinformatics Methods,data/gold/pmc_jats/PMC4204782.xml,y,n,n,no_body
Bio-protocol-3566,PMC4409868,low_conf,Structural Biology Techniques,data/gold/pmc_jats/PMC4409868.xml,y,n,n,no_body
Bio-protocol-3568,PMC4105703,low_conf,Immunological Techniques,data/gold/pmc_jats/PMC4105703.xml,y,y,y,
Bio-protocol-3570,PMC4068541,low_conf,Microbiology & Virology,data/gold/pmc_jats/PMC4068541.xml,y,n,n,no_body
Bio-protocol-3572,PMC4203136,low_conf,Plant Science & Technology,data/gold/pmc_jats/PMC4203136.xml,y,y,y,
Bio-protocol-3571,PMC4203136,low_conf,Plant Science & Technology,data/gold/pmc_jats/PMC4203136.xml,y,y,y,
Bio-protocol-3575,PMC3991745,low_conf,Cell Biology & Culture,data/gold/pmc_jats/PMC3991745.xml,y,y,y,
Bio-protocol-3573,PMC4332844,low_conf,Cell Biology & Culture,data/gold/pmc_jats/PMC4332844.xml,y,n,n,no_body
Bio-protocol-3580,PMC4136252,low_conf,Microbiology & Virology,data/gold/pmc_jats/PMC4136252.xml,y,n,n,no_body
Bio-protocol-3579,PMC4136252,low_conf,Molecular Biology Techniques,data/gold/pmc_jats/PMC4136252.xml,y,n,n,no_body
Bio-protocol-3581,PMC4221155,low_conf,Bioimaging Technologies,data/gold/pmc_jats/PMC4221155.xml,y,y,y,
Bio-protocol-3582,PMC4221155,low_conf,Immunological Techniques,data/gold/pmc_jats/PMC4221155.xml,y,y,y,
Bio-protocol-3585,PMC3871226,low_conf,Model Organism-Specific Techniques,data/gold/pmc_jats/PMC3871226.xml,y,n,n,no_body
Bio-protocol-3584,PMC4283594,low_conf,Genomics Technologies,data/gold/pmc_jats/PMC4283594.xml,y,y,y,
Bio-protocol-3587,PMC4277223,low_conf,Plant Science & Technology,data/gold/pmc_jats/PMC4277223.xml,y,n,n,no_body
Bio-protocol-3588,PMC4450068,low_conf,Microbiology & Virology,data/gold/pmc_jats/PMC4450068.xml,y,y,y,
Bio-protocol-3589,PMC4193933,low_conf,Cell Biology & Culture,data/gold/pmc_jats/PMC4193933.xml,y,n,n,no_body
Bio-protocol-3590,PMC3975837,low_conf,Neuroscience Methods,data/gold/pmc_jats/PMC3975837.xml,y,y,y,
Bio-protocol-3591,PMC4172953,low_conf,Plant Science & Technology,data/gold/pmc_jats/PMC4172953.xml,y,y,y,
Bio-protocol-3592,PMC4150354,low_conf,Structural Biology Techniques,data/gold/pmc_jats/PMC4150354.xml,y,n,n,no_body
Bio-protocol-3594,PMC3915040,low_conf,Bioimaging Technologies,data/gold/pmc_jats/PMC3915040.xml,y,n,n,no_body
Bio-protocol-3597,PMC2538902,low_conf,Bioimaging Technologies,data/gold/pmc_jats/PMC2538902.xml,y,n,n,no_body
Bio-protocol-3596,PMC4071097,low_conf,Plant Science & Technology,data/gold/pmc_jats/PMC4071097.xml,y,n,n,no_body
Bio-protocol-3595,PMC3953431,low_conf,Microbiology & Virology,data/gold/pmc_jats/PMC3953431.xml,y,y,y,
Bio-protocol-3598,PMC4234621,low_conf,Molecular Biology Techniques,data/gold/pmc_jats/PMC4234621.xml,y,n,n,no_body
Bio-protocol-3600,PMC4135929,low_conf,Molecular Biology Techniques,data/gold/pmc_jats/PMC4135929.xml,y,n,n,no_body
Bio-protocol-3604,PMC3991745,low_conf,Plant Science & Technology,data/gold/pmc_jats/PMC3991745.xml,y,y,y,
Bio-protocol-3601,PMC4063973,low_conf,Microbiology & Virology,data/gold/pmc_jats/PMC4063973.xml,y,y,y,
Bio-protocol-3603,PMC4063973,low_conf,Microbiology & Virology,data/gold/pmc_jats/PMC4063973.xml,y,y,y,
Bio-protocol-3602,PMC4063973,low_conf,Microbiology & Virology,data/gold/pmc_jats/PMC4063973.xml,y,y,y,
Bio-protocol-3605,PMC4172879,low_conf,Neuroscience Methods,data/gold/pmc_jats/PMC4172879.xml,y,y,y,
Bio-protocol-3608,PMC4145134,low_conf,Plant Science & Technology,data/gold/pmc_jats/PMC4145134.xml,y,n,n,no_body
Bio-protocol-3612,PMC4213123,low_conf,Plant Science & Technology,data/gold/pmc_jats/PMC4213123.xml,y,n,n,no_body
Bio-protocol-3611,PMC4140859,low_conf,Plant Science & Technology,data/gold/pmc_jats/PMC4140859.xml,y,y,y,
Bio-protocol-3607,PMC4163167,low_conf,Plant Science & Technology,data/gold/pmc_jats/PMC4163167.xml,y,y,y,
Bio-protocol-3617,PMC4164820,low_conf,Model Organism-Specific Techniques,data/gold/pmc_jats/PMC4164820.xml,y,y,y,
Bio-protocol-3621,PMC4115254,low_conf,Plant Science & Technology,data/gold/pmc_jats/PMC4115254.xml,y,y,y,
Bio-protocol-3614,PMC3757333,low_conf,Bioimaging Technologies,data/gold/pmc_jats/PMC3757333.xml,y,n,n,no_body
Bio-protocol-3615,PMC3757333,low_conf,Model Organism-Specific Techniques,data/gold/pmc_jats/PMC3757333.xml,y,n,n,no_body
Bio-protocol-3619,PMC6638820,low_conf,Plant Science & Technology,data/gold/pmc_jats/PMC6638820.xml,y,n,n,no_body
Bio-protocol-3622,PMC4135932,low_conf,Molecular Biology Techniques,data/gold/pmc_jats/PMC4135932.xml,y,n,n,no_body
Bio-protocol-3620,PMC3898098,low_conf,Biochemical & Molecular Functional Analysis,data/gold/pmc_jats/PMC3898098.xml,y,y,y,
Bio-protocol-3624,PMC4158134,low_conf,Plant Science & Technology,data/gold/pmc_jats/PMC4158134.xml,y,y,y,
Bio-protocol-3623,PMC4135932,low_conf,Molecular Biology Techniques,data/gold/pmc_jats/PMC4135932.xml,y,n,n,no_body
Bio-protocol-3629,PMC4195553,low_conf,Plant Science & Technology,data/gold/pmc_jats/PMC4195553.xml,y,n,n,no_body
Bio-protocol-3628,PMC4158134,low_conf,Plant Science & Technology,data/gold/pmc_jats/PMC4158134.xml,y,y,y,
Bio-protocol-3627,PMC4208278,low_conf,Model Organism-Specific Techniques,data/gold/pmc_jats/PMC4208278.xml,y,n,n,no_body
Bio-protocol-3630,PMC3892122,low_conf,Immunological Techniques,data/gold/pmc_jats/PMC3892122.xml,y,y,y,
Bio-protocol-3631,PMC4227921,low_conf,Microbiology & Virology,data/gold/pmc_jats/PMC4227921.xml,y,n,n,no_body
Bio-protocol-3626,PMC4208278,low_conf,Model Organism-Specific Techniques,data/gold/pmc_jats/PMC4208278.xml,y,n,n,no_body
Bio-protocol-3625,PMC4158134,low_conf,Plant Science & Technology,data/gold/pmc_jats/PMC4158134.xml,y,y,y,
Bio-protocol-3632,PMC4247589,low_conf,Plant Science & Technology,data/gold/pmc_jats/PMC4247589.xml,y,n,n,no_body
Bio-protocol-3633,PMC4026860,low_conf,Model Organism-Specific Techniques,data/gold/pmc_jats/PMC4026860.xml,y,y,y,
Bio-protocol-3634,PMC4036580,low_conf,Plant Science & Technology,data/gold/pmc_jats/PMC4036580.xml,y,n,n,no_body
Bio-protocol-3637,PMC4195551,low_conf,Plant Science & Technology,data/gold/pmc_jats/PMC4195551.xml,y,y,y,
Bio-protocol-3640,PMC4076585,low_conf,Immunological Techniques,data/gold/pmc_jats/PMC4076585.xml,y,y,y,
Bio-protocol-3639,PMC4097769,low_conf,Microbiology & Virology,data/gold/pmc_jats/PMC4097769.xml,y,n,n,no_body
Bio-protocol-3638,PMC4344515,low_conf,Biochemical & Molecular Functional Analysis,data/gold/pmc_jats/PMC4344515.xml,y,y,y,
Bio-protocol-3641,PMC4160556,low_conf,Plant Science & Technology,data/gold/pmc_jats/PMC4160556.xml,y,y,y,
Bio-protocol-3642,PMC4006739,low_conf,Bioimaging Technologies,data/gold/pmc_jats/PMC4006739.xml,y,y,y,
Bio-protocol-3644,PMC4199516,low_conf,Model Organism-Specific Techniques,data/gold/pmc_jats/PMC4199516.xml,y,y,y,
Bio-protocol-3645,PMC4133022,low_conf,Plant Science & Technology,data/gold/pmc_jats/PMC4133022.xml,y,y,y,
Bio-protocol-3647,PMC4091798,low_conf,Plant Science & Technology,data/gold/pmc_jats/PMC4091798.xml,y,y,y,
Bio-protocol-3650,PMC4049323,low_conf,Molecular Biology Techniques,data/gold/pmc_jats/PMC4049323.xml,y,n,n,no_body
Bio-protocol-3654,PMC3847779,low_conf,Microbiology & Virology,data/gold/pmc_jats/PMC3847779.xml,y,y,y,
Bio-protocol-3656,PMC3983061,low_conf,Genomics Technologies,data/gold/pmc_jats/PMC3983061.xml,y,y,y,
Bio-protocol-3657,PMC4011693,low_conf,Pharmacology & Drug Development,data/gold/pmc_jats/PMC4011693.xml,y,n,n,no_body
Bio-protocol-3662,PMC4084986,low_conf,Neuroscience Methods,data/gold/pmc_jats/PMC4084986.xml,y,y,y,
Bio-protocol-3660,PMC4177988,low_conf,Immunological Techniques,data/gold/pmc_jats/PMC4177988.xml,y,y,y,
Bio-protocol-3666,PMC4097769,low_conf,Microbiology & Virology,data/gold/pmc_jats/PMC4097769.xml,y,n,n,no_body
Bio-protocol-3667,PMC4052017,low_conf,Plant Science & Technology,data/gold/pmc_jats/PMC4052017.xml,y,y,y,
Bio-protocol-3668,PMC4052017,low_conf,Plant Science & Technology,data/gold/pmc_jats/PMC4052017.xml,y,y,y,
Bio-protocol-3671,PMC4400539,low_conf,Plant Science & Technology,data/gold/pmc_jats/PMC4400539.xml,y,n,n,no_body
Bio-protocol-3675,PMC4121841,low_conf,Cell Biology & Culture,data/gold/pmc_jats/PMC4121841.xml,y,n,n,no_body
Bio-protocol-3676,PMC4054173,low_conf,Biochemical & Molecular Functional Analysis,data/gold/pmc_jats/PMC4054173.xml,y,n,n,no_body
Bio-protocol-3677,PMC3766402,low_conf,Plant Science & Technology,data/gold/pmc_jats/PMC3766402.xml,y,y,y,
Bio-protocol-3680,PMC4119048,low_conf,Plant Science & Technology,data/gold/pmc_jats/PMC4119048.xml,y,n,n,no_body
Bio-protocol-3681,PMC4054166,low_conf,Biochemical & Molecular Functional Analysis,data/gold/pmc_jats/PMC4054166.xml,y,n,n,no_body
Bio-protocol-3683,PMC4054353,low_conf,Pharmacology & Drug Development,data/gold/pmc_jats/PMC4054353.xml,y,n,n,no_body
Bio-protocol-3682,PMC4054353,low_conf,Microbiology & Virology,data/gold/pmc_jats/PMC4054353.xml,y,n,n,no_body
Bio-protocol-3684,PMC4110042,low_conf,Biochemical & Molecular Functional Analysis,data/gold/pmc_jats/PMC4110042.xml,y,y,y,
Bio-protocol-3687,PMC3883284,low_conf,Plant Science & Technology,data/gold/pmc_jats/PMC3883284.xml,y,y,y,
Bio-protocol-3688,PMC167088,low_conf,Plant Science & Technology,data/gold/pmc_jats/PMC167088.xml,y,n,n,no_body
Bio-protocol-3693,PMC4036567,low_conf,Plant Science & Technology,data/gold/pmc_jats/PMC4036567.xml,y,n,n,no_body
Bio-protocol-3692,PMC3974857,low_conf,Microbiology & Virology,data/gold/pmc_jats/PMC3974857.xml,y,y,y,
Bio-protocol-3694,PMC4119036,low_conf,Bioimaging Technologies,data/gold/pmc_jats/PMC4119036.xml,y,n,n,no_body
Bio-protocol-3695,PMC4133157,low_conf,Immunological Techniques,data/gold/pmc_jats/PMC4133157.xml,y,y,y,
Bio-protocol-3696,PMC3623766,low_conf,Microbiology & Virology,data/gold/pmc_jats/PMC3623766.xml,y,y,y,
Bio-protocol-3697,PMC4071096,low_conf,Plant Science & Technology,data/gold/pmc_jats/PMC4071096.xml,y,n,n,no_body
Bio-protocol-3700,PMC4135665,low_conf,Microbiology & Virology,data/gold/pmc_jats/PMC4135665.xml,y,n,n,no_body
Bio-protocol-3701,PMC4114961,low_conf,Plant Science & Technology,data/gold/pmc_jats/PMC4114961.xml,y,n,n,no_body
Bio-protocol-3702,PMC4114961,low_conf,Plant Science & Technology,data/gold/pmc_jats/PMC4114961.xml,y,n,n,no_body
Bio-protocol-3707,PMC3991737,low_conf,Plant Science & Technology,data/gold/pmc_jats/PMC3991737.xml,y,y,y,
Bio-protocol-3709,PMC4079353,low_conf,Biochemical & Molecular Functional Analysis,data/gold/pmc_jats/PMC4079353.xml,y,n,n,no_body
Bio-protocol-3708,PMC4079353,low_conf,Plant Science & Technology,data/gold/pmc_jats/PMC4079353.xml,y,n,n,no_body
Bio-protocol-3717,PMC4114948,low_conf,Bioimaging Technologies,data/gold/pmc_jats/PMC4114948.xml,y,n,n,no_body
Bio-protocol-3720,PMC3877805,low_conf,Plant Science & Technology,data/gold/pmc_jats/PMC3877805.xml,y,n,n,no_body
Bio-protocol-3719,PMC160333,low_conf,Plant Science & Technology,data/gold/pmc_jats/PMC160333.xml,y,n,n,no_body
Bio-protocol-3721,PMC3877805,low_conf,Genomics Technologies,data/gold/pmc_jats/PMC3877805.xml,y,n,n,no_body
Bio-protocol-3723,PMC4079059,low_conf,Microbiology & Virology,data/gold/pmc_jats/PMC4079059.xml,y,n,n,no_body
Bio-protocol-3722,PMC4079059,low_conf,Microbiology & Virology,data/gold/pmc_jats/PMC4079059.xml,y,n,n,no_body
Bio-protocol-3725,PMC4047107,low_conf,Immunological Techniques,data/gold/pmc_jats/PMC4047107.xml,y,y,y,
Bio-protocol-3727,PMC4081328,low_conf,Plant Science & Technology,data/gold/pmc_jats/PMC4081328.xml,y,n,n,no_body
Bio-protocol-3726,PMC4081328,low_conf,Plant Science & Technology,data/gold/pmc_jats/PMC4081328.xml,y,n,n,no_body
Bio-protocol-3729,PMC4142212,low_conf,Molecular Biology Techniques,data/gold/pmc_jats/PMC4142212.xml,y,n,n,no_body
Bio-protocol-3728,PMC4081775,low_conf,Immunological Techniques,data/gold/pmc_jats/PMC4081775.xml,y,y,y,
Bio-protocol-3730,PMC4054165,low_conf,Biochemical & Molecular Functional Analysis,data/gold/pmc_jats/PMC4054165.xml,y,n,n,no_body
Bio-protocol-3731,PMC3991738,low_conf,Plant Science & Technology,data/gold/pmc_jats/PMC3991738.xml,y,y,y,
Bio-protocol-3732,PMC3991738,low_conf,Plant Science & Technology,data/gold/pmc_jats/PMC3991738.xml,y,y,y,
Bio-protocol-3737,PMC3881292,low_conf,Biochemical & Molecular Functional Analysis,data/gold/pmc_jats/PMC3881292.xml,y,n,n,no_body
Bio-protocol-3736,PMC4119052,low_conf,Biochemical & Molecular Functional Analysis,data/gold/pmc_jats/PMC4119052.xml,y,n,n,no_body
Bio-protocol-3738,PMC3998093,low_conf,Cell Biology & Culture,data/gold/pmc_jats/PMC3998093.xml,y,y,y,
Bio-protocol-3739,PMC4068423,low_conf,Microbiology & Virology,data/gold/pmc_jats/PMC4068423.xml,y,n,n,no_body
Bio-protocol-3741,PMC4001378,low_conf,Biochemical & Molecular Functional Analysis,data/gold/pmc_jats/PMC4001378.xml,y,n,n,no_body
Bio-protocol-3740,PMC4190661,low_conf,Plant Science & Technology,data/gold/pmc_jats/PMC4190661.xml,y,n,n,no_body
Bio-protocol-3743,PMC4110548,low_conf,Plant Science & Technology,data/gold/pmc_jats/PMC4110548.xml,y,y,y,
Bio-protocol-3745,PMC4337425,low_conf,Structural Biology Techniques,data/gold/pmc_jats/PMC4337425.xml,y,n,n,no_body
Bio-protocol-3746,PMC4135960,low_conf,Neuroscience Methods,data/gold/pmc_jats/PMC4135960.xml,y,n,n,no_body
Bio-protocol-3750,PMC3957706,low_conf,Microbiology & Virology,data/gold/pmc_jats/PMC3957706.xml,y,n,n,no_body
Bio-protocol-3749,PMC3752833,low_conf,Immunological Techniques,data/gold/pmc_jats/PMC3752833.xml,y,n,n,no_body
Bio-protocol-3752,PMC4081331,low_conf,Plant Science & Technology,data/gold/pmc_jats/PMC4081331.xml,y,n,n,no_body
Bio-protocol-3753,PMC4023746,low_conf,Pharmacology & Drug Development,data/gold/pmc_jats/PMC4023746.xml,y,n,n,no_body
Bio-protocol-3754,PMC4023746,low_conf,Pharmacology & Drug Development,data/gold/pmc_jats/PMC4023746.xml,y,n,n,no_body
Bio-protocol-3756,PMC4107212,low_conf,Biochemical & Molecular Functional Analysis,data/gold/pmc_jats/PMC4107212.xml,y,n,n,no_body
Bio-protocol-3755,PMC3624286,low_conf,Microbiology & Virology,data/gold/pmc_jats/PMC3624286.xml,y,n,n,no_body
Bio-protocol-3757,PMC4096338,low_conf,Biochemical & Molecular Functional Analysis,data/gold/pmc_jats/PMC4096338.xml,y,n,n,no_body
Bio-protocol-3758,PMC4030585,low_conf,Cell Biology & Culture,data/gold/pmc_jats/PMC4030585.xml,y,y,y,
Bio-protocol-3764,PMC3928532,low_conf,Plant Science & Technology,data/gold/pmc_jats/PMC3928532.xml,y,y,y,
Bio-protocol-3762,PMC3982749,low_conf,Plant Science & Technology,data/gold/pmc_jats/PMC3982749.xml,y,n,n,no_body
Bio-protocol-3761,PMC4436148,low_conf,Immunological Techniques,data/gold/pmc_jats/PMC4436148.xml,y,n,n,no_body
Bio-protocol-3766,PMC3993799,low_conf,Microbiology & Virology,data/gold/pmc_jats/PMC3993799.xml,y,n,n,no_body
Bio-protocol-3765,PMC3911571,low_conf,Immunological Techniques,data/gold/pmc_jats/PMC3911571.xml,y,n,n,no_body
Bio-protocol-3769,PMC4012596,low_conf,Plant Science & Technology,data/gold/pmc_jats/PMC4012596.xml,y,n,n,no_body
Bio-protocol-3768,PMC4001377,low_conf,Plant Science & Technology,data/gold/pmc_jats/PMC4001377.xml,y,n,n,no_body
Bio-protocol-3767,PMC3967028,low_conf,Plant Science & Technology,data/gold/pmc_jats/PMC3967028.xml,y,n,n,no_body
Bio-protocol-3771,PMC4071097,low_conf,Bioimaging Technologies,data/gold/pmc_jats/PMC4071097.xml,y,n,n,no_body
Bio-protocol-3772,PMC4288972,low_conf,Plant Science & Technology,data/gold/pmc_jats/PMC4288972.xml,y,y,y,
Bio-protocol-3773,PMC4068146,low_conf,Molecular Biology Techniques,data/gold/pmc_jats/PMC4068146.xml,y,y,y,
Bio-protocol-3774,PMC3912082,low_conf,Plant Science & Technology,data/gold/pmc_jats/PMC3912082.xml,y,n,n,no_body
Bio-protocol-3814,PMC3967026,low_conf,Plant Science & Technology,data/gold/pmc_jats/PMC3967026.xml,y,n,n,no_body
Bio-protocol-3815,PMC3967026,low_conf,Plant Science & Technology,data/gold/pmc_jats/PMC3967026.xml,y,n,n,no_body
Bio-protocol-3817,PMC3982140,low_conf,Cell Biology & Culture,data/gold/pmc_jats/PMC3982140.xml,y,y,y,
Bio-protocol-3816,PMC3941799,low_conf,Neuroscience Methods,data/gold/pmc_jats/PMC3941799.xml,y,y,y,
Bio-protocol-3819,PMC6168318,low_conf,Biochemical & Molecular Functional Analysis,data/gold/pmc_jats/PMC6168318.xml,y,n,n,no_body
Bio-protocol-3818,PMC3982140,low_conf,Cell Biology & Culture,data/gold/pmc_jats/PMC3982140.xml,y,y,y,
Bio-protocol-3824,PMC4101873,low_conf,Microbiology & Virology,data/gold/pmc_jats/PMC4101873.xml,y,y,y,
Bio-protocol-3828,PMC3898310,low_conf,Immunological Techniques,data/gold/pmc_jats/PMC3898310.xml,y,y,y,
Bio-protocol-3825,PMC3991742,low_conf,Plant Science & Technology,data/gold/pmc_jats/PMC3991742.xml,y,y,y,
Bio-protocol-3823,PMC4101873,low_conf,Microbiology & Virology,data/gold/pmc_jats/PMC4101873.xml,y,y,y,
Bio-protocol-3827,PMC3725990,low_conf,Neuroscience Methods,data/gold/pmc_jats/PMC3725990.xml,y,y,y,
Bio-protocol-3830,PMC4107212,low_conf,Biochemical & Molecular Functional Analysis,data/gold/pmc_jats/PMC4107212.xml,y,n,n,no_body
Bio-protocol-3829,PMC3894212,low_conf,Microbiology & Virology,data/gold/pmc_jats/PMC3894212.xml,y,y,y,
Bio-protocol-3831,PMC3807413,low_conf,Immunological Techniques,data/gold/pmc_jats/PMC3807413.xml,y,n,n,no_body
Bio-protocol-3835,PMC3875812,low_conf,Biochemical & Molecular Functional Analysis,data/gold/pmc_jats/PMC3875812.xml,y,n,n,no_body
Bio-protocol-3832,PMC3994636,low_conf,Cell Biology & Culture,data/gold/pmc_jats/PMC3994636.xml,y,y,y,
Bio-protocol-3836,PMC3993792,low_conf,Microbiology & Virology,data/gold/pmc_jats/PMC3993792.xml,y,n,n,no_body
Bio-protocol-3838,PMC4697943,low_conf,Molecular Biology Techniques,data/gold/pmc_jats/PMC4697943.xml,y,n,n,no_body
Bio-protocol-3845,PMC3982769,low_conf,Molecular Biology Techniques,data/gold/pmc_jats/PMC3982769.xml,y,n,n,no_body
Bio-protocol-3847,PMC3903999,low_conf,Plant Science & Technology,data/gold/pmc_jats/PMC3903999.xml,y,n,n,no_body
Bio-protocol-3849,PMC3993546,low_conf,Immunological Techniques,data/gold/pmc_jats/PMC3993546.xml,y,n,n,no_body
Bio-protocol-3852,PMC4235344,low_conf,Microbiology & Virology,data/gold/pmc_jats/PMC4235344.xml,y,y,y,
Bio-protocol-3853,PMC4235344,low_conf,Biochemical & Molecular Functional Analysis,data/gold/pmc_jats/PMC4235344.xml,y,y,y,
Bio-protocol-3858,PMC3897375,low_conf,Model Organism-Specific Techniques,data/gold/pmc_jats/PMC3897375.xml,y,y,y,
Bio-protocol-3856,PMC4012576,low_conf,Plant Science & Technology,data/gold/pmc_jats/PMC4012576.xml,y,n,n,no_body
Bio-protocol-3857,PMC3911693,low_conf,Microbiology & Virology,data/gold/pmc_jats/PMC3911693.xml,y,n,n,no_body
Bio-protocol-3859,PMC3897375,low_conf,Model Organism-Specific Techniques,data/gold/pmc_jats/PMC3897375.xml,y,y,y,
Bio-protocol-3865,PMC3993542,low_conf,Biochemical & Molecular Functional Analysis,data/gold/pmc_jats/PMC3993542.xml,y,n,n,no_body
Bio-protocol-3866,PMC4014462,low_conf,Microbiology & Virology,data/gold/pmc_jats/PMC4014462.xml,y,y,y,
Bio-protocol-3867,PMC3947020,low_conf,Biochemical & Molecular Functional Analysis,data/gold/pmc_jats/PMC3947020.xml,y,n,n,no_body
Bio-protocol-3868,PMC4012589,low_conf,Plant Science & Technology,data/gold/pmc_jats/PMC4012589.xml,y,n,n,no_body
Bio-protocol-3870,PMC4001374,low_conf,Plant Science & Technology,data/gold/pmc_jats/PMC4001374.xml,y,n,n,no_body
Bio-protocol-3871,PMC3895174,low_conf,Immunological Techniques,data/gold/pmc_jats/PMC3895174.xml,y,y,y,
Bio-protocol-3873,PMC3938613,low_conf,Plant Science & Technology,data/gold/pmc_jats/PMC3938613.xml,y,n,n,no_body
Bio-protocol-3878,PMC4697943,low_conf,Biochemical & Molecular Functional Analysis,data/gold/pmc_jats/PMC4697943.xml,y,n,n,no_body
Bio-protocol-3877,PMC3944405,low_conf,Bioimaging Technologies,data/gold/pmc_jats/PMC3944405.xml,y,n,n,no_body
Bio-protocol-3880,PMC3982773,low_conf,Plant Science & Technology,data/gold/pmc_jats/PMC3982773.xml,y,n,n,no_body
Bio-protocol-3879,PMC3818420,low_conf,Biochemical & Molecular Functional Analysis,data/gold/pmc_jats/PMC3818420.xml,y,y,y,
Bio-protocol-3884,PMC3855554,low_conf,Biochemical & Molecular Functional Analysis,data/gold/pmc_jats/PMC3855554.xml,y,y,y,
Bio-protocol-3883,PMC4284032,low_conf,Biochemical & Molecular Functional Analysis,data/gold/pmc_jats/PMC4284032.xml,y,y,y,
Bio-protocol-3887,PMC3719733,low_conf,Microbiology & Virology,data/gold/pmc_jats/PMC3719733.xml,y,n,n,no_body
Bio-protocol-3885,PMC3855554,low_conf,Biochemical & Molecular Functional Analysis,data/gold/pmc_jats/PMC3855554.xml,y,y,y,
Bio-protocol-3886,PMC4001385,low_conf,Plant Science & Technology,data/gold/pmc_jats/PMC4001385.xml,y,n,n,no_body
Bio-protocol-3889,PMC3719536,low_conf,Microbiology & Virology,data/gold/pmc_jats/PMC3719536.xml,y,n,n,no_body
Bio-protocol-3892,PMC3912094,low_conf,Plant Science & Technology,data/gold/pmc_jats/PMC3912094.xml,y,n,n,no_body
Bio-protocol-3893,PMC3912090,low_conf,Plant Science & Technology,data/gold/pmc_jats/PMC3912090.xml,y,n,n,no_body
Bio-protocol-3894,PMC3868517,low_conf,Biochemical & Molecular Functional Analysis,data/gold/pmc_jats/PMC3868517.xml,y,y,y,
Bio-protocol-3896,PMC3855560,low_conf,Microbiology & Virology,data/gold/pmc_jats/PMC3855560.xml,y,y,y,
Bio-protocol-3897,PMC3771891,low_conf,Molecular Biology Techniques,data/gold/pmc_jats/PMC3771891.xml,y,y,y,
Bio-protocol-3898,PMC4068442,low_conf,Microbiology & Virology,data/gold/pmc_jats/PMC4068442.xml,y,n,n,no_body
Bio-protocol-3899,PMC3877809,low_conf,Plant Science & Technology,data/gold/pmc_jats/PMC3877809.xml,y,n,n,no_body
Bio-protocol-3904,PMC3861542,low_conf,Microbiology & Virology,data/gold/pmc_jats/PMC3861542.xml,y,y,y,
Bio-protocol-3903,PMC3861542,low_conf,Microbiology & Virology,data/gold/pmc_jats/PMC3861542.xml,y,y,y,
Bio-protocol-3895,PMC3812352,low_conf,Biochemical & Molecular Functional Analysis,data/gold/pmc_jats/PMC3812352.xml,y,n,n,no_body
Bio-protocol-3905,PMC3912095,low_conf,Plant Science & Technology,data/gold/pmc_jats/PMC3912095.xml,y,n,n,no_body
Bio-protocol-3908,PMC3907285,low_conf,Biochemical & Molecular Functional Analysis,data/gold/pmc_jats/PMC3907285.xml,y,n,n,no_body
Bio-protocol-3909,PMC3907285,low_conf,Biochemical & Molecular Functional Analysis,data/gold/pmc_jats/PMC3907285.xml,y,n,n,no_body
Bio-protocol-3912,PMC3897402,low_conf,Biochemical & Molecular Functional Analysis,data/gold/pmc_jats/PMC3897402.xml,y,y,y,
Bio-protocol-3917,PMC3789834,low_conf,Plant Science & Technology,data/gold/pmc_jats/PMC3789834.xml,y,y,y,
Bio-protocol-3919,PMC3911571,low_conf,Microbiology & Virology,data/gold/pmc_jats/PMC3911571.xml,y,n,n,no_body
Bio-protocol-3918,PMC3938613,low_conf,Plant Science & Technology,data/gold/pmc_jats/PMC3938613.xml,y,n,n,no_body
Bio-protocol-3920,PMC3885659,low_conf,Neuroscience Methods,data/gold/pmc_jats/PMC3885659.xml,y,y,y,
Bio-protocol-3922,PMC3738494,low_conf,Molecular Biology Techniques,data/gold/pmc_jats/PMC3738494.xml,y,y,y,
Bio-protocol-3921,PMC3738494,low_conf,Microbiology & Virology,data/gold/pmc_jats/PMC3738494.xml,y,y,y,
Bio-protocol-3923,PMC3811591,low_conf,Biochemical & Molecular Functional Analysis,data/gold/pmc_jats/PMC3811591.xml,y,n,n,no_body
Bio-protocol-3925,PMC3855394,low_conf,Pharmacology & Drug Development,data/gold/pmc_jats/PMC3855394.xml,y,y,y,
Bio-protocol-3926,PMC3865363,low_conf,Immunological Techniques,data/gold/pmc_jats/PMC3865363.xml,y,y,y,
Bio-protocol-3929,PMC3694848,low_conf,Biochemical & Molecular Functional Analysis,data/gold/pmc_jats/PMC3694848.xml,y,y,y,
Bio-protocol-3928,PMC3619347,low_conf,Plant Science & Technology,data/gold/pmc_jats/PMC3619347.xml,y,n,n,no_body
Bio-protocol-3932,PMC3838259,low_conf,Microbiology & Virology,data/gold/pmc_jats/PMC3838259.xml,y,n,n,no_body
Bio-protocol-3936,PMC3910773,low_conf,Microbiology & Virology,data/gold/pmc_jats/PMC3910773.xml,y,n,n,no_body
Bio-protocol-3935,PMC3910773,low_conf,Microbiology & Virology,data/gold/pmc_jats/PMC3910773.xml,y,n,n,no_body
Bio-protocol-3941,PMC3719708,low_conf,Biochemical & Molecular Functional Analysis,data/gold/pmc_jats/PMC3719708.xml,y,n,n,no_body
Bio-protocol-3940,PMC3719708,low_conf,Microbiology & Virology,data/gold/pmc_jats/PMC3719708.xml,y,n,n,no_body
Bio-protocol-3938,PMC3744435,low_conf,Structural Biology Techniques,data/gold/pmc_jats/PMC3744435.xml,y,y,y,
Bio-protocol-3942,PMC3877797,low_conf,Plant Science & Technology,data/gold/pmc_jats/PMC3877797.xml,y,n,n,no_body
Bio-protocol-3945,PMC3811596,low_conf,Biochemical & Molecular Functional Analysis,data/gold/pmc_jats/PMC3811596.xml,y,n,n,no_body
Bio-protocol-3946,PMC3902073,low_conf,Molecular Biology Techniques,data/gold/pmc_jats/PMC3902073.xml,y,y,y,
Bio-protocol-3947,PMC3700278,low_conf,Microbiology & Virology,data/gold/pmc_jats/PMC3700278.xml,y,n,n,no_body
Bio-protocol-3950,PMC3834191,low_conf,Cell Biology & Culture,data/gold/pmc_jats/PMC3834191.xml,y,n,n,no_body
Bio-protocol-3949,PMC2922148,low_conf,Cell Biology & Culture,data/gold/pmc_jats/PMC2922148.xml,y,n,n,no_body
Bio-protocol-3948,PMC2922148,low_conf,Biochemical & Molecular Functional Analysis,data/gold/pmc_jats/PMC2922148.xml,y,n,n,no_body
Bio-protocol-3951,PMC3834191,low_conf,Immunological Techniques,data/gold/pmc_jats/PMC3834191.xml,y,n,n,no_body
Bio-protocol-3952,PMC4172965,low_conf,Immunological Techniques,data/gold/pmc_jats/PMC4172965.xml,y,n,n,no_body
Bio-protocol-3954,PMC3838261,low_conf,Immunological Techniques,data/gold/pmc_jats/PMC3838261.xml,y,n,n,no_body
Bio-protocol-3958,PMC3813638,low_conf,Plant Science & Technology,data/gold/pmc_jats/PMC3813638.xml,y,n,n,no_body
Bio-protocol-3959,PMC3809840,low_conf,Immunological Techniques,data/gold/pmc_jats/PMC3809840.xml,y,n,n,no_body
Bio-protocol-3961,PMC3807884,low_conf,Biochemical & Molecular Functional Analysis,data/gold/pmc_jats/PMC3807884.xml,y,n,n,no_body
Bio-protocol-3960,PMC3809840,low_conf,Immunological Techniques,data/gold/pmc_jats/PMC3809840.xml,y,n,n,no_body
Bio-protocol-3967,PMC3784604,low_conf,Plant Science & Technology,data/gold/pmc_jats/PMC3784604.xml,y,n,n,no_body
Bio-protocol-3963,PMC3855555,low_conf,Microbiology & Virology,data/gold/pmc_jats/PMC3855555.xml,y,y,y,
Bio-protocol-3965,PMC4241023,low_conf,Genomics Technologies,data/gold/pmc_jats/PMC4241023.xml,y,y,y,
Bio-protocol-3964,PMC4190501,low_conf,Plant Science & Technology,data/gold/pmc_jats/PMC4190501.xml,y,n,n,no_body
Bio-protocol-3968,PMC3814348,low_conf,Microbiology & Virology,data/gold/pmc_jats/PMC3814348.xml,y,y,y,
Bio-protocol-3970,PMC3563857,low_conf,Cell Biology & Culture,data/gold/pmc_jats/PMC3563857.xml,y,n,n,no_body
Bio-protocol-3971,PMC3784590,low_conf,Plant Science & Technology,data/gold/pmc_jats/PMC3784590.xml,y,n,n,no_body
Bio-protocol-3972,PMC3814348,low_conf,Microbiology & Virology,data/gold/pmc_jats/PMC3814348.xml,y,y,y,
Bio-protocol-3973,PMC3744398,low_conf,Genomics Technologies,data/gold/pmc_jats/PMC3744398.xml,y,y,y,
Bio-protocol-3974,PMC3694710,low_conf,Biochemical & Molecular Functional Analysis,data/gold/pmc_jats/PMC3694710.xml,y,n,n,no_body
Bio-protocol-3975,PMC3554728,low_conf,Cell Biology & Culture,data/gold/pmc_jats/PMC3554728.xml,y,y,y,
Bio-protocol-3979,PMC3723622,low_conf,Plant Science & Technology,data/gold/pmc_jats/PMC3723622.xml,y,n,n,no_body
Bio-protocol-3981,PMC3835827,low_conf,Microbiology & Virology,data/gold/pmc_jats/PMC3835827.xml,y,y,y,
Bio-protocol-3983,PMC4282360,low_conf,Biochemical & Molecular Functional Analysis,data/gold/pmc_jats/PMC4282360.xml,y,y,y,
Bio-protocol-3984,PMC3951154,low_conf,Microbiology & Virology,data/gold/pmc_jats/PMC3951154.xml,y,n,n,no_body
Bio-protocol-3982,PMC3877823,low_conf,Plant Science & Technology,data/gold/pmc_jats/PMC3877823.xml,y,n,n,no_body
Bio-protocol-3985,PMC3784491,low_conf,Microbiology & Virology,data/gold/pmc_jats/PMC3784491.xml,y,y,y,
Bio-protocol-3987,PMC3649010,low_conf,Immunological Techniques,data/gold/pmc_jats/PMC3649010.xml,y,n,n,no_body
Bio-protocol-3990,PMC3731249,low_conf,Immunological Techniques,data/gold/pmc_jats/PMC3731249.xml,y,y,y,
Bio-protocol-3989,PMC3731249,low_conf,Immunological Techniques,data/gold/pmc_jats/PMC3731249.xml,y,y,y,
Bio-protocol-3988,PMC3649010,low_conf,Molecular Biology Techniques,data/gold/pmc_jats/PMC3649010.xml,y,n,n,no_body
Bio-protocol-3991,PMC3936713,low_conf,Molecular Biology Techniques,data/gold/pmc_jats/PMC3936713.xml,y,y,y,
Bio-protocol-3992,PMC3694865,low_conf,Biochemical & Molecular Functional Analysis,data/gold/pmc_jats/PMC3694865.xml,y,y,y,
Bio-protocol-3993,PMC3694865,low_conf,Cell Biology & Culture,data/gold/pmc_jats/PMC3694865.xml,y,y,y,
Bio-protocol-3994,PMC3738491,low_conf,Immunological Techniques,data/gold/pmc_jats/PMC3738491.xml,y,y,y,
Bio-protocol-3995,PMC3738491,low_conf,Microbiology & Virology,data/gold/pmc_jats/PMC3738491.xml,y,y,y,
Bio-protocol-3997,PMC3807400,low_conf,Microbiology & Virology,data/gold/pmc_jats/PMC3807400.xml,y,n,n,no_body
Bio-protocol-3998,PMC3581953,low_conf,Cell Biology & Culture,data/gold/pmc_jats/PMC3581953.xml,y,n,n,no_body
Bio-protocol-4001,PMC3754006,low_conf,Immunological Techniques,data/gold/pmc_jats/PMC3754006.xml,y,n,n,no_body
Bio-protocol-4003,PMC3694693,low_conf,Plant Science & Technology,data/gold/pmc_jats/PMC3694693.xml,y,n,n,no_body
Bio-protocol-4005,PMC3624286,low_conf,Microbiology & Virology,data/gold/pmc_jats/PMC3624286.xml,y,n,n,no_body
Bio-protocol-4004,PMC3807390,low_conf,Immunological Techniques,data/gold/pmc_jats/PMC3807390.xml,y,y,y,
Bio-protocol-4007,PMC3821016,low_conf,Genomics Technologies,data/gold/pmc_jats/PMC3821016.xml,y,y,y,
Bio-protocol-4008,PMC3630191,low_conf,Immunological Techniques,data/gold/pmc_jats/PMC3630191.xml,y,y,y,
Bio-protocol-4009,PMC3561009,low_conf,Plant Science & Technology,data/gold/pmc_jats/PMC3561009.xml,y,n,n,no_body
Bio-protocol-4010,PMC3913739,low_conf,Cell Biology & Culture,data/gold/pmc_jats/PMC3913739.xml,y,n,n,no_body
Bio-protocol-4011,PMC3512565,low_conf,Immunological Techniques,data/gold/pmc_jats/PMC3512565.xml,y,n,n,no_body
Bio-protocol-4015,PMC3738486,low_conf,Microbiology & Virology,data/gold/pmc_jats/PMC3738486.xml,y,y,y,
Bio-protocol-4012,PMC3512565,low_conf,Immunological Techniques,data/gold/pmc_jats/PMC3512565.xml,y,n,n,no_body
Bio-protocol-4013,PMC3719762,low_conf,Immunological Techniques,data/gold/pmc_jats/PMC3719762.xml,y,n,n,no_body
Bio-protocol-4014,PMC3700288,low_conf,Microbiology & Virology,data/gold/pmc_jats/PMC3700288.xml,y,n,n,no_body
Bio-protocol-4016,PMC3738486,low_conf,Microbiology & Virology,data/gold/pmc_jats/PMC3738486.xml,y,y,y,
Bio-protocol-4017,PMC3655124,low_conf,Immunological Techniques,data/gold/pmc_jats/PMC3655124.xml,y,n,n,no_body
Bio-protocol-4018,PMC3719534,low_conf,Biochemical & Molecular Functional Analysis,data/gold/pmc_jats/PMC3719534.xml,y,n,n,no_body
Bio-protocol-4021,PMC3493820,low_conf,Immunological Techniques,data/gold/pmc_jats/PMC3493820.xml,y,y,y,
Bio-protocol-4019,PMC3811597,low_conf,Biochemical & Molecular Functional Analysis,data/gold/pmc_jats/PMC3811597.xml,y,n,n,no_body
Bio-protocol-4022,PMC3493820,low_conf,Immunological Techniques,data/gold/pmc_jats/PMC3493820.xml,y,y,y,
Bio-protocol-4027,PMC4298227,low_conf,Cell Biology & Culture,data/gold/pmc_jats/PMC4298227.xml,y,n,n,no_body
Bio-protocol-4026,PMC3624586,low_conf,Microbiology & Virology,data/gold/pmc_jats/PMC3624586.xml,y,n,n,no_body
Bio-protocol-4025,PMC3824205,low_conf,Plant Science & Technology,data/gold/pmc_jats/PMC3824205.xml,y,y,y,
Bio-protocol-4028,PMC3753980,low_conf,Cell Biology & Culture,data/gold/pmc_jats/PMC3753980.xml,y,n,n,no_body
Bio-protocol-4030,PMC3754138,low_conf,Biochemical & Molecular Functional Analysis,data/gold/pmc_jats/PMC3754138.xml,y,n,n,no_body
Bio-protocol-4029,PMC3824207,low_conf,Plant Science & Technology,data/gold/pmc_jats/PMC3824207.xml,y,y,y,
Bio-protocol-4031,PMC3754138,low_conf,Structural Biology Techniques,data/gold/pmc_jats/PMC3754138.xml,y,n,n,no_body
Bio-protocol-4032,PMC3694697,low_conf,Molecular Biology Techniques,data/gold/pmc_jats/PMC3694697.xml,y,n,n,no_body
Bio-protocol-4033,PMC3694697,low_conf,Plant Science & Technology,data/gold/pmc_jats/PMC3694697.xml,y,n,n,no_body
Bio-protocol-4034,PMC3836234,low_conf,Cell Biology & Culture,data/gold/pmc_jats/PMC3836234.xml,y,y,y,
Bio-protocol-4035,PMC3753388,low_conf,Plant Science & Technology,data/gold/pmc_jats/PMC3753388.xml,y,n,n,no_body
Bio-protocol-4036,PMC3708853,low_conf,Immunological Techniques,data/gold/pmc_jats/PMC3708853.xml,y,y,y,
Bio-protocol-4037,PMC3723608,low_conf,Plant Science & Technology,data/gold/pmc_jats/PMC3723608.xml,y,n,n,no_body
Bio-protocol-4038,PMC3723608,low_conf,Plant Science & Technology,data/gold/pmc_jats/PMC3723608.xml,y,n,n,no_body
Bio-protocol-4041,PMC3535951,low_conf,Cell Biology & Culture,data/gold/pmc_jats/PMC3535951.xml,y,n,n,no_body
Bio-protocol-4040,PMC3535951,low_conf,Cell Biology & Culture,data/gold/pmc_jats/PMC3535951.xml,y,n,n,no_body
Bio-protocol-4042,PMC3535951,low_conf,Bioimaging Technologies,data/gold/pmc_jats/PMC3535951.xml,y,n,n,no_body
Bio-protocol-4043,PMC3754104,low_conf,Cell Biology & Culture,data/gold/pmc_jats/PMC3754104.xml,y,n,n,no_body
Bio-protocol-4047,PMC3676143,low_conf,Microbiology & Virology,data/gold/pmc_jats/PMC3676143.xml,y,n,n,no_body
Bio-protocol-4048,PMC3676143,low_conf,Immunological Techniques,data/gold/pmc_jats/PMC3676143.xml,y,n,n,no_body
Bio-protocol-4049,PMC3719834,low_conf,Neuroscience Methods,data/gold/pmc_jats/PMC3719834.xml,y,n,n,no_body
Bio-protocol-4050,PMC3719834,low_conf,Neuroscience Methods,data/gold/pmc_jats/PMC3719834.xml,y,n,n,no_body
Bio-protocol-4052,PMC3754048,low_conf,Biochemical & Molecular Functional Analysis,data/gold/pmc_jats/PMC3754048.xml,y,n,n,no_body
Bio-protocol-4053,PMC3700208,low_conf,Microbiology & Virology,data/gold/pmc_jats/PMC3700208.xml,y,n,n,no_body
Bio-protocol-4055,PMC3754141,low_conf,Microbiology & Virology,data/gold/pmc_jats/PMC3754141.xml,y,n,n,no_body
Bio-protocol-4054,PMC3700216,low_conf,Molecular Biology Techniques,data/gold/pmc_jats/PMC3700216.xml,y,n,n,no_body
Bio-protocol-4057,PMC3624304,low_conf,Microbiology & Virology,data/gold/pmc_jats/PMC3624304.xml,y,n,n,no_body
Bio-protocol-4058,PMC3624304,low_conf,Microbiology & Virology,data/gold/pmc_jats/PMC3624304.xml,y,n,n,no_body
Bio-protocol-4060,PMC3617227,low_conf,Molecular Biology Techniques,data/gold/pmc_jats/PMC3617227.xml,y,y,y,
Bio-protocol-4061,PMC3480334,low_conf,Pharmacology & Drug Development,data/gold/pmc_jats/PMC3480334.xml,y,n,n,no_body
Bio-protocol-4063,PMC3754022,low_conf,Molecular Biology Techniques,data/gold/pmc_jats/PMC3754022.xml,y,n,n,no_body
Bio-protocol-4062,PMC3480334,low_conf,Pharmacology & Drug Development,data/gold/pmc_jats/PMC3480334.xml,y,n,n,no_body
Bio-protocol-4065,PMC3697255,low_conf,Microbiology & Virology,data/gold/pmc_jats/PMC3697255.xml,y,n,n,no_body
Bio-protocol-4066,PMC3697255,low_conf,Microbiology & Virology,data/gold/pmc_jats/PMC3697255.xml,y,n,n,no_body
Bio-protocol-4068,PMC3624301,low_conf,Plant Science & Technology,data/gold/pmc_jats/PMC3624301.xml,y,n,n,no_body
Bio-protocol-4070,PMC3662657,low_conf,Immunological Techniques,data/gold/pmc_jats/PMC3662657.xml,y,y,y,
Bio-protocol-4076,PMC3649973,low_conf,Microbiology & Virology,data/gold/pmc_jats/PMC3649973.xml,y,y,y,
Bio-protocol-4075,PMC3692270,low_conf,Immunological Techniques,data/gold/pmc_jats/PMC3692270.xml,y,n,n,no_body
Bio-protocol-4074,PMC3663275,low_conf,Plant Science & Technology,data/gold/pmc_jats/PMC3663275.xml,y,n,n,no_body
Bio-protocol-4082,PMC3676113,low_conf,Immunological Techniques,data/gold/pmc_jats/PMC3676113.xml,y,n,n,no_body
Bio-protocol-4083,PMC3908667,low_conf,Biochemical & Molecular Functional Analysis,data/gold/pmc_jats/PMC3908667.xml,y,n,n,no_body
Bio-protocol-4084,PMC3567179,low_conf,Microbiology & Virology,data/gold/pmc_jats/PMC3567179.xml,y,y,y,
Bio-protocol-4086,PMC3777575,low_conf,Cell Biology & Culture,data/gold/pmc_jats/PMC3777575.xml,y,n,n,no_body
Bio-protocol-4085,PMC3777575,low_conf,Molecular Biology Techniques,data/gold/pmc_jats/PMC3777575.xml,y,n,n,no_body
Bio-protocol-4088,PMC3623720,low_conf,Immunological Techniques,data/gold/pmc_jats/PMC3623720.xml,y,y,y,
Bio-protocol-4091,PMC3528576,low_conf,Model Organism-Specific Techniques,data/gold/pmc_jats/PMC3528576.xml,y,n,n,no_body
Bio-protocol-4090,PMC3613456,low_conf,Plant Science & Technology,data/gold/pmc_jats/PMC3613456.xml,y,n,n,no_body
Bio-protocol-4092,PMC3433678,low_conf,Biochemical & Molecular Functional Analysis,data/gold/pmc_jats/PMC3433678.xml,y,y,y,
Bio-protocol-4094,PMC3641233,low_conf,Biochemical & Molecular Functional Analysis,data/gold/pmc_jats/PMC3641233.xml,y,n,n,no_body
Bio-protocol-4097,PMC3632893,low_conf,Plant Science & Technology,data/gold/pmc_jats/PMC3632893.xml,y,n,n,no_body
Bio-protocol-4102,PMC3648183,low_conf,Immunological Techniques,data/gold/pmc_jats/PMC3648183.xml,y,n,n,no_body
Bio-protocol-4104,PMC3893119,low_conf,Bioimaging Technologies,data/gold/pmc_jats/PMC3893119.xml,y,n,n,no_body
Bio-protocol-4108,PMC3648086,low_conf,Biochemical & Molecular Functional Analysis,data/gold/pmc_jats/PMC3648086.xml,y,n,n,no_body
Bio-protocol-4110,PMC3843317,low_conf,Immunological Techniques,data/gold/pmc_jats/PMC3843317.xml,y,n,n,no_body
Bio-protocol-4113,PMC3613475,low_conf,Plant Science & Technology,data/gold/pmc_jats/PMC3613475.xml,y,n,n,no_body
Bio-protocol-4111,PMC3756512,low_conf,Cell Biology & Culture,data/gold/pmc_jats/PMC3756512.xml,y,n,n,no_body
Bio-protocol-4112,PMC3613475,low_conf,Plant Science & Technology,data/gold/pmc_jats/PMC3613475.xml,y,n,n,no_body
Bio-protocol-4116,PMC3415448,low_conf,Genomics Technologies,data/gold/pmc_jats/PMC3415448.xml,y,y,y,
Bio-protocol-4118,PMC3608791,low_conf,Genomics Technologies,data/gold/pmc_jats/PMC3608791.xml,y,n,n,no_body
Bio-protocol-4119,PMC3760004,low_conf,Cell Biology & Culture,data/gold/pmc_jats/PMC3760004.xml,y,n,n,no_body
Bio-protocol-4122,PMC3676086,low_conf,Microbiology & Virology,data/gold/pmc_jats/PMC3676086.xml,y,n,n,no_body
Bio-protocol-4123,PMC3608779,low_conf,Plant Science & Technology,data/gold/pmc_jats/PMC3608779.xml,y,n,n,no_body
Bio-protocol-4124,PMC10461321,low_conf,Cell Biology & Culture,data/gold/pmc_jats/PMC10461321.xml,y,n,n,no_body
Bio-protocol-4128,PMC4803067,low_conf,Cell Biology & Culture,data/gold/pmc_jats/PMC4803067.xml,y,n,n,no_body
Bio-protocol-4125,PMC3567173,low_conf,Immunological Techniques,data/gold/pmc_jats/PMC3567173.xml,y,y,y,
Bio-protocol-4131,PMC3717580,low_conf,Immunological Techniques,data/gold/pmc_jats/PMC3717580.xml,y,n,n,no_body
Bio-protocol-4126,PMC3567173,low_conf,Immunological Techniques,data/gold/pmc_jats/PMC3567173.xml,y,y,y,
Bio-protocol-4130,PMC3649964,low_conf,Microbiology & Virology,data/gold/pmc_jats/PMC3649964.xml,y,y,y,
Bio-protocol-4129,PMC3649964,low_conf,Model Organism-Specific Techniques,data/gold/pmc_jats/PMC3649964.xml,y,y,y,
Bio-protocol-4127,PMC3567173,low_conf,Microbiology & Virology,data/gold/pmc_jats/PMC3567173.xml,y,y,y,
Bio-protocol-4132,PMC3717580,low_conf,Cell Biology & Culture,data/gold/pmc_jats/PMC3717580.xml,y,n,n,no_body
Bio-protocol-4138,PMC3721373,low_conf,Bioimaging Technologies,data/gold/pmc_jats/PMC3721373.xml,y,n,n,no_body
Bio-protocol-4141,PMC3608781,low_conf,Plant Science & Technology,data/gold/pmc_jats/PMC3608781.xml,y,n,n,no_body
Bio-protocol-4145,PMC4944011,low_conf,Biochemical & Molecular Functional Analysis,data/gold/pmc_jats/PMC4944011.xml,y,y,y,
Bio-protocol-4144,PMC4944011,low_conf,Cell Biology & Culture,data/gold/pmc_jats/PMC4944011.xml,y,y,y,
Bio-protocol-4148,PMC3510238,low_conf,Biochemical & Molecular Functional Analysis,data/gold/pmc_jats/PMC3510238.xml,y,y,y,
Bio-protocol-4149,PMC3536164,low_conf,Microbiology & Virology,data/gold/pmc_jats/PMC3536164.xml,y,n,n,no_body
Bio-protocol-4151,PMC3613450,low_conf,Cell Biology & Culture,data/gold/pmc_jats/PMC3613450.xml,y,n,n,no_body
Bio-protocol-4154,PMC3700291,low_conf,Immunological Techniques,data/gold/pmc_jats/PMC3700291.xml,y,n,n,no_body
Bio-protocol-4155,PMC3649966,low_conf,Immunological Techniques,data/gold/pmc_jats/PMC3649966.xml,y,y,y,
Bio-protocol-4159,PMC3641232,low_conf,Plant Science & Technology,data/gold/pmc_jats/PMC3641232.xml,y,n,n,no_body
Bio-protocol-4162,PMC3605176,low_conf,Immunological Techniques,data/gold/pmc_jats/PMC3605176.xml,y,y,y,
Bio-protocol-4163,PMC3563868,low_conf,Model Organism-Specific Techniques,data/gold/pmc_jats/PMC3563868.xml,y,n,n,no_body
Bio-protocol-4165,PMC3532272,low_conf,Genomics Technologies,data/gold/pmc_jats/PMC3532272.xml,y,n,n,no_body
Bio-protocol-4171,PMC3664117,low_conf,Cell Biology & Culture,data/gold/pmc_jats/PMC3664117.xml,y,n,n,no_body
Bio-protocol-4172,PMC3624321,low_conf,Microbiology & Virology,data/gold/pmc_jats/PMC3624321.xml,y,n,n,no_body
Bio-protocol-4173,PMC3630095,low_conf,Cell Biology & Culture,data/gold/pmc_jats/PMC3630095.xml,y,y,y,
Bio-protocol-4179,PMC3624573,low_conf,Microbiology & Virology,data/gold/pmc_jats/PMC3624573.xml,y,n,n,no_body
Bio-protocol-4177,PMC3573106,low_conf,Microbiology & Virology,data/gold/pmc_jats/PMC3573106.xml,y,y,y,
Bio-protocol-4178,PMC3624573,low_conf,Microbiology & Virology,data/gold/pmc_jats/PMC3624573.xml,y,n,n,no_body
Bio-protocol-4182,PMC3536424,low_conf,Microbiology & Virology,data/gold/pmc_jats/PMC3536424.xml,y,n,n,no_body
Bio-protocol-4181,PMC3536169,low_conf,Microbiology & Virology,data/gold/pmc_jats/PMC3536169.xml,y,n,n,no_body
Bio-protocol-4185,PMC3585587,low_conf,Plant Science & Technology,data/gold/pmc_jats/PMC3585587.xml,y,n,n,no_body
Bio-protocol-4194,PMC3939354,low_conf,Bioimaging Technologies,data/gold/pmc_jats/PMC3939354.xml,y,n,n,no_body
Bio-protocol-4196,PMC3595396,low_conf,Molecular Biology Techniques,data/gold/pmc_jats/PMC3595396.xml,y,n,n,no_body
Bio-protocol-4198,PMC3962671,low_conf,Immunological Techniques,data/gold/pmc_jats/PMC3962671.xml,y,n,n,no_body
Bio-protocol-4197,PMC3641046,low_conf,Microbiology & Virology,data/gold/pmc_jats/PMC3641046.xml,y,n,n,no_body
Bio-protocol-4199,PMC3581977,low_conf,Histology Techniques,data/gold/pmc_jats/PMC3581977.xml,y,n,n,no_body
Bio-protocol-4201,PMC3435479,low_conf,Cell Biology & Culture,data/gold/pmc_jats/PMC3435479.xml,y,y,y,
Bio-protocol-4202,PMC3613473,low_conf,Plant Science & Technology,data/gold/pmc_jats/PMC3613473.xml,y,n,n,no_body
Bio-protocol-4208,PMC3592132,low_conf,Microbiology & Virology,data/gold/pmc_jats/PMC3592132.xml,y,n,n,no_body
Bio-protocol-4205,PMC3568098,low_conf,Microbiology & Virology,data/gold/pmc_jats/PMC3568098.xml,y,y,y,
Bio-protocol-4204,PMC3568098,low_conf,Microbiology & Virology,data/gold/pmc_jats/PMC3568098.xml,y,y,y,
Bio-protocol-4209,PMC3426542,low_conf,Microbiology & Virology,data/gold/pmc_jats/PMC3426542.xml,y,y,y,
Bio-protocol-4210,PMC3585617,low_conf,Plant Science & Technology,data/gold/pmc_jats/PMC3585617.xml,y,n,n,no_body
Bio-protocol-4212,PMC3885615,low_conf,Biochemical & Molecular Functional Analysis,data/gold/pmc_jats/PMC3885615.xml,y,n,n,no_body
Bio-protocol-4211,PMC3585617,low_conf,Bioimaging Technologies,data/gold/pmc_jats/PMC3585617.xml,y,n,n,no_body
Bio-protocol-4215,PMC2895663,low_conf,Model Organism-Specific Techniques,data/gold/pmc_jats/PMC2895663.xml,y,y,y,
Bio-protocol-4223,PMC7477393,low_conf,Cell Biology & Culture,data/gold/pmc_jats/PMC7477393.xml,y,n,n,no_body
Bio-protocol-4221,PMC3487776,low_conf,Immunological Techniques,data/gold/pmc_jats/PMC3487776.xml,y,y,y,
Bio-protocol-4226,PMC3500515,low_conf,Immunological Techniques,data/gold/pmc_jats/PMC3500515.xml,y,n,n,no_body
Bio-protocol-4222,PMC3585613,low_conf,Plant Science & Technology,data/gold/pmc_jats/PMC3585613.xml,y,n,n,no_body
Bio-protocol-4227,PMC3500515,low_conf,Immunological Techniques,data/gold/pmc_jats/PMC3500515.xml,y,n,n,no_body
Bio-protocol-4228,PMC3562227,low_conf,Microbiology & Virology,data/gold/pmc_jats/PMC3562227.xml,y,y,y,
Bio-protocol-4232,PMC1914139,low_conf,Plant Science & Technology,data/gold/pmc_jats/PMC1914139.xml,y,n,n,no_body
Bio-protocol-4229,PMC3554019,low_conf,Microbiology & Virology,data/gold/pmc_jats/PMC3554019.xml,y,n,n,no_body
Bio-protocol-4234,PMC3952571,low_conf,Neuroscience Methods,data/gold/pmc_jats/PMC3952571.xml,y,n,n,no_body
Bio-protocol-4230,PMC3521654,low_conf,Molecular Biology Techniques,data/gold/pmc_jats/PMC3521654.xml,y,y,y,
Bio-protocol-4238,PMC3549056,low_conf,Immunological Techniques,data/gold/pmc_jats/PMC3549056.xml,y,n,n,no_body
Bio-protocol-4237,PMC3532262,low_conf,Plant Science & Technology,data/gold/pmc_jats/PMC3532262.xml,y,n,n,no_body
Bio-protocol-4241,PMC2899917,low_conf,Plant Science & Technology,data/gold/pmc_jats/PMC2899917.xml,y,n,n,no_body
Bio-protocol-4242,PMC3504502,low_conf,Biochemical & Molecular Functional Analysis,data/gold/pmc_jats/PMC3504502.xml,y,y,y,
Bio-protocol-4239,PMC3549056,low_conf,Cell Biology & Culture,data/gold/pmc_jats/PMC3549056.xml,y,n,n,no_body
Bio-protocol-4253,PMC3566207,low_conf,Genomics Technologies,data/gold/pmc_jats/PMC3566207.xml,y,y,y,
Bio-protocol-4247,PMC3585586,low_conf,Plant Science & Technology,data/gold/pmc_jats/PMC3585586.xml,y,n,n,no_body
Bio-protocol-4254,PMC3358549,low_conf,Immunological Techniques,data/gold/pmc_jats/PMC3358549.xml,y,n,n,no_body
Bio-protocol-4255,PMC3510131,low_conf,Plant Science & Technology,data/gold/pmc_jats/PMC3510131.xml,y,n,n,no_body
Bio-protocol-4257,PMC3568078,low_conf,Molecular Biology Techniques,data/gold/pmc_jats/PMC3568078.xml,y,y,y,
Bio-protocol-4256,PMC3510131,low_conf,Plant Science & Technology,data/gold/pmc_jats/PMC3510131.xml,y,n,n,no_body
Bio-protocol-4258,PMC3486909,low_conf,Plant Science & Technology,data/gold/pmc_jats/PMC3486909.xml,y,y,y,
Bio-protocol-4259,PMC3510256,low_conf,Microbiology & Virology,data/gold/pmc_jats/PMC3510256.xml,y,y,y,
Bio-protocol-4260,PMC3500566,low_conf,Molecular Biology Techniques,data/gold/pmc_jats/PMC3500566.xml,y,n,n,no_body
Bio-protocol-4262,PMC3538077,low_conf,Biochemical & Molecular Functional Analysis,data/gold/pmc_jats/PMC3538077.xml,y,n,n,no_body
Bio-protocol-4264,PMC3598424,low_conf,Plant Science & Technology,data/gold/pmc_jats/PMC3598424.xml,y,y,y,
Bio-protocol-4265,PMC3598424,low_conf,Plant Science & Technology,data/gold/pmc_jats/PMC3598424.xml,y,y,y,
Bio-protocol-4272,PMC3549221,low_conf,Cell Biology & Culture,data/gold/pmc_jats/PMC3549221.xml,y,n,n,no_body
Bio-protocol-4270,PMC3536167,low_conf,Pharmacology & Drug Development,data/gold/pmc_jats/PMC3536167.xml,y,n,n,no_body
Bio-protocol-4271,PMC3464210,low_conf,Bioimaging Technologies,data/gold/pmc_jats/PMC3464210.xml,y,y,y,
Bio-protocol-4273,PMC3538753,low_conf,Neuroscience Methods,data/gold/pmc_jats/PMC3538753.xml,y,y,y,
Bio-protocol-4275,PMC3532289,low_conf,Biochemical & Molecular Functional Analysis,data/gold/pmc_jats/PMC3532289.xml,y,n,n,no_body
Bio-protocol-4274,PMC3538753,low_conf,Cell Biology & Culture,data/gold/pmc_jats/PMC3538753.xml,y,y,y,
Bio-protocol-4276,PMC3536168,low_conf,Microbiology & Virology,data/gold/pmc_jats/PMC3536168.xml,y,n,n,no_body
Bio-protocol-4280,PMC3469655,low_conf,Immunological Techniques,data/gold/pmc_jats/PMC3469655.xml,y,y,y,
Bio-protocol-4285,PMC3435245,low_conf,Microbiology & Virology,data/gold/pmc_jats/PMC3435245.xml,y,y,y,
Bio-protocol-4286,PMC3519864,low_conf,Neuroscience Methods,data/gold/pmc_jats/PMC3519864.xml,y,y,y,
Bio-protocol-4291,PMC3469659,low_conf,Cell Biology & Culture,data/gold/pmc_jats/PMC3469659.xml,y,y,y,
Bio-protocol-4293,PMC3509411,low_conf,Molecular Biology Techniques,data/gold/pmc_jats/PMC3509411.xml,y,y,y,
Bio-protocol-4294,PMC3488137,low_conf,Cell Biology & Culture,data/gold/pmc_jats/PMC3488137.xml,y,n,n,no_body
Bio-protocol-4295,PMC3952015,low_conf,Immunological Techniques,data/gold/pmc_jats/PMC3952015.xml,y,n,n,no_body
Bio-protocol-4296,PMC3490580,low_conf,Histology Techniques,data/gold/pmc_jats/PMC3490580.xml,y,n,n,no_body
Bio-protocol-4301,PMC3460627,low_conf,Microbiology & Virology,data/gold/pmc_jats/PMC3460627.xml,y,y,y,
Bio-protocol-4302,PMC3554017,low_conf,Microbiology & Virology,data/gold/pmc_jats/PMC3554017.xml,y,n,n,no_body
Bio-protocol-4305,PMC3510118,low_conf,Plant Science & Technology,data/gold/pmc_jats/PMC3510118.xml,y,n,n,no_body
Bio-protocol-4306,PMC3510118,low_conf,Biochemical & Molecular Functional Analysis,data/gold/pmc_jats/PMC3510118.xml,y,n,n,no_body
Bio-protocol-4308,PMC3410897,low_conf,Microbiology & Virology,data/gold/pmc_jats/PMC3410897.xml,y,y,y,
Bio-protocol-4309,PMC3410897,low_conf,Microbiology & Virology,data/gold/pmc_jats/PMC3410897.xml,y,y,y,
Bio-protocol-4311,PMC3420946,low_conf,Immunological Techniques,data/gold/pmc_jats/PMC3420946.xml,y,y,y,
Bio-protocol-4313,PMC3443395,low_conf,Cell Biology & Culture,data/gold/pmc_jats/PMC3443395.xml,y,n,n,no_body
Bio-protocol-4312,PMC3420946,low_conf,Cell Biology & Culture,data/gold/pmc_jats/PMC3420946.xml,y,y,y,
Bio-protocol-4315,PMC3435242,low_conf,Bioimaging Technologies,data/gold/pmc_jats/PMC3435242.xml,y,y,y,
Bio-protocol-4316,PMC3568296,low_conf,Cell Biology & Culture,data/gold/pmc_jats/PMC3568296.xml,y,n,n,no_body
Bio-protocol-4321,PMC3203450,low_conf,Cell Biology & Culture,data/gold/pmc_jats/PMC3203450.xml,y,n,n,no_body
Bio-protocol-4323,PMC3536410,low_conf,Biochemical & Molecular Functional Analysis,data/gold/pmc_jats/PMC3536410.xml,y,n,n,no_body
Bio-protocol-4328,PMC3415439,low_conf,Immunological Techniques,data/gold/pmc_jats/PMC3415439.xml,y,y,y,
Bio-protocol-4327,PMC3641048,low_conf,Microbiology & Virology,data/gold/pmc_jats/PMC3641048.xml,y,n,n,no_body
Bio-protocol-4329,PMC3415439,low_conf,Immunological Techniques,data/gold/pmc_jats/PMC3415439.xml,y,y,y,
