protocol_id,original_article_url,pubmed_url,pmid,pmcid,doi,status,reason
Bio-protocol-4,https://www.doi.org/10.1093/plphys/kiad458,,,,,no_pmc,
Bio-protocol-2,https://doi.org/10.1016/j.jbc.2023.104964,,,,,no_pmc,
Bio-protocol-7,https://doi.org/10.1101/2024.09.13.612837,,,,,no_pmc,
Bio-protocol-8,https://www.doi.org/10.1021/acs.jproteome.2c00526,,,,,no_pmc,
Bio-protocol-5,https://doi.org/10.1073/pnas.0805361105,,,,,no_pmc,
Bio-protocol-9,https://doi.org/10.3390/v16010106,,,,,no_pmc,
Bio-protocol-1,https://doi.org/10.1002/app.54928,,,,,no_pmc,
Bio-protocol-10,https://doi.org/10.1016/j.algal.2024.103419,,,,,no_pmc,
Bio-protocol-11,https://doi.org/10.1016/j.nbt.2024.02.003,,,,,no_pmc,
Bio-protocol-12,https://doi.org/10.7554/eLife.83710,,,,,no_pmc,
Bio-protocol-13,https://doi.org/10.1016/j.isci.2023.107955,,,,,no_pmc,
Bio-protocol-14,https://doi.org/10.1002/jbm.a.37581,,,,,no_pmc,
Bio-protocol-15,https://doi.org/10.1038/s41598-024-66042-9,,,,,no_pmc,
Bio-protocol-17,https://doi.org/10.1016/j.mcpro.2024.100730,,,,,no_pmc,
Bio-protocol-18,https://www.doi.org/10.1073/pnas.2313148120,,,,,no_pmc,
Bio-protocol-21,https://doi.org/10.7554/eLife.57282,,,,,no_pmc,
Bio-protocol-19,https://doi.org/10.1038/s41598-020-64790-y,,,,,no_pmc,
Bio-protocol-22,https://www.doi.org/10.1083/jcb.202304020,,,,,no_pmc,
Bio-protocol-20,https://www.doi.org/10.1093/plphys/kiad189,,,,,no_pmc,
Bio-protocol-23,https://doi.org/10.1016/j.xcrm.2020.100097,,,,,no_pmc,
Bio-protocol-26,https://doi.org/10.3389/fphar.2024.1363545,,,,,no_pmc,
Bio-protocol-24,https://doi.org/10.3390/ijms242316632,,,,,no_pmc,
Bio-protocol-25,https://doi.org/10.1126/sciadv.abe0834,,,,,no_pmc,
Bio-protocol-27,http://dx.doi.org/10.1186/s13071-023-05789-y,,,,,no_pmc,
Bio-protocol-28,https://www.doi.org/10.1093/plphys/kiad528,,,,,no_pmc,
Bio-protocol-30,https://www.doi.org/10.1016/j.stem.2024.03.011,,,,,no_pmc,
Bio-protocol-31,https://www.doi.org/10.1083/jcb.202206121,,,,,no_pmc,
Bio-protocol-37,https://doi.org/10.1038/s41467-024-47119-5,,,,,no_pmc,
Bio-protocol-32,https://doi.org/10.1016/j.jsb.2022.107916,,,,,no_pmc,
Bio-protocol-34,https://doi.org/10.1038/s41593-024-01592-9,,,,,no_pmc,
Bio-protocol-33,https://www.doi.org/10.1523/ENEURO.0500-23.2024,,,,,no_pmc,
Bio-protocol-35,https://doi.org/10.1172/jci.insight.172062,,,,,no_pmc,
Bio-protocol-38,https://doi.org/10.3389/fendo.2023.1059228,,,,,no_pmc,
Bio-protocol-41,https://doi.org/10.1126/sciadv.abm2411,,,,,no_pmc,
Bio-protocol-36,https://www.doi.org/10.1083/jcb.202206132,,,,,no_pmc,
Bio-protocol-40,https://www.doi.org/10.1093/nar/gkad545,,,,,no_pmc,
Bio-protocol-39,http://dx.doi.org/10.3390/biology10080777,,,,,no_pmc,
Bio-protocol-42,https://doi.org/10.7554/eLife.86689,,,,,no_pmc,
Bio-protocol-43,https://doi.org/10.7554/eLife.96574.1,,,,,no_pmc,
Bio-protocol-45,https://www.doi.org/10.1083/jcb.202106092,,,,,no_pmc,
Bio-protocol-46,https://www.science.org/doi/10.1126/sciimmunol.adi0042,,,,,no_pmc,
Bio-protocol-48,https://www.doi.org/10.1093/plphys/kiad644,,,,,no_pmc,
Bio-protocol-50,https://doi.org/10.1016/j.reth.2024.02.005,,,,,no_pmc,
Bio-protocol-51,https://www.doi.org/10.1038/s41467-022-30238-2,,,,,no_pmc,
Bio-protocol-49,https://doi.org/10.1099/mic.0.001451,,,,,no_pmc,
Bio-protocol-52,https://doi.org/10.7554/eLife.91903,,,,,no_pmc,
Bio-protocol-53,https://www.doi.org/10.1083/jcb.202205128,,,,,no_pmc,
Bio-protocol-54,https://www.science.org/doi/10.1126/sciadv.aau7201,,,,,no_pmc,
Bio-protocol-57,https://doi.org/10.1186/s13287-023-03626-8,,,,,no_pmc,
Bio-protocol-55,http://dx.doi.org/10.1002/jcsm.12299,,,,,no_pmc,
Bio-protocol-61,https://doi.org/10.3390/pharmaceutics14051056,,,,,no_pmc,
Bio-protocol-58,https://doi.org/10.7554/eLife.82446,,,,,no_pmc,
Bio-protocol-60,http://dx.doi.org/10.1038/s42003-023-04712-6,,,,,no_pmc,
Bio-protocol-59,https://doi.org/10.1091/mbc.E22-09-0448,,,,,no_pmc,
Bio-protocol-62,http://www.ncbi.nlm.nih.gov/pubmed/29813124,https://pubmed.ncbi.nlm.nih.gov/29813124/,29813124,PMC5973576,10.1371/journal.pone.0198260,low_conf,
Bio-protocol-64,https://doi.org/10.7554/eLife.91931,,,,,no_pmc,
Bio-protocol-65,https://doi.org/10.1016/j.jbc.2024.105734,,,,,no_pmc,
Bio-protocol-69,https://doi.org/10.7554/eLife.85348,,,,,no_pmc,
Bio-protocol-73,http://dx.doi.org/10.1016/j.celrep.2024.113971,,,,,no_pmc,
Bio-protocol-71,https://doi.org/10.1038/s41598-023-50667-3,,,,,no_pmc,
Bio-protocol-68,https://doi.org/10.1186/s13059-024-03219-5,,,,,no_pmc,
Bio-protocol-74,https://doi.org/10.1016/j.omton.2024.200839,,,,,no_pmc,
Bio-protocol-75,https://www.doi.org/10.1093/plphys/kiad658,,,,,no_pmc,
Bio-protocol-77,https://www.doi.org/10.1093/plphys/kiad482,,,,,no_pmc,
Bio-protocol-76,https://doi.org/10.1039/d3fo04026g,,,,,no_pmc,
Bio-protocol-78,https://www.doi.org/10.1186/s12915-023-01734-8,,,,,no_pmc,
Bio-protocol-79,https://doi.org/10.1126/sciadv.abn0080,,,,,no_pmc,
Bio-protocol-80,https://www.doi.org/10.1083/jcb.202202078,,,,,no_pmc,
Bio-protocol-82,https://doi.org/10.7554/eLife.81407,,,,,no_pmc,
Bio-protocol-83,https://doi.org/10.1021/acs.bioconjchem.3c00380,,,,,no_pmc,
Bio-protocol-86,https://doi.org/10.7554/eLife.92462,,,,,no_pmc,
Bio-protocol-84,https://www.doi.org/10.1038/s41388-023-02795-3,,,,,no_pmc,
Bio-protocol-85,https://doi.org/10.1523/JNEUROSCI.1689-23.2024,,,,,no_pmc,
Bio-protocol-87,https://doi.org/10.7554/eLife.90347.1,,,,,no_pmc,
Bio-protocol-88,https://www.doi.org/10.1093/plphys/kiad618,,,,,no_pmc,
Bio-protocol-91,https://doi.org/10.1080/19336918.2016.1187368,,,,,no_pmc,
Bio-protocol-90,https://doi.org/10.1021/acs.nanolett.3c03205,,,,,no_pmc,
Bio-protocol-92,https://www.doi.org/10.1002/pro.4786,,,,,no_pmc,
Bio-protocol-93,https://doi.org/10.1186/s13098-020-00561-z,,,,,no_pmc,
Bio-protocol-94,https://doi.org/10.1126/sciadv.abn7637,,,,,no_pmc,
Bio-protocol-97,https://doi.org/10.1016/j.jbc.2023.105282,,,,,no_pmc,
Bio-protocol-96,http://dx.doi.org/10.1097/j.pain.0000000000002597,,,,,no_pmc,
Bio-protocol-98,https://doi.org/10.1104/pp.17.01636,,,,,no_pmc,
Bio-protocol-99,https://doi.org/10.1128/jb.00399-20,,,,,no_pmc,
Bio-protocol-106,http://dx.doi.org/10.1016/j.jtherbio.2024.103813,,,,,no_pmc,
Bio-protocol-103,https://doi.org/10.7554/eLife.87340.2,,,,,no_pmc,
Bio-protocol-104,https://doi.org/10.1021/acsami.3c02741,,,,,no_pmc,
Bio-protocol-105,http://dx.doi.org/10.1126/science.adh0614,,,,,no_pmc,
Bio-protocol-108,https://doi.org/10.7554/eLife.49956,,,,,no_pmc,
Bio-protocol-109,https://doi.org/10.1126/sciadv.adh0102,,,,,no_pmc,
Bio-protocol-110,http://dx.doi.org/10.3389/fimmu.2022.864868,,,,,no_pmc,
Bio-protocol-112,https://www.doi.org/10.1371/journal.pgen.1010731,,,,,no_pmc,
Bio-protocol-111,https://doi.org/10.7554/eLife.81656,,,,,no_pmc,
Bio-protocol-113,https://www.doi.org/10.1186/s12974-023-02870-2,,,,,no_pmc,
Bio-protocol-115,https://pubmed.ncbi.nlm.nih.gov/35463640/,https://pubmed.ncbi.nlm.nih.gov/35463640/,35463640,PMC9019647,10.3389/fcimb.2022.844498,low_conf,
Bio-protocol-119,https://pubmed.ncbi.nlm.nih.gov/37173533/,https://pubmed.ncbi.nlm.nih.gov/37173533/,37173533,,,error,Identifier not found in PMC
Bio-protocol-118,https://pubmed.ncbi.nlm.nih.gov/35330301/,https://pubmed.ncbi.nlm.nih.gov/35330301/,35330301,PMC8949215,10.3390/jof8030298,low_conf,
Bio-protocol-122,https://www.doi.org/10.1242/jcs.260809,,,,,no_pmc,
Bio-protocol-128,https://elifesciences.org/articles/48287,,,,,no_pmc,
Bio-protocol-129,https://www.doi.org/10.1242/jcs.260809,,,,,no_pmc,
Bio-protocol-133,https://pubmed.ncbi.nlm.nih.gov/37559123/,https://pubmed.ncbi.nlm.nih.gov/37559123/,37559123,PMC10413806,10.1186/s13059-023-03025-5,low_conf,
Bio-protocol-134,https://www.doi.org/10.1083/jcb.202103207,,,,,no_pmc,
Bio-protocol-137,https://pubmed.ncbi.nlm.nih.gov/35953326/,https://pubmed.ncbi.nlm.nih.gov/35953326/,35953326,,,error,Identifier not found in PMC
Bio-protocol-136,https://pubmed.ncbi.nlm.nih.gov/37813868/,https://pubmed.ncbi.nlm.nih.gov/37813868/,37813868,PMC10562482,10.1038/s41467-023-41932-0,low_conf,
Bio-protocol-135,https://pubmed.ncbi.nlm.nih.gov/37942703/,https://pubmed.ncbi.nlm.nih.gov/37942703/,37942703,PMC10753488,10.1242/jeb.245359,low_conf,
Bio-protocol-138,http://www.ncbi.nlm.nih.gov/pubmed/31375667,https://pubmed.ncbi.nlm.nih.gov/31375667/,31375667,PMC6677753,10.1038/s41467-019-11199-5,low_conf,
Bio-protocol-143,http://dx.doi.org/10.1021/acs.molpharmaceut.0c01154,,,,,no_pmc,
Bio-protocol-142,https://doi.org/10.1126/science.abc6229,,,,,no_pmc,
Bio-protocol-145,https://www.doi.org/10.1083/jcb.202110125,,,,,no_pmc,
Bio-protocol-139,https://doi.org/10.7554/eLife.76039,,,,,no_pmc,
Bio-protocol-146,https://www.doi.org/10.1016/j.molcel.2023.01.009,,,,,no_pmc,
Bio-protocol-148,https://doi.org/10.1093/nar/gku1255,,,,,no_pmc,
Bio-protocol-152,https://www.doi.org/10.1083/jcb.202108001,,,,,no_pmc,
Bio-protocol-149,https://www.doi.org/10.1038/s41556-023-01260-3,,,,,no_pmc,
Bio-protocol-151,https://doi.org/10.1242/dmm.050267,,,,,no_pmc,
Bio-protocol-150,http://dx.doi.org/10.1101/2022.11.28.518201,,,,,no_pmc,
Bio-protocol-154,https://doi.org/10.1126/sciadv.add8023,,,,,no_pmc,
Bio-protocol-156,https://www.doi.org/10.1038/s41388-023-02801-8,,,,,no_pmc,
Bio-protocol-155,https://doi.org/10.1126/scitranslmed.add4666,,,,,no_pmc,
Bio-protocol-160,https://doi.org/10.1091/mbc.E22-04-0121,,,,,no_pmc,
Bio-protocol-159,https://doi.org/10.1126/scitranslmed.adh9562,,,,,no_pmc,
Bio-protocol-157,https://doi.org/10.1155/2024/2515383,,,,,no_pmc,
Bio-protocol-158,https://doi.org/10.7554/eLife.70671,,,,,no_pmc,
Bio-protocol-162,http://dx.doi.org/10.3389/fncel.2022.1029799,,,,,no_pmc,
Bio-protocol-161,https://www.doi.org/10.1371/journal.ppat.1009311,,,,,no_pmc,
Bio-protocol-163,http://dx.doi.org/10.1038/s41438-021-00611-1,,,,,no_pmc,
Bio-protocol-165,https://doi.org/10.1126/sciadv.abm2343,,,,,no_pmc,
Bio-protocol-166,https://doi.org/10.3390/bioengineering10121418,,,,,no_pmc,
Bio-protocol-164,http://dx.doi.org/10.1016/j.pep.2023.106276,,,,,no_pmc,
Bio-protocol-168,https://doi.org/10.7554/eLife.81961,,,,,no_pmc,
Bio-protocol-170,https://doi.org/10.1085/jgp.202012760,,,,,no_pmc,
Bio-protocol-174,https://doi.org/10.1186/s13287-021-02627-9,,,,,no_pmc,
Bio-protocol-171,https://www.doi.org/10.1016/j.jbc.2023.105230,,,,,no_pmc,
Bio-protocol-172,https://www.doi.org/10.1083/jcb.202205051,,,,,no_pmc,
Bio-protocol-179,https://journals.asm.org/doi/10.1128/msphere.00544-23,,,,,no_pmc,
Bio-protocol-176,https://www.doi.org/10.1371/journal.pone.0279221,,,,,no_pmc,
Bio-protocol-175,http://dx.doi.org/10.1007/s00253-023-12770-3,,,,,no_pmc,
Bio-protocol-173,https://www.sciencedirect.com/science/article/pii/S088240102030913X,,,,,no_pmc,
Bio-protocol-181,https://doi.org/10.1038/s41419-020-02959-z,,,,,no_pmc,
Bio-protocol-182,http://dx.doi.org/10.1080/27694127.2023.2186568,,,,,no_pmc,
Bio-protocol-186,https://www.doi.org/10.1111/mmi.14694,,,,,no_pmc,
Bio-protocol-185,http://dx.doi.org/10.1016/j.isci.2023.107024,,,,,no_pmc,
Bio-protocol-184,https://pubmed.ncbi.nlm.nih.gov/37863979/,https://pubmed.ncbi.nlm.nih.gov/37863979/,37863979,PMC10589335,10.1038/s41598-023-45160-w,low_conf,
Bio-protocol-191,https://www.doi.org/10.1083/jcb.202209116,,,,,no_pmc,
Bio-protocol-190,https://doi.org/10.1126/scisignal.abo2206,,,,,no_pmc,
Bio-protocol-194,https://www.frontiersin.org/articles/10.3389/fnins.2023.1158858/full,,,,,no_pmc,
Bio-protocol-193,http://dx.doi.org/10.1093/brain/awac103,,,,,no_pmc,
Bio-protocol-195,https://www.doi.org/10.1186/s13024-022-00591-3,,,,,no_pmc,
Bio-protocol-197,https://www.doi.org/10.1172/JCI151020,,,,,no_pmc,
Bio-protocol-196,https://www.doi.org/10.1093/bioinformatics/btad495,,,,,no_pmc,
Bio-protocol-198,https://doi.org/10.1002/1878-0261.13491,,,,,no_pmc,
Bio-protocol-199,https://doi.org/10.1038/s41522-023-00371-x,,,,,no_pmc,
Bio-protocol-201,https://doi.org/10.1021/acsami.2c12998,,,,,no_pmc,
Bio-protocol-202,https://pubmed.ncbi.nlm.nih.gov/37637102/,https://pubmed.ncbi.nlm.nih.gov/37637102/,37637102,PMC10451090,10.3389/fmicb.2023.1223113,low_conf,
Bio-protocol-203,https://elifesciences.org/articles/74821,,,,,no_pmc,
Bio-protocol-206,https://www.science.org/doi/10.1126/scitranslmed.aah5505,,,,,no_pmc,
Bio-protocol-208,https://rupress.org/jcb/article/222/8/e202208018/214139/The-Ndc80-Cdt1-Ska1-complex-is-a-central,,,,,no_pmc,
Bio-protocol-205,https://www.doi.org/10.1038/s41593-022-01252-w,,,,,no_pmc,
Bio-protocol-207,https://www.doi.org/10.1016/j.jbc.2022.102733,,,,,no_pmc,
Bio-protocol-209,https://doi.org/10.7554/eLife.80500,,,,,no_pmc,
Bio-protocol-213,https://pubmed.ncbi.nlm.nih.gov/36170207/,https://pubmed.ncbi.nlm.nih.gov/36170207/,36170207,PMC9550178,10.1371/journal.pbio.3001599,low_conf,
Bio-protocol-210,http://dx.doi.org/10.3390/v15010215,,,,,no_pmc,
Bio-protocol-211,https://doi.org/10.1038/s41467-023-40579-1,,,,,no_pmc,
Bio-protocol-215,https://www.nature.com/articles/s41467-022-28730-w,,,,,no_pmc,
Bio-protocol-214,https://doi.org/10.7554/eLife.89185,,,,,no_pmc,
Bio-protocol-216,https://www.doi.org/10.1094/PDIS-12-22-2841-RE,,,,,no_pmc,
Bio-protocol-217,https://doi.org/10.1126/sciadv.abm9120,,,,,no_pmc,
Bio-protocol-220,https://doi.org/10.7554/eLife.77455,,,,,no_pmc,
Bio-protocol-222,https://pubs.acs.org/doi/10.1021/acsami.2c19873,,,,,no_pmc,
Bio-protocol-221,https://pubmed.ncbi.nlm.nih.gov/36839533/,https://pubmed.ncbi.nlm.nih.gov/36839533/,36839533,PMC9960897,10.3390/pathogens12020261,low_conf,
Bio-protocol-225,https://doi.org/10.1016/j.bbi.2023.08.005,,,,,no_pmc,
Bio-protocol-223,https://doi.org/10.1126/science.aaz3090,,,,,no_pmc,
Bio-protocol-226,https://www.frontiersin.org/articles/10.3389/fimmu.2023.1113194/abstract,,,,,no_pmc,
Bio-protocol-228,https://doi.org/10.7554/eLife.74443,,,,,no_pmc,
Bio-protocol-227,https://elifesciences.org/articles/89331,,,,,no_pmc,
Bio-protocol-229,https://elifesciences.org/articles/49091,,,,,no_pmc,
Bio-protocol-232,http://www.ncbi.nlm.nih.gov/pubmed/20554619,https://pubmed.ncbi.nlm.nih.gov/20554619/,20554619,PMC3175965,10.1167/iovs.10-5461,low_conf,
Bio-protocol-233,https://doi.org/10.7554/eLife.83133,,,,,no_pmc,
Bio-protocol-236,https://doi.org/10.1016/j.apcata.2022.119019,,,,,no_pmc,
Bio-protocol-238,https://pubmed.ncbi.nlm.nih.gov/37101003/,https://pubmed.ncbi.nlm.nih.gov/37101003/,37101003,PMC10133230,10.1038/s42003-023-04849-4,low_conf,
Bio-protocol-234,https://doi.org/10.1126/sciadv.abg4246,,,,,no_pmc,
Bio-protocol-237,https://pubmed.ncbi.nlm.nih.gov/37070275/,https://pubmed.ncbi.nlm.nih.gov/37070275/,37070275,PMC10184827,10.1242/jcs.260540,low_conf,
Bio-protocol-239,https://doi.org/10.1016/j.jbc.2022.101815,,,,,no_pmc,
Bio-protocol-241,https://elifesciences.org/articles/86556,,,,,no_pmc,
Bio-protocol-240,https://doi.org/10.1523/JNEUROSCI.1842-21.2022,,,,,no_pmc,
Bio-protocol-242,https://www.doi.org/10.3389/fpls.2022.1093688,,,,,no_pmc,
Bio-protocol-243,https://www.sciencedirect.com/science/article/pii/S0145305X22000623#sec2,,,,,no_pmc,
Bio-protocol-244,https://www.doi.org/10.26508/lsa.202101309,,,,,no_pmc,
Bio-protocol-248,https://doi.org/10.7554/eLife.75978,,,,,no_pmc,
Bio-protocol-249,https://pubmed.ncbi.nlm.nih.gov/33116158/,https://pubmed.ncbi.nlm.nih.gov/33116158/,33116158,PMC7595160,10.1038/s41598-020-74128-3,low_conf,
Bio-protocol-246,https://doi.org/10.7554/eLife.83138,,,,,no_pmc,
Bio-protocol-245,https://www.science.org/doi/10.1126/science.adg3797,,,,,no_pmc,
Bio-protocol-250,https://www.science.org/doi/10.1126/sciimmunol.add4817,,,,,no_pmc,
Bio-protocol-251,https://pubmed.ncbi.nlm.nih.gov/36716239/,https://pubmed.ncbi.nlm.nih.gov/36716239/,36716239,PMC9933046,10.1021/acs.analchem.2c03623,low_conf,
Bio-protocol-255,https://doi.org/10.7554/eLife.81463,,,,,no_pmc,
Bio-protocol-256,https://pubmed.ncbi.nlm.nih.gov/37453418/,https://pubmed.ncbi.nlm.nih.gov/37453418/,37453418,PMC10442639,10.1016/j.celrep.2023.112772,low_conf,
Bio-protocol-253,https://doi.org/10.1126/science.aay3325,,,,,no_pmc,
Bio-protocol-260,https://www.science.org/doi/10.1126/sciadv.abg2106,,,,,no_pmc,
Bio-protocol-258,https://www.doi.org/10.1073/pnas.2212220119,,,,,no_pmc,
Bio-protocol-259,https://www.tandfonline.com/doi/full/10.1080/19490976.2022.2163840,,,,,no_pmc,
Bio-protocol-257,https://doi.org/10.7554/eLife.83138,,,,,no_pmc,
Bio-protocol-261,https://doi.org/10.7554/eLife.76707,,,,,no_pmc,
Bio-protocol-262,https://doi.org/10.1126/sciadv.adf6277,,,,,no_pmc,
Bio-protocol-265,https://doi.org/10.3390/antibiotics9110836,,,,,no_pmc,
Bio-protocol-263,https://doi.org/10.7554/eLife.59912,,,,,no_pmc,
Bio-protocol-264,https://pubmed.ncbi.nlm.nih.gov/34321207/,https://pubmed.ncbi.nlm.nih.gov/34321207/,34321207,PMC8318371,10.1126/sciadv.abg2106,low_conf,
Bio-protocol-266,https://doi.org/10.7554/eLife.69982,,,,,no_pmc,
Bio-protocol-269,https://doi.org/10.1016/j.ymben.2023.02.012,,,,,no_pmc,
Bio-protocol-268,https://journals.plos.org/plospathogens/article?id=10.1371/journal.ppat.1011517,,,,,no_pmc,
Bio-protocol-270,https://pubmed.ncbi.nlm.nih.gov/37122473,https://pubmed.ncbi.nlm.nih.gov/37122473/,37122473,PMC10141581,10.1021/acscentsci.3c00191,low_conf,
Bio-protocol-273,https://pubmed.ncbi.nlm.nih.gov/34323976/,https://pubmed.ncbi.nlm.nih.gov/34323976/,34323976,PMC8505866,10.1093/plcell/koab193,low_conf,
Bio-protocol-276,https://pubmed.ncbi.nlm.nih.gov/33793849,https://pubmed.ncbi.nlm.nih.gov/33793849/,33793849,,,error,Identifier not found in PMC
Bio-protocol-274,https://doi.org/10.7554/eLife.81360,,,,,no_pmc,
Bio-protocol-278,https://www.doi.org/10.1073/pnas.2221127120,,,,,no_pmc,
Bio-protocol-281,https://www.doi.org/10.1093/nar/gkac314,,,,,no_pmc,
Bio-protocol-280,https://pubmed.ncbi.nlm.nih.gov/35428705/,https://pubmed.ncbi.nlm.nih.gov/35428705/,35428705,PMC9014073,10.1136/jitc-2021-004309,low_conf,
Bio-protocol-282,https://elifesciences.org/articles/75459,,,,,no_pmc,
Bio-protocol-283,https://www.tandfonline.com/doi/full/10.1080/19490976.2022.2163840,,,,,no_pmc,
Bio-protocol-284,https://pubmed.ncbi.nlm.nih.gov/36039662/,https://pubmed.ncbi.nlm.nih.gov/36039662/,36039662,PMC9826302,10.1002/ajb2.16059,low_conf,
Bio-protocol-285,https://www.doi.org/10.1083/jcb.201808181,,,,,no_pmc,
Bio-protocol-286,https://doi.org/10.1093/cei/uxad004,,,,,no_pmc,
Bio-protocol-289,https://pubmed.ncbi.nlm.nih.gov/34949179/,https://pubmed.ncbi.nlm.nih.gov/34949179/,34949179,PMC8697472,10.1186/s12974-021-02365-y,low_conf,
Bio-protocol-293,https://www.doi.org/10.1016/j.bbamem.2022.184118,,,,,no_pmc,
Bio-protocol-291,https://pubmed.ncbi.nlm.nih.gov/29327207/,https://pubmed.ncbi.nlm.nih.gov/29327207/,29327207,PMC6041199,10.1007/s12035-017-0837-3,low_conf,
Bio-protocol-296,https://doi.org/10.7554/eLife.78917,,,,,no_pmc,
Bio-protocol-299,https://doi.org/10.1126/science.abk0637,,,,,no_pmc,
Bio-protocol-297,https://pubmed.ncbi.nlm.nih.gov/35156529/,https://pubmed.ncbi.nlm.nih.gov/35156529/,35156529,PMC8855868,10.1080/19491034.2021.2024691,low_conf,
Bio-protocol-300,https://www.biorxiv.org/content/10.1101/2022.06.15.494637v1,,,,,no_pmc,
Bio-protocol-298,https://pubmed.ncbi.nlm.nih.gov/33864349/,https://pubmed.ncbi.nlm.nih.gov/33864349/,33864349,PMC8291079,10.1002/dneu.22826,low_conf,
Bio-protocol-304,https://doi.org/10.7554/eLife.82811,,,,,no_pmc,
Bio-protocol-303,https://www.doi.org/10.1101/gad.350004.122,,,,,no_pmc,
Bio-protocol-305,https://insight.jci.org/articles/view/157191,,,,,no_pmc,
Bio-protocol-302,https://pubmed.ncbi.nlm.nih.gov/37081200/,https://pubmed.ncbi.nlm.nih.gov/37081200/,37081200,PMC10119281,10.1038/s42003-023-04831-0,low_conf,
Bio-protocol-307,https://www.doi.org/10.1038/s41477-022-01125-x,,,,,no_pmc,
Bio-protocol-308,https://www.frontiersin.org/articles/10.3389/fimmu.2021.619392/full,,,,,no_pmc,
Bio-protocol-310,https://elifesciences.org/reviewed-preprints/87253#x-2122173774,,,,,no_pmc,
Bio-protocol-315,https://doi.org/10.3390/ijms24087380,,,,,no_pmc,
Bio-protocol-309,https://www.biorxiv.org/content/10.1101/2022.04.10.487765v1,,,,,no_pmc,
Bio-protocol-311,https://academic.oup.com/nar/advance-article/doi/10.1093/nar/gkac1183/6947000,,,,,no_pmc,
Bio-protocol-312,https://doi.org/10.7554/eLife.76744,,,,,no_pmc,
Bio-protocol-316,https://doi.org/10.1126/sciimmunol.abn3240,,,,,no_pmc,
Bio-protocol-313,https://doi.org/10.1126/sciimmunol.abl9041,,,,,no_pmc,
Bio-protocol-321,https://www.sciencedirect.com/science/article/pii/S2468014121001412,,,,,no_pmc,
Bio-protocol-314,https://www.doi.org/10.1371/journal.pntd.0011040,,,,,no_pmc,
Bio-protocol-318,https://doi.org/10.1126/sciadv.abn5488,,,,,no_pmc,
Bio-protocol-319,https://doi.org/10.1126/science.abf9088,,,,,no_pmc,
Bio-protocol-323,https://www.doi.org/10.1038/s41477-021-01042-5,,,,,no_pmc,
Bio-protocol-320,https://www.science.org/doi/10.1126/science.aax1694,,,,,no_pmc,
Bio-protocol-325,https://www.doi.org/10.1083/jcb.202106124,,,,,no_pmc,
Bio-protocol-324,https://www.biorxiv.org/content/10.1101/2022.10.19.512796v1,,,,,no_pmc,
Bio-protocol-322,https://doi.org/10.1128/mBio.03471-20,,,,,no_pmc,
Bio-protocol-327,https://www.doi.org/10.1038/s41467-022-32946-1,,,,,no_pmc,
Bio-protocol-326,http://www.ncbi.nlm.nih.gov/pubmed/31330146,https://pubmed.ncbi.nlm.nih.gov/31330146/,31330146,,,error,Identifier not found in PMC
Bio-protocol-331,http://www.ncbi.nlm.nih.gov/pubmed/30263962,https://pubmed.ncbi.nlm.nih.gov/30263962/,30263962,PMC6157965,10.1126/sciadv.aau1935,low_conf,
Bio-protocol-329,https://pubmed.ncbi.nlm.nih.gov/35722872/,https://pubmed.ncbi.nlm.nih.gov/35722872/,35722872,PMC9308743,10.1161/CIRCRESAHA.122.320785,low_conf,
Bio-protocol-330,https://pubmed.ncbi.nlm.nih.gov/37141239/,https://pubmed.ncbi.nlm.nih.gov/37141239/,37141239,PMC10159121,10.1371/journal.pone.0282576,low_conf,
Bio-protocol-332,https://doi.org/10.7554/eLife.81505,,,,,no_pmc,
Bio-protocol-336,https://doi.org/10.1126/sciadv.adf4313,,,,,no_pmc,
Bio-protocol-333,https://www.doi.org/10.1038/s41598-021-93781-w,,,,,no_pmc,
Bio-protocol-338,https://doi.org/10.7554/eLife.81505,,,,,no_pmc,
Bio-protocol-334,https://doi.org/10.7554/eLife.83140,,,,,no_pmc,
Bio-protocol-339,https://doi.org/10.1126/science.abm6704,,,,,no_pmc,
Bio-protocol-335,https://www.liebertpub.com/doi/abs/10.1089/omi.2022.0168,,,,,no_pmc,
Bio-protocol-337,https://www.mdpi.com/2079-7737/12/2/211,,,,,no_pmc,
Bio-protocol-342,https://www.science.org/doi/10.1126/science.ade1702,,,,,no_pmc,
Bio-protocol-341,https://www.doi.org/10.1093/pcp/pcac100,,,,,no_pmc,
Bio-protocol-347,https://www.biorxiv.org/content/10.1101/2022.09.15.508103v1,,,,,no_pmc,
Bio-protocol-348,https://pubmed.ncbi.nlm.nih.gov/35026447/,https://pubmed.ncbi.nlm.nih.gov/35026447/,35026447,,,error,Identifier not found in PMC
Bio-protocol-350,https://doi.org/10.1111/adb.13153,,,,,no_pmc,
Bio-protocol-349,https://doi.org/10.7554/eLife.75978,,,,,no_pmc,
Bio-protocol-351,https://pubmed.ncbi.nlm.nih.gov/35857787/,https://pubmed.ncbi.nlm.nih.gov/35857787/,35857787,PMC9342782,10.1371/journal.pgen.1010046,low_conf,
Bio-protocol-352,https://pubmed.ncbi.nlm.nih.gov/36064848/,https://pubmed.ncbi.nlm.nih.gov/36064848/,36064848,PMC9441830,10.1038/s41467-022-32910-z,low_conf,
Bio-protocol-353,https://pubmed.ncbi.nlm.nih.gov/34282287/,https://pubmed.ncbi.nlm.nih.gov/34282287/,34282287,PMC7611683,10.1038/s41477-021-00969-z,low_conf,
Bio-protocol-356,https://pubmed.ncbi.nlm.nih.gov/36617976/,https://pubmed.ncbi.nlm.nih.gov/36617976/,36617976,PMC9881172,10.1093/nar/gkac1218,low_conf,
Bio-protocol-354,https://pubmed.ncbi.nlm.nih.gov/35538058/,https://pubmed.ncbi.nlm.nih.gov/35538058/,35538058,PMC9091226,10.1038/s41419-022-04891-w,low_conf,
Bio-protocol-357,https://onlinelibrary.wiley.com/doi/abs/10.1002/adma.202109984,,,,,no_pmc,
Bio-protocol-358,https://pubmed.ncbi.nlm.nih.gov/36057633/,https://pubmed.ncbi.nlm.nih.gov/36057633/,36057633,PMC9440896,10.1038/s41467-022-32788-x,low_conf,
Bio-protocol-360,https://pubmed.ncbi.nlm.nih.gov/34664668/,https://pubmed.ncbi.nlm.nih.gov/34664668/,34664668,PMC10405909,10.1242/jcs.258649,low_conf,
Bio-protocol-361,https://doi.org/10.1126/science.abm8767,,,,,no_pmc,
Bio-protocol-359,https://www.frontiersin.org/articles/10.3389/fevo.2022.915517/full,,,,,no_pmc,
Bio-protocol-363,https://www.biorxiv.org/content/10.1101/2023.01.31.526407v1,,,,,no_pmc,
Bio-protocol-366,https://pubmed.ncbi.nlm.nih.gov/37159395/,https://pubmed.ncbi.nlm.nih.gov/37159395/,37159395,,,error,Identifier not found in PMC
Bio-protocol-362,http://www.ncbi.nlm.nih.gov/pubmed/35736508,https://pubmed.ncbi.nlm.nih.gov/35736508/,35736508,PMC9342986,10.1093/plphys/kiac199,low_conf,
Bio-protocol-367,https://www.frontiersin.org/articles/10.3389/fpls.2022.1040117/full,,,,,no_pmc,
Bio-protocol-368,https://pubmed.ncbi.nlm.nih.gov/35018473/,https://pubmed.ncbi.nlm.nih.gov/35018473/,35018473,PMC8860590,10.1093/nar/gkab1264,low_conf,
Bio-protocol-369,https://www.doi.org/10.1083/jcb.202109038,,,,,no_pmc,
Bio-protocol-371,http://www.ncbi.nlm.nih.gov/pubmed/33763921,https://pubmed.ncbi.nlm.nih.gov/33763921/,33763921,PMC8428830,10.1111/pbi.13585,low_conf,
Bio-protocol-372,https://www.doi.org/10.1083/jcb.202007059,,,,,no_pmc,
Bio-protocol-370,https://www.jneurosci.org/content/39/14/2581.long,,,,,no_pmc,
Bio-protocol-374,https://doi.org/10.1126/scitranslmed.abg3277,,,,,no_pmc,
Bio-protocol-377,https://doi.org/10.1242/jcs.258649,,,,,no_pmc,
Bio-protocol-375,https://www.doi.org/10.1038/s41477-022-01177-z,,,,,no_pmc,
Bio-protocol-380,https://doi.org/10.1126/sciadv.abo4184,,,,,no_pmc,
Bio-protocol-381,https://pubmed.ncbi.nlm.nih.gov/35550611/,https://pubmed.ncbi.nlm.nih.gov/35550611/,35550611,PMC9106586,10.1038/s41556-022-00899-8,low_conf,
Bio-protocol-382,https://doi.org/10.7554/eLife.76631,,,,,no_pmc,
Bio-protocol-383,https://pubmed.ncbi.nlm.nih.gov/29327207/,https://pubmed.ncbi.nlm.nih.gov/29327207/,29327207,PMC6041199,10.1007/s12035-017-0837-3,low_conf,
Bio-protocol-385,https://doi.org/10.1093/plphys/kiac165,,,,,no_pmc,
Bio-protocol-387,https://linkinghub.elsevier.com/retrieve/pii/S0021-9258(22)01103-6,,,,,no_pmc,
Bio-protocol-388,https://doi.org/10.1126/sciadv.abq4915,,,,,no_pmc,
Bio-protocol-389,https://www.doi.org/10.1371/journal.ppat.1010763,,,,,no_pmc,
Bio-protocol-390,https://doi.org/10.7554/eLife.67464,,,,,no_pmc,
Bio-protocol-392,https://www.doi.org/10.1038/s41467-022-32861-5,,,,,no_pmc,
Bio-protocol-393,https://doi.org/10.7554/eLife.74805,,,,,no_pmc,
Bio-protocol-391,https://doi.org/10.1093/plphys/kiac165,,,,,no_pmc,
Bio-protocol-394,https://pubmed.ncbi.nlm.nih.gov/31194563/,https://pubmed.ncbi.nlm.nih.gov/31194563/,31194563,PMC7035787,10.1021/acs.molpharmaceut.9b00208,low_conf,
Bio-protocol-396,https://doi.org/10.7554/eLife.76339,,,,,no_pmc,
Bio-protocol-399,http://www.ncbi.nlm.nih.gov/pubmed/36476416,https://pubmed.ncbi.nlm.nih.gov/36476416/,36476416,PMC9730659,10.1186/s12864-022-08971-1,low_conf,
Bio-protocol-397,https://www.doi.org/10.1038/s41593-022-01102-9,,,,,no_pmc,
Bio-protocol-400,https://www.nature.com/articles/s43018-020-00167-4#Sec11,,,,,no_pmc,
Bio-protocol-398,https://www.doi.org/10.1111/mpp.13161,,,,,no_pmc,
Bio-protocol-402,https://www.science.org/doi/abs/10.1126/science.abn3100,,,,,no_pmc,
Bio-protocol-401,https://www.nature.com/articles/s42255-020-00300-8#Sec2,,,,,no_pmc,
Bio-protocol-403,https://doi.org/10.7554/eLife.74322,,,,,no_pmc,
Bio-protocol-405,https://www.doi.org/10.1038/s41467-022-30180-3,,,,,no_pmc,
Bio-protocol-406,https://www.doi.org/10.1371/journal.ppat.1009882,,,,,no_pmc,
Bio-protocol-404,https://pubmed.ncbi.nlm.nih.gov/35713879/,https://pubmed.ncbi.nlm.nih.gov/35713879/,35713879,PMC9260720,10.1021/acs.analchem.2c01375,low_conf,
Bio-protocol-407,https://doi.org/10.1126/scitranslmed.abc8188,,,,,no_pmc,
Bio-protocol-408,https://elifesciences.org/articles/83021,,,,,no_pmc,
Bio-protocol-409,https://pubmed.ncbi.nlm.nih.gov/33891872/,https://pubmed.ncbi.nlm.nih.gov/33891872/,33891872,PMC8185432,10.1016/j.stemcr.2021.03.017,low_conf,
Bio-protocol-411,https://doi.org/10.1126/sciimmunol.abm6931,,,,,no_pmc,
Bio-protocol-412,https://www.ncbi.nlm.nih.gov/pubmed/28861412,https://pubmed.ncbi.nlm.nih.gov/28861412/,28861412,PMC5559433,10.3389/fbioe.2017.00047,low_conf,
Bio-protocol-414,https://www.doi.org/10.1038/s41467-022-32176-5,,,,,no_pmc,
Bio-protocol-410,https://pubmed.ncbi.nlm.nih.gov/34816582/,https://pubmed.ncbi.nlm.nih.gov/34816582/,34816582,PMC8743016,10.1111/mpp.13161,low_conf,
Bio-protocol-413,https://www.doi.org/10.1083/jcb.202009134,,,,,no_pmc,
Bio-protocol-415,https://pubmed.ncbi.nlm.nih.gov/36056023/,https://pubmed.ncbi.nlm.nih.gov/36056023/,36056023,PMC9440122,10.1038/s41467-022-32799-8,low_conf,
Bio-protocol-416,https://www.science.org/doi/10.1126/science.abq8148,,,,,no_pmc,
Bio-protocol-418,https://pubmed.ncbi.nlm.nih.gov/36383525/,https://pubmed.ncbi.nlm.nih.gov/36383525/,36383525,PMC9668159,10.1371/journal.pone.0277097,low_conf,
Bio-protocol-419,https://doi.org/10.1126/science.abf4062,,,,,no_pmc,
Bio-protocol-417,https://doi.org/10.7554/eLife.72780,,,,,no_pmc,
Bio-protocol-420,http://www.ncbi.nlm.nih.gov/pubmed/30022023,https://pubmed.ncbi.nlm.nih.gov/30022023/,30022023,PMC6052067,10.1038/s41467-018-05043-5,low_conf,
Bio-protocol-421,https://doi.org/10.7554/eLife.71845,,,,,no_pmc,
Bio-protocol-424,https://doi.org/10.1126/sciimmunol.abn6563,,,,,no_pmc,
Bio-protocol-423,https://www.doi.org/10.1083/jcb.202203021,,,,,no_pmc,
Bio-protocol-422,https://pubmed.ncbi.nlm.nih.gov/35750682/,https://pubmed.ncbi.nlm.nih.gov/35750682/,35750682,PMC9232601,10.1038/s41598-022-13722-z,low_conf,
Bio-protocol-426,https://pubmed.ncbi.nlm.nih.gov/36970811/,https://pubmed.ncbi.nlm.nih.gov/36970811/,36970811,PMC10291034,10.1093/plcell/koad095,low_conf,
Bio-protocol-428,https://pubmed.ncbi.nlm.nih.gov/36047921/,https://pubmed.ncbi.nlm.nih.gov/36047921/,36047921,,,error,Identifier not found in PMC
Bio-protocol-427,https://pubmed.ncbi.nlm.nih.gov/33618058/,https://pubmed.ncbi.nlm.nih.gov/33618058/,33618058,,,error,Identifier not found in PMC
Bio-protocol-431,http://www.ncbi.nlm.nih.gov/pubmed/35474139,https://pubmed.ncbi.nlm.nih.gov/35474139/,35474139,PMC9342993,10.1093/plphys/kiac170,low_conf,
Bio-protocol-429,https://pubmed.ncbi.nlm.nih.gov/34271321/,https://pubmed.ncbi.nlm.nih.gov/34271321/,34271321,,,error,Identifier not found in PMC
Bio-protocol-432,https://pubmed.ncbi.nlm.nih.gov/36028485/,https://pubmed.ncbi.nlm.nih.gov/36028485/,36028485,PMC9418313,10.1038/s41467-022-32529-0,low_conf,
Bio-protocol-430,https://pubmed.ncbi.nlm.nih.gov/35958624/,https://pubmed.ncbi.nlm.nih.gov/35958624/,35958624,PMC9360330,10.3389/fimmu.2022.951254,low_conf,
Bio-protocol-433,https://doi.org/10.7554/eLife.73775,,,,,no_pmc,
Bio-protocol-435,https://pubmed.ncbi.nlm.nih.gov/35819991/,https://pubmed.ncbi.nlm.nih.gov/35819991/,35819991,PMC9307174,10.1371/journal.pgen.1010313,low_conf,
Bio-protocol-434,https://pubmed.ncbi.nlm.nih.gov/35906758/,https://pubmed.ncbi.nlm.nih.gov/35906758/,35906758,,,error,Identifier not found in PMC
Bio-protocol-436,https://doi.org/10.1126/sciadv.abn1805,,,,,no_pmc,
Bio-protocol-437,https://pubs.rsc.org/en/content/articlelanding/2019/an/c8an02161a,,,,,no_pmc,
Bio-protocol-439,https://pubmed.ncbi.nlm.nih.gov/33515767/,https://pubmed.ncbi.nlm.nih.gov/33515767/,33515767,,,error,Identifier not found in PMC
Bio-protocol-440,http://www.ncbi.nlm.nih.gov/pubmed/34416065,https://pubmed.ncbi.nlm.nih.gov/34416065/,34416065,PMC8633499,10.1111/pbi.13684,low_conf,
Bio-protocol-442,https://pubmed.ncbi.nlm.nih.gov/36459969/,https://pubmed.ncbi.nlm.nih.gov/36459969/,36459969,PMC9782786,10.1016/j.stem.2022.11.004,low_conf,
Bio-protocol-443,https://pubmed.ncbi.nlm.nih.gov/35914531/,https://pubmed.ncbi.nlm.nih.gov/35914531/,35914531,,,error,Identifier not found in PMC
Bio-protocol-444,https://www.doi.org/10.1038/s41477-021-00861-w,,,,,no_pmc,
Bio-protocol-441,https://pubmed.ncbi.nlm.nih.gov/35821088/,https://pubmed.ncbi.nlm.nih.gov/35821088/,35821088,PMC9274186,10.1038/s41422-022-00689-9,low_conf,
Bio-protocol-445,https://doi.org/10.1126/science.abj6647,,,,,no_pmc,
Bio-protocol-446,https://doi.org/10.7554/eLife.74486,,,,,no_pmc,
Bio-protocol-451,https://doi.org/10.1126/sciadv.abf9441,,,,,no_pmc,
Bio-protocol-449,https://www.science.org/doi/10.1126/sciadv.abl4363,,,,,no_pmc,
Bio-protocol-452,http://www.ncbi.nlm.nih.gov/pubmed/36241706,https://pubmed.ncbi.nlm.nih.gov/36241706/,36241706,,,error,Identifier not found in PMC
Bio-protocol-450,https://doi.org/10.7554/eLife.79014,,,,,no_pmc,
Bio-protocol-453,https://pubmed.ncbi.nlm.nih.gov/36069036/,https://pubmed.ncbi.nlm.nih.gov/36069036/,36069036,PMC9825974,10.1113/JP282959,low_conf,
Bio-protocol-457,https://www.doi.org/10.1038/s41467-022-31825-z,,,,,no_pmc,
Bio-protocol-455,https://www.mdpi.com/2309-608X/7/10/843,,,,,no_pmc,
Bio-protocol-454,http://www.ncbi.nlm.nih.gov/pubmed/27598229,https://pubmed.ncbi.nlm.nih.gov/27598229/,27598229,,,error,Identifier not found in PMC
Bio-protocol-456,https://www.doi.org/10.1523/JNEUROSCI.2530-21.2022,,,,,no_pmc,
Bio-protocol-459,http://www.ncbi.nlm.nih.gov/pubmed/35640153,https://pubmed.ncbi.nlm.nih.gov/35640153/,35640153,PMC9342996,10.1093/plphys/kiac241,low_conf,
Bio-protocol-458,https://doi.org/10.1158/1541-7786.MCR-19-0759,,,,,no_pmc,
Bio-protocol-461,https://pubmed.ncbi.nlm.nih.gov/35897725/,https://pubmed.ncbi.nlm.nih.gov/35897725/,35897725,PMC9332157,10.3390/ijms23158150,low_conf,
Bio-protocol-460,https://pubmed.ncbi.nlm.nih.gov/36130996/,https://pubmed.ncbi.nlm.nih.gov/36130996/,36130996,PMC9492775,10.1038/s41598-022-20098-7,low_conf,
Bio-protocol-462,https://doi.org/10.1126/scitranslmed.aaz8454,,,,,no_pmc,
Bio-protocol-465,https://doi.org/10.1126/scitranslmed.abj1531,,,,,no_pmc,
Bio-protocol-467,https://pubmed.ncbi.nlm.nih.gov/35961989/,https://pubmed.ncbi.nlm.nih.gov/35961989/,35961989,PMC9374761,10.1038/s41467-022-32461-3,low_conf,
Bio-protocol-463,https://www.nature.com/articles/s41422-020-00393-6,,,,,no_pmc,
Bio-protocol-464,http://www.ncbi.nlm.nih.gov/pubmed/35916735,https://pubmed.ncbi.nlm.nih.gov/35916735/,35916735,,,error,Identifier not found in PMC
Bio-protocol-466,https://www.micropublication.org/journals/biology/micropub-biology-000369,,,,,no_pmc,
Bio-protocol-468,https://pubmed.ncbi.nlm.nih.gov/34439916/,https://pubmed.ncbi.nlm.nih.gov/34439916/,34439916,PMC8394541,10.3390/biom11081250,low_conf,
Bio-protocol-469,https://pubmed.ncbi.nlm.nih.gov/36057632/,https://pubmed.ncbi.nlm.nih.gov/36057632/,36057632,PMC9440911,10.1038/s41467-022-32855-3,low_conf,
Bio-protocol-470,https://doi.org/10.1126/sciadv.abm9106,,,,,no_pmc,
Bio-protocol-471,http://www.ncbi.nlm.nih.gov/pubmed/33471413,https://pubmed.ncbi.nlm.nih.gov/33471413/,33471413,PMC8313130,10.1111/pbi.13550,low_conf,
Bio-protocol-472,https://pubmed.ncbi.nlm.nih.gov/35641102/,https://pubmed.ncbi.nlm.nih.gov/35641102/,35641102,PMC9410883,10.1093/nar/gkac434,low_conf,
Bio-protocol-475,https://www.doi.org/10.1038/s41422-022-00662-6,,,,,no_pmc,
Bio-protocol-473,https://www.doi.org/10.1083/jcb.202109114,,,,,no_pmc,
Bio-protocol-474,https://pubmed.ncbi.nlm.nih.gov/35710786/,https://pubmed.ncbi.nlm.nih.gov/35710786/,35710786,PMC9203776,10.1038/s41421-022-00422-1,low_conf,
Bio-protocol-476,https://doi.org/10.1126/sciimmunol.abl3995,,,,,no_pmc,
Bio-protocol-477,https://pubmed.ncbi.nlm.nih.gov/36142714/,https://pubmed.ncbi.nlm.nih.gov/36142714/,36142714,PMC9503786,10.3390/ijms231810802,low_conf,
Bio-protocol-481,https://pubmed.ncbi.nlm.nih.gov/31884470/,https://pubmed.ncbi.nlm.nih.gov/31884470/,31884470,,,error,Identifier not found in PMC
Bio-protocol-478,https://pubmed.ncbi.nlm.nih.gov/35756067/,https://pubmed.ncbi.nlm.nih.gov/35756067/,35756067,PMC9226606,10.3389/fmicb.2022.897836,low_conf,
Bio-protocol-479,https://pubmed.ncbi.nlm.nih.gov/36416549/,https://pubmed.ncbi.nlm.nih.gov/36416549/,36416549,PMC9746318,10.1128/aem.01341-22,low_conf,
Bio-protocol-480,https://doi.org/10.1126/sciadv.abg3693,,,,,no_pmc,
Bio-protocol-482,https://www.doi.org/10.1083/jcb.202105035,,,,,no_pmc,
Bio-protocol-483,https://www.doi.org/10.1523/JNEUROSCI.0997-21.2022,,,,,no_pmc,
Bio-protocol-484,https://pubmed.ncbi.nlm.nih.gov/35953326/,https://pubmed.ncbi.nlm.nih.gov/35953326/,35953326,,,error,Identifier not found in PMC
Bio-protocol-486,https://www.science.org/doi/10.1126/sciadv.abm8791,,,,,no_pmc,
Bio-protocol-485,https://elifesciences.org/articles/66898,,,,,no_pmc,
Bio-protocol-487,https://pubmed.ncbi.nlm.nih.gov/22304915/,https://pubmed.ncbi.nlm.nih.gov/22304915/,22304915,,,error,Identifier not found in PMC
Bio-protocol-489,https://pubmed.ncbi.nlm.nih.gov/34509639/,https://pubmed.ncbi.nlm.nih.gov/34509639/,34509639,,,error,Identifier not found in PMC
Bio-protocol-488,https://pubmed.ncbi.nlm.nih.gov/37566619/,https://pubmed.ncbi.nlm.nih.gov/37566619/,37566619,PMC10420377,10.1371/journal.pone.0289766,low_conf,
Bio-protocol-491,https://www.doi.org/10.1016/j.jbc.2022.101597,,,,,no_pmc,
Bio-protocol-490,https://doi.org/10.1126/scitranslmed.abf1587,,,,,no_pmc,
Bio-protocol-492,https://www.science.org/doi/abs/10.1126/scitranslmed.abb4416,,,,,no_pmc,
Bio-protocol-493,https://www.doi.org/10.1038/s41467-022-32277-1,,,,,no_pmc,
Bio-protocol-495,https://doi.org/10.1016/j.jplph.2022.153768,,,,,no_pmc,
Bio-protocol-494,https://doi.org/10.1126/sciadv.abm4937,,,,,no_pmc,
Bio-protocol-496,http://www.ncbi.nlm.nih.gov/pubmed/32591509,https://pubmed.ncbi.nlm.nih.gov/32591509/,32591509,PMC7320135,10.1038/s41467-020-16967-2,low_conf,
Bio-protocol-497,https://elifesciences.org/articles/67621,,,,,no_pmc,
Bio-protocol-499,https://pubmed.ncbi.nlm.nih.gov/35567530/,https://pubmed.ncbi.nlm.nih.gov/35567530/,35567530,PMC9342984,10.1093/plphys/kiac227,low_conf,
Bio-protocol-500,https://www.doi.org/10.1007/s12035-021-02607-3,,,,,no_pmc,
Bio-protocol-501,https://doi.org/10.1126/sciadv.abi8602,,,,,no_pmc,
Bio-protocol-502,https://www.frontiersin.org/articles/10.3389/fcimb.2022.809606/full,,,,,no_pmc,
Bio-protocol-503,https://pubmed.ncbi.nlm.nih.gov/31820926/,https://pubmed.ncbi.nlm.nih.gov/31820926/,31820926,,,error,Identifier not found in PMC
Bio-protocol-505,https://pubmed.ncbi.nlm.nih.gov/35706903/,https://pubmed.ncbi.nlm.nih.gov/35706903/,35706903,PMC9189289,10.3389/fcell.2022.818621,low_conf,
Bio-protocol-504,https://doi.org/10.1126/scisignal.abe9613,,,,,no_pmc,
Bio-protocol-506,https://www.doi.org/10.1016/j.molp.2021.03.003,,,,,no_pmc,
Bio-protocol-508,https://www.nature.com/articles/s41467-022-31659-9,,,,,no_pmc,
Bio-protocol-507,https://doi.org/10.1126/sciadv.abi8787,,,,,no_pmc,
Bio-protocol-511,https://www.doi.org/10.1038/s41593-022-01076-8,,,,,no_pmc,
Bio-protocol-509,https://pubmed.ncbi.nlm.nih.gov/31818906/,https://pubmed.ncbi.nlm.nih.gov/31818906/,31818906,PMC6997692,10.1104/pp.19.00805,low_conf,
Bio-protocol-510,http://doi.org/10.1128/spectrum.00960-22,,,,,no_pmc,
Bio-protocol-512,https://www.doi.org/10.1016/j.jbc.2022.101621,,,,,no_pmc,
Bio-protocol-513,https://doi.org/10.7554/eLife.68903,,,,,no_pmc,
Bio-protocol-516,https://www.tandfonline.com/doi/full/10.1080/15476286.2022.2027659,,,,,no_pmc,
Bio-protocol-514,https://doi.org/10.1126/sciadv.abm1189,,,,,no_pmc,
Bio-protocol-517,https://www.doi.org/10.1016/j.jbc.2022.101893,,,,,no_pmc,
Bio-protocol-518,https://doi.org/10.1126/sciadv.aaw1822,,,,,no_pmc,
Bio-protocol-515,https://doi.org/10.1074/jbc.RA118.007212,,,,,no_pmc,
Bio-protocol-519,https://doi.org/10.7554/eLife.67190,,,,,no_pmc,
Bio-protocol-520,https://doi.org/10.1093/plphys/kiac427,,,,,no_pmc,
Bio-protocol-522,https://pubmed.ncbi.nlm.nih.gov/34108663/,https://pubmed.ncbi.nlm.nih.gov/34108663/,34108663,PMC8890769,10.1038/s41556-021-00688-9,low_conf,
Bio-protocol-523,https://doi.org/10.1126/science.aaz5641,,,,,no_pmc,
Bio-protocol-526,https://elifesciences.org/articles/08497,,,,,no_pmc,
Bio-protocol-525,https://doi.org/10.1126/sciadv.abi4528,,,,,no_pmc,
Bio-protocol-527,https://pubmed.ncbi.nlm.nih.gov/35663465/,https://pubmed.ncbi.nlm.nih.gov/35663465/,35663465,PMC9157649,10.3389/fcimb.2022.875543,low_conf,
Bio-protocol-528,https://pubmed.ncbi.nlm.nih.gov/35972350/,https://pubmed.ncbi.nlm.nih.gov/35972350/,35972350,PMC9706465,10.1093/plphys/kiac375,low_conf,
Bio-protocol-529,https://pubmed.ncbi.nlm.nih.gov/35256452/,https://pubmed.ncbi.nlm.nih.gov/35256452/,35256452,PMC9074903,10.1261/rna.079097.122,low_conf,
Bio-protocol-532,https://doi.org/10.7554/eLife.73812,,,,,no_pmc,
Bio-protocol-531,https://doi.org/10.1126/sciadv.abh2358,,,,,no_pmc,
Bio-protocol-530,https://doi.org/10.1126/scitranslmed.abk2267,,,,,no_pmc,
Bio-protocol-534,https://doi.org/10.1126/scitranslmed.abd6434,,,,,no_pmc,
Bio-protocol-533,https://pubmed.ncbi.nlm.nih.gov/31146131/,https://pubmed.ncbi.nlm.nih.gov/31146131/,31146131,,,error,Identifier not found in PMC
Bio-protocol-537,https://www.doi.org/10.1038/s41467-022-28520-4,,,,,no_pmc,
Bio-protocol-538,https://doi.org/10.1093/plphys/kiac411,,,,,no_pmc,
Bio-protocol-536,https://pubmed.ncbi.nlm.nih.gov/35123320/,https://pubmed.ncbi.nlm.nih.gov/35123320/,35123320,,,error,Identifier not found in PMC
Bio-protocol-535,https://pubmed.ncbi.nlm.nih.gov/31249134/,https://pubmed.ncbi.nlm.nih.gov/31249134/,31249134,PMC7362759,10.1126/science.aax0486,low_conf,
Bio-protocol-539,https://www.doi.org/10.15252/embr.202152904,,,,,no_pmc,
Bio-protocol-540,https://www.science.org/doi/10.1126/scitranslmed.abj8670,,,,,no_pmc,
Bio-protocol-541,https://pubmed.ncbi.nlm.nih.gov/34687300/,https://pubmed.ncbi.nlm.nih.gov/34687300/,34687300,PMC8774839,10.1093/plphys/kiab485,low_conf,
Bio-protocol-542,https://www.science.org/doi/abs/10.1126/scitranslmed.abd7465,,,,,no_pmc,
Bio-protocol-545,https://www.doi.org/10.15252/embr.202052071,,,,,no_pmc,
Bio-protocol-543,https://doi.org/10.7554/eLife.73998,,,,,no_pmc,
Bio-protocol-544,https://doi.org/10.1126/scisignal.abf3838,,,,,no_pmc,
Bio-protocol-546,https://www.nature.com/articles/s41589-022-01003-9,,,,,no_pmc,
Bio-protocol-547,https://www.doi.org/10.1371/journal.pone.0236653,,,,,no_pmc,
Bio-protocol-548,https://www.doi.org/10.1093/bioinformatics/btac038,,,,,no_pmc,
Bio-protocol-549,https://www.doi.org/10.1371/journal.pgen.1009456,,,,,no_pmc,
Bio-protocol-551,https://pubmed.ncbi.nlm.nih.gov/33331103/,https://pubmed.ncbi.nlm.nih.gov/33331103/,33331103,PMC8206248,10.1111/adb.12990,low_conf,
Bio-protocol-550,https://pubmed.ncbi.nlm.nih.gov/33774895/,https://pubmed.ncbi.nlm.nih.gov/33774895/,33774895,PMC8428832,10.1111/pbi.13589,low_conf,
Bio-protocol-553,https://www.doi.org/10.1016/j.molcel.2021.11.004,,,,,no_pmc,
Bio-protocol-554,https://www.doi.org/10.1038/s41375-021-01169-6,,,,,no_pmc,
Bio-protocol-552,https://doi.org/10.7554/eLife.67106,,,,,no_pmc,
Bio-protocol-556,https://pubmed.ncbi.nlm.nih.gov/35429434/,https://pubmed.ncbi.nlm.nih.gov/35429434/,35429434,PMC9056376,10.1016/j.devcel.2022.03.015,low_conf,
Bio-protocol-555,https://doi.org/10.1016/j.plasmid.2022.102630,,,,,no_pmc,
Bio-protocol-557,https://www.doi.org/10.1016/j.jbc.2022.101813,,,,,no_pmc,
Bio-protocol-559,https://doi.org/10.7554/eLife.68263,,,,,no_pmc,
Bio-protocol-558,https://www.jbc.org/article/S0021-9258(22)00865-1/fulltext,,,,,no_pmc,
Bio-protocol-560,https://www.doi.org/10.1371/journal.ppat.1009311,,,,,no_pmc,
Bio-protocol-561,https://doi.org/10.1126/sciadv.abh0363,,,,,no_pmc,
Bio-protocol-562,https://doi.org/10.1016/j.biomaterials.2022.121391,,,,,no_pmc,
Bio-protocol-563,https://www.nature.com/articles/s41398-022-01815-2,,,,,no_pmc,
Bio-protocol-564,https://www.doi.org/10.1016/j.molp.2021.03.022,,,,,no_pmc,
Bio-protocol-565,https://www.science.org/doi/10.1126/scitranslmed.aaz3866,,,,,no_pmc,
Bio-protocol-566,https://doi.org/10.7554/eLife.75231,,,,,no_pmc,
Bio-protocol-567,https://www.doi.org/10.1083/jcb.202010030,,,,,no_pmc,
Bio-protocol-569,https://journals.lww.com/pain/Abstract/2019/12000/Autoantibodies_produce_pain_in_complex_regional.19.aspx,,,,,no_pmc,
Bio-protocol-568,https://www.nature.com/articles/s41467-020-19826-2,,,,,no_pmc,
Bio-protocol-571,http://www.ncbi.nlm.nih.gov/pubmed/31960028,https://pubmed.ncbi.nlm.nih.gov/31960028/,31960028,PMC7102954,10.1093/nar/gkaa029,low_conf,
Bio-protocol-570,https://elifesciences.org/articles/77974,,,,,no_pmc,
Bio-protocol-572,https://www.doi.org/10.1016/j.cub.2022.04.024,,,,,no_pmc,
Bio-protocol-575,https://www.doi.org/10.1016/j.jbc.2021.101531,,,,,no_pmc,
Bio-protocol-574,https://www.doi.org/10.1128/mbio.00633-22,,,,,no_pmc,
Bio-protocol-573,https://pubs.acs.org/doi/10.1021/acsinfecdis.2c00568,,,,,no_pmc,
Bio-protocol-578,http://www.ncbi.nlm.nih.gov/pubmed/35746014,https://pubmed.ncbi.nlm.nih.gov/35746014/,35746014,PMC9230757,10.3390/polym14122438,low_conf,
Bio-protocol-577,https://doi.org/10.7554/eLife.72466,,,,,no_pmc,
Bio-protocol-579,https://pubmed.ncbi.nlm.nih.gov/35666003/,https://pubmed.ncbi.nlm.nih.gov/35666003/,35666003,PMC10140759,10.1002/pmic.202200061,low_conf,
Bio-protocol-580,https://doi.org/10.7554/eLife.74648,,,,,no_pmc,
Bio-protocol-581,https://pubmed.ncbi.nlm.nih.gov/35356779/,https://pubmed.ncbi.nlm.nih.gov/35356779/,35356779,PMC8959585,10.3389/fbioe.2022.832178,low_conf,
Bio-protocol-582,https://pubmed.ncbi.nlm.nih.gov/35512141/,https://pubmed.ncbi.nlm.nih.gov/35512141/,35512141,PMC10233494,10.1093/infdis/jiac181,low_conf,
Bio-protocol-583,https://www.science.org/doi/10.1126/sciadv.abh2848,,,,,no_pmc,
Bio-protocol-584,https://www.doi.org/10.1371/journal.ppat.1008784,,,,,no_pmc,
Bio-protocol-585,https://www.doi.org/10.1016/j.jbc.2022.101761,,,,,no_pmc,
Bio-protocol-586,https://www.doi.org/10.1038/s41467-022-29835-y,,,,,no_pmc,
Bio-protocol-588,https://www.doi.org/10.1016/j.jbc.2022.101651,,,,,no_pmc,
Bio-protocol-590,https://pubmed.ncbi.nlm.nih.gov/31243963/,https://pubmed.ncbi.nlm.nih.gov/31243963/,31243963,PMC7737670,10.1021/acschembio.9b00307,low_conf,
Bio-protocol-587,https://www.nature.com/articles/s41467-022-29501-3,,,,,no_pmc,
Bio-protocol-589,https://pubmed.ncbi.nlm.nih.gov/35748880/,https://pubmed.ncbi.nlm.nih.gov/35748880/,35748880,PMC11194769,10.1021/acsami.2c07454,low_conf,
Bio-protocol-592,https://www.science.org/doi/10.1126/scitranslmed.abj5557,,,,,no_pmc,
Bio-protocol-591,https://www.doi.org/10.1093/nar/gkac143,,,,,no_pmc,
Bio-protocol-595,https://elifesciences.org/articles/34772,,,,,no_pmc,
Bio-protocol-594,https://doi.org/10.1126/sciadv.abl6053,,,,,no_pmc,
Bio-protocol-597,https://www.doi.org/10.1038/s41422-021-00558-x,,,,,no_pmc,
Bio-protocol-596,https://www.doi.org/10.1093/nar/gkac094,,,,,no_pmc,
Bio-protocol-599,https://www.ncbi.nlm.nih.gov/pmc/articles/PMC8637172/,,,PMC8637172,,low_conf,
Bio-protocol-601,http://www.ncbi.nlm.nih.gov/pubmed/35484120,https://pubmed.ncbi.nlm.nih.gov/35484120/,35484120,PMC9051210,10.1038/s41467-022-30046-8,low_conf,
Bio-protocol-593,https://www.doi.org/10.15252/embj.2021109169,,,,,no_pmc,
Bio-protocol-602,https://doi.org/10.7554/eLife.75373,,,,,no_pmc,
Bio-protocol-603,https://pubmed.ncbi.nlm.nih.gov/33385454/,https://pubmed.ncbi.nlm.nih.gov/33385454/,33385454,,,error,Identifier not found in PMC
Bio-protocol-600,https://www.doi.org/10.1371/journal.pone.0253878,,,,,no_pmc,
Bio-protocol-604,https://pubmed.ncbi.nlm.nih.gov/34442487/,https://pubmed.ncbi.nlm.nih.gov/34442487/,34442487,PMC8400135,10.3390/mi12080865,low_conf,
Bio-protocol-607,https://www.doi.org/10.3389/fpls.2020.605069,,,,,no_pmc,
Bio-protocol-606,https://doi.org/10.7554/eLife.70151,,,,,no_pmc,
Bio-protocol-605,https://www.doi.org/10.1016/j.jbc.2022.101649,,,,,no_pmc,
Bio-protocol-609,https://www.doi.org/10.1016/j.jbc.2021.101420,,,,,no_pmc,
Bio-protocol-610,http://www.ncbi.nlm.nih.gov/pubmed/33913039,https://pubmed.ncbi.nlm.nih.gov/33913039/,33913039,PMC8217053,10.1007/s00401-021-02313-3,low_conf,
Bio-protocol-608,https://www.doi.org/10.1016/j.jbc.2022.101711,,,,,no_pmc,
Bio-protocol-611,https://pubmed.ncbi.nlm.nih.gov/35567530/,https://pubmed.ncbi.nlm.nih.gov/35567530/,35567530,PMC9342984,10.1093/plphys/kiac227,low_conf,
Bio-protocol-613,https://www.doi.org/10.1016/j.jbc.2022.101700,,,,,no_pmc,
Bio-protocol-612,https://pubmed.ncbi.nlm.nih.gov/35279653/,https://pubmed.ncbi.nlm.nih.gov/35279653/,35279653,PMC9464267,10.1159/000524045,low_conf,
Bio-protocol-614,http://www.ncbi.nlm.nih.gov/pubmed/32694710,https://pubmed.ncbi.nlm.nih.gov/32694710/,32694710,PMC7374171,10.1038/s41598-020-69077-w,low_conf,
Bio-protocol-615,https://pubmed.ncbi.nlm.nih.gov/35048512/,https://pubmed.ncbi.nlm.nih.gov/35048512/,35048512,PMC8844117,10.1111/acel.13554,low_conf,
Bio-protocol-616,http://www.ncbi.nlm.nih.gov/pubmed/28471224,https://pubmed.ncbi.nlm.nih.gov/28471224/,28471224,,,error,Identifier not found in PMC
Bio-protocol-617,https://pubmed.ncbi.nlm.nih.gov/35216683/,https://pubmed.ncbi.nlm.nih.gov/35216683/,35216683,PMC9039851,10.1016/j.stemcr.2022.01.017,low_conf,
Bio-protocol-618,https://doi.org/10.7554/eLife.72169,,,,,no_pmc,
Bio-protocol-619,https://www.doi.org/10.1016/j.molp.2021.09.004,,,,,no_pmc,
Bio-protocol-621,https://www.doi.org/10.1016/j.jbc.2021.101477,,,,,no_pmc,
Bio-protocol-622,https://www.doi.org/10.1016/j.jbc.2021.101535,,,,,no_pmc,
Bio-protocol-623,https://pubmed.ncbi.nlm.nih.gov/34851357/,https://pubmed.ncbi.nlm.nih.gov/34851357/,34851357,,,error,Identifier not found in PMC
Bio-protocol-624,https://www.doi.org/10.1038/s41467-021-25691-4,,,,,no_pmc,
Bio-protocol-625,https://doi.org/10.1126/scitranslmed.abc4465,,,,,no_pmc,
Bio-protocol-626,https://www.nature.com/articles/s42003-022-03311-1,,,,,no_pmc,
Bio-protocol-627,https://www.doi.org/10.1083/jcb.202003148,,,,,no_pmc,
Bio-protocol-629,https://pubmed.ncbi.nlm.nih.gov/35260160/,https://pubmed.ncbi.nlm.nih.gov/35260160/,35260160,PMC8903633,10.1186/s12934-022-01759-8,low_conf,
Bio-protocol-631,https://elifesciences.org/articles/70341,,,,,no_pmc,
Bio-protocol-633,https://doi.org/10.7554/eLife.73812,,,,,no_pmc,
Bio-protocol-632,http://www.ncbi.nlm.nih.gov/pubmed/28635957,https://pubmed.ncbi.nlm.nih.gov/28635957/,28635957,PMC5482062,10.1038/ncomms15871,low_conf,
Bio-protocol-635,https://doi.org/10.7554/eLife.70021,,,,,no_pmc,
Bio-protocol-634,https://pubmed.ncbi.nlm.nih.gov/34599943/,https://pubmed.ncbi.nlm.nih.gov/34599943/,34599943,,,error,Identifier not found in PMC
Bio-protocol-637,https://elifesciences.org/articles/73357,,,,,no_pmc,
Bio-protocol-636,https://doi.org/10.1016/j.thromres.2021.02.012,,,,,no_pmc,
Bio-protocol-638,https://pubmed.ncbi.nlm.nih.gov/31994907/,https://pubmed.ncbi.nlm.nih.gov/31994907/,31994907,PMC7191636,10.1152/ajplung.00524.2019,low_conf,
Bio-protocol-639,https://doi.org/10.7554/eLife.59711,,,,,no_pmc,
Bio-protocol-640,https://www.nature.com/articles/s41467-021-27612-x,,,,,no_pmc,
Bio-protocol-642,https://www.doi.org/10.1158/0008-5472.CAN-20-0821,,,,,no_pmc,
Bio-protocol-641,https://www.mdpi.com/2072-6694/13/11/2843,,,,,no_pmc,
Bio-protocol-643,https://doi.org/10.7554/eLife.67872,,,,,no_pmc,
Bio-protocol-645,https://doi.org/10.1101/2021.06.11.448008,,,,,no_pmc,
Bio-protocol-644,https://www.doi.org/10.1038/s41467-022-29715-5,,,,,no_pmc,
Bio-protocol-647,https://pubmed.ncbi.nlm.nih.gov/34864063/,https://pubmed.ncbi.nlm.nih.gov/34864063/,34864063,,,error,Identifier not found in PMC
Bio-protocol-646,https://doi.org/10.1126/scitranslmed.abg6986,,,,,no_pmc,
Bio-protocol-648,https://pubmed.ncbi.nlm.nih.gov/34807939/,https://pubmed.ncbi.nlm.nih.gov/34807939/,34807939,PMC8608356,10.1371/journal.pone.0260143,low_conf,
Bio-protocol-649,http://www.ncbi.nlm.nih.gov/pubmed/34039974,https://pubmed.ncbi.nlm.nih.gov/34039974/,34039974,PMC8155019,10.1038/s41467-021-23417-0,low_conf,
Bio-protocol-650,https://pubmed.ncbi.nlm.nih.gov/34920745/,https://pubmed.ncbi.nlm.nih.gov/34920745/,34920745,PMC8680120,10.1186/s12974-021-02351-4,low_conf,
Bio-protocol-651,https://pubmed.ncbi.nlm.nih.gov/33979323/,https://pubmed.ncbi.nlm.nih.gov/33979323/,33979323,PMC8115815,10.1371/journal.pbio.3001182,low_conf,
Bio-protocol-652,https://www.doi.org/10.1242/jcs.258897,,,,,no_pmc,
Bio-protocol-654,https://journals.asm.org/doi/10.1128/Spectrum.00299-21,,,,,no_pmc,
Bio-protocol-653,https://doi.org/10.7554/eLife.71966,,,,,no_pmc,
Bio-protocol-657,https://pubmed.ncbi.nlm.nih.gov/21683117/,https://pubmed.ncbi.nlm.nih.gov/21683117/,21683117,,,error,Identifier not found in PMC
Bio-protocol-655,https://doi.org/10.1016/j.scr.2022.102733,,,,,no_pmc,
Bio-protocol-661,https://doi.org/10.7554/eLife.73186,,,,,no_pmc,
Bio-protocol-659,http://www.ncbi.nlm.nih.gov/pubmed/32369169,https://pubmed.ncbi.nlm.nih.gov/32369169/,32369169,PMC7261163,10.1093/nar/gkaa319,low_conf,
Bio-protocol-660,https://pubmed.ncbi.nlm.nih.gov/35269891/,https://pubmed.ncbi.nlm.nih.gov/35269891/,35269891,PMC8911296,10.3390/ijms23052750,low_conf,
Bio-protocol-658,https://pubmed.ncbi.nlm.nih.gov/31884470/,https://pubmed.ncbi.nlm.nih.gov/31884470/,31884470,,,error,Identifier not found in PMC
Bio-protocol-662,http://www.ncbi.nlm.nih.gov/pubmed/31371824,https://pubmed.ncbi.nlm.nih.gov/31371824/,31371824,,,error,Identifier not found in PMC
Bio-protocol-663,https://pubmed.ncbi.nlm.nih.gov/33571254/,https://pubmed.ncbi.nlm.nih.gov/33571254/,33571254,PMC7877613,10.1371/journal.pone.0246168,low_conf,
Bio-protocol-665,https://pubmed.ncbi.nlm.nih.gov/34088253/,https://pubmed.ncbi.nlm.nih.gov/34088253/,34088253,PMC8229835,10.1177/10406387211020117,low_conf,
Bio-protocol-667,https://www.science.org/doi/10.1126/science.abd4250,,,,,no_pmc,
Bio-protocol-666,http://www.ncbi.nlm.nih.gov/pubmed/33896887,https://pubmed.ncbi.nlm.nih.gov/33896887/,33896887,,,error,Identifier not found in PMC
Bio-protocol-664,https://pubmed.ncbi.nlm.nih.gov/34848703/,https://pubmed.ncbi.nlm.nih.gov/34848703/,34848703,PMC8632896,10.1038/s41467-021-27298-1,low_conf,
Bio-protocol-668,https://pubmed.ncbi.nlm.nih.gov/34607844/,https://pubmed.ncbi.nlm.nih.gov/34607844/,34607844,PMC8729420,10.2215/CJN.01300121,low_conf,
Bio-protocol-672,https://pubmed.ncbi.nlm.nih.gov/34642225/,https://pubmed.ncbi.nlm.nih.gov/34642225/,34642225,PMC8570687,10.1523/ENEURO.0177-21.2021,low_conf,
Bio-protocol-670,http://www.ncbi.nlm.nih.gov/pubmed/34016352,https://pubmed.ncbi.nlm.nih.gov/34016352/,34016352,,,error,Identifier not found in PMC
Bio-protocol-676,https://pubmed.ncbi.nlm.nih.gov/29509844/,https://pubmed.ncbi.nlm.nih.gov/29509844/,29509844,,,error,Identifier not found in PMC
Bio-protocol-673,https://www.doi.org/10.1016/j.jmb.2021.167282,,,,,no_pmc,
Bio-protocol-671,https://doi.org/10.7554/eLife.63324,,,,,no_pmc,
Bio-protocol-674,https://doi.org/10.7554/eLife.54935,,,,,no_pmc,
Bio-protocol-678,https://www.doi.org/10.1021/acsnano.1c08474,,,,,no_pmc,
Bio-protocol-679,http://elifesciences.org/articles/72792,,,,,no_pmc,
Bio-protocol-680,https://www.doi.org/10.1371/journal.pone.0241111,,,,,no_pmc,
Bio-protocol-681,http://www.ncbi.nlm.nih.gov/pubmed/33620776,https://pubmed.ncbi.nlm.nih.gov/33620776/,33620776,,,error,Identifier not found in PMC
Bio-protocol-684,https://www.doi.org/10.1371/journal.ppat.1009465,,,,,no_pmc,
Bio-protocol-682,https://pubmed.ncbi.nlm.nih.gov/35175330/,https://pubmed.ncbi.nlm.nih.gov/35175330/,35175330,,,error,Identifier not found in PMC
Bio-protocol-687,http://www.ncbi.nlm.nih.gov/pubmed/31213660,https://pubmed.ncbi.nlm.nih.gov/31213660/,31213660,PMC6581886,10.1038/s41598-019-45158-3,low_conf,
Bio-protocol-694,https://doi.org/10.1126/sciadv.abg1969,,,,,no_pmc,
Bio-protocol-688,https://www.doi.org/10.1038/s41593-021-00884-8,,,,,no_pmc,
Bio-protocol-691,https://pubmed.ncbi.nlm.nih.gov/34359992/,https://pubmed.ncbi.nlm.nih.gov/34359992/,34359992,PMC8307077,10.3390/cells10071823,low_conf,
Bio-protocol-690,https://www.doi.org/10.1242/dev.190793,,,,,no_pmc,
Bio-protocol-693,https://doi.org/10.7554/eLife.68371,,,,,no_pmc,
Bio-protocol-695,https://www.doi.org/10.1371/journal.ppat.1009510,,,,,no_pmc,
Bio-protocol-692,https://doi.org/10.17912/micropub.biology.000375,,,,,no_pmc,
Bio-protocol-697,https://doi.org/10.7554/eLife.67379,,,,,no_pmc,
Bio-protocol-696,https://doi.org/10.7554/eLife.68285,,,,,no_pmc,
Bio-protocol-700,https://doi.org/10.7554/eLife.70053,,,,,no_pmc,
Bio-protocol-699,https://www.biorxiv.org/content/10.1101/2021.08.25.457601v1,,,,,no_pmc,
Bio-protocol-701,https://doi.org/10.7554/eLife.70490,,,,,no_pmc,
Bio-protocol-702,https://doi.org/10.7554/eLife.68049,,,,,no_pmc,
Bio-protocol-704,https://www.doi.org/10.1093/nar/gkab469,,,,,no_pmc,
Bio-protocol-703,https://www.doi.org/10.1038/s41467-021-21738-8,,,,,no_pmc,
Bio-protocol-707,https://pubmed.ncbi.nlm.nih.gov/32894207/,https://pubmed.ncbi.nlm.nih.gov/32894207/,32894207,PMC7487709,10.1186/s40478-020-01028-y,low_conf,
Bio-protocol-705,https://www.doi.org/10.1038/s41467-021-26346-0,,,,,no_pmc,
Bio-protocol-706,https://www.doi.org/10.1073/pnas.2011301117,,,,,no_pmc,
Bio-protocol-708,https://www.science.org/doi/10.1126/sciimmunol.abh2095,,,,,no_pmc,
Bio-protocol-710,https://doi.org/10.1126/science.abh4054,,,,,no_pmc,
Bio-protocol-709,https://pubmed.ncbi.nlm.nih.gov/34671074/,https://pubmed.ncbi.nlm.nih.gov/34671074/,34671074,PMC8528810,10.1038/s42003-021-02732-8,low_conf,
Bio-protocol-712,http://www.ncbi.nlm.nih.gov/pubmed/32645118,https://pubmed.ncbi.nlm.nih.gov/32645118/,32645118,PMC7347093,10.1371/journal.ppat.1008591,low_conf,
Bio-protocol-711,https://www.doi.org/10.1084/jem.20201529,,,,,no_pmc,
Bio-protocol-713,https://pubmed.ncbi.nlm.nih.gov/34534335/,https://pubmed.ncbi.nlm.nih.gov/34534335/,34534335,PMC8643707,10.1093/nar/gkab813,low_conf,
Bio-protocol-715,https://elifesciences.org/articles/44964,,,,,no_pmc,
Bio-protocol-716,https://rupress.org/jcb/article-lookup/doi/10.1083/jcb.202107103,,,,,no_pmc,
Bio-protocol-714,https://pubmed.ncbi.nlm.nih.gov/32464439/,https://pubmed.ncbi.nlm.nih.gov/32464439/,32464439,,,error,Identifier not found in PMC
Bio-protocol-717,https://doi.org/10.7554/eLife.70053,,,,,no_pmc,
Bio-protocol-718,https://doi.org/10.7554/eLife.68466,,,,,no_pmc,
Bio-protocol-721,https://pubmed.ncbi.nlm.nih.gov/33434196/,https://pubmed.ncbi.nlm.nih.gov/33434196/,33434196,PMC7802944,10.1371/journal.pone.0245205,low_conf,
Bio-protocol-719,https://doi.org/10.7554/eLife.60827,,,,,no_pmc,
Bio-protocol-720,https://pubmed.ncbi.nlm.nih.gov/34379501/,https://pubmed.ncbi.nlm.nih.gov/34379501/,34379501,PMC8513464,10.1128/JVI.01338-21,low_conf,
Bio-protocol-722,http://www.ncbi.nlm.nih.gov/pubmed/32817523,https://pubmed.ncbi.nlm.nih.gov/32817523/,32817523,PMC7474696,10.1073/pnas.2005911117,low_conf,
Bio-protocol-724,https://doi.org/10.7554/eLife.67399,,,,,no_pmc,
Bio-protocol-723,https://www.doi.org/10.1371/journal.pgen.1009326,,,,,no_pmc,
Bio-protocol-728,https://pubmed.ncbi.nlm.nih.gov/34524084/,https://pubmed.ncbi.nlm.nih.gov/34524084/,34524084,PMC8504969,10.7554/eLife.69883,low_conf,
Bio-protocol-727,https://www.doi.org/10.1523/JNEUROSCI.0027-21.2021,,,,,no_pmc,
Bio-protocol-725,https://pubmed.ncbi.nlm.nih.gov/34552091/,https://pubmed.ncbi.nlm.nih.gov/34552091/,34552091,PMC8458290,10.1038/s41467-021-25480-z,low_conf,
Bio-protocol-729,https://doi.org/10.7554/eLife.68424,,,,,no_pmc,
Bio-protocol-730,https://pubmed.ncbi.nlm.nih.gov/34944041/,https://pubmed.ncbi.nlm.nih.gov/34944041/,34944041,PMC8699947,10.3390/cells10123535,low_conf,
Bio-protocol-732,https://pubmed.ncbi.nlm.nih.gov/34544422/,https://pubmed.ncbi.nlm.nih.gov/34544422/,34544422,PMC8454074,10.1186/s12987-021-00276-x,low_conf,
Bio-protocol-733,https://elifesciences.org/articles/71825,,,,,no_pmc,
Bio-protocol-734,https://pubmed.ncbi.nlm.nih.gov/34634809/,https://pubmed.ncbi.nlm.nih.gov/34634809/,34634809,PMC8754656,10.1093/nar/gkab890,low_conf,
Bio-protocol-735,https://www.doi.org/10.1038/s41598-020-75709-y,,,,,no_pmc,
Bio-protocol-738,https://pubmed.ncbi.nlm.nih.gov/28891250/,https://pubmed.ncbi.nlm.nih.gov/28891250/,28891250,PMC5734390,10.1002/pro.3293,low_conf,
Bio-protocol-740,https://pubmed.ncbi.nlm.nih.gov/34421920/,https://pubmed.ncbi.nlm.nih.gov/34421920/,34421920,PMC8375296,10.3389/fimmu.2021.715644,low_conf,
Bio-protocol-737,https://www.nature.com/articles/s42003-021-02607-y,,,,,no_pmc,
Bio-protocol-739,https://pubmed.ncbi.nlm.nih.gov/34328417/,https://pubmed.ncbi.nlm.nih.gov/34328417/,34328417,PMC8384419,10.7554/eLife.60747,low_conf,
Bio-protocol-742,https://pubmed.ncbi.nlm.nih.gov/34250670/,https://pubmed.ncbi.nlm.nih.gov/34250670/,34250670,PMC8518694,10.1111/tpj.15417,low_conf,
Bio-protocol-741,https://pubmed.ncbi.nlm.nih.gov/34435622/,https://pubmed.ncbi.nlm.nih.gov/34435622/,34435622,,,error,Identifier not found in PMC
Bio-protocol-745,https://elifesciences.org/articles/72276,,,,,no_pmc,
Bio-protocol-744,https://www.doi.org/10.1038/s41586-020-2655-4,,,,,no_pmc,
Bio-protocol-746,http://www.ncbi.nlm.nih.gov/pubmed/31955848,https://pubmed.ncbi.nlm.nih.gov/31955848/,31955848,PMC7238552,10.1016/j.cell.2019.12.030,low_conf,
Bio-protocol-747,https://doi.org/10.7554/eLife.69457,,,,,no_pmc,
Bio-protocol-748,https://doi.org/10.7554/eLife.66643,,,,,no_pmc,
Bio-protocol-750,https://www.doi.org/10.1371/journal.pone.0252887,,,,,no_pmc,
Bio-protocol-749,https://pubmed.ncbi.nlm.nih.gov/34648373/,https://pubmed.ncbi.nlm.nih.gov/34648373/,34648373,PMC8682726,10.1126/science.abl4546,low_conf,
Bio-protocol-751,https://doi.org/10.7554/eLife.66170,,,,,no_pmc,
Bio-protocol-753,https://pubmed.ncbi.nlm.nih.gov/34359992/,https://pubmed.ncbi.nlm.nih.gov/34359992/,34359992,PMC8307077,10.3390/cells10071823,low_conf,
Bio-protocol-752,https://doi.org/10.7554/eLife.61666,,,,,no_pmc,
Bio-protocol-754,https://pubmed.ncbi.nlm.nih.gov/34407421/,https://pubmed.ncbi.nlm.nih.gov/34407421/,34407421,PMC8364678,10.1016/j.jinf.2021.08.023,low_conf,
Bio-protocol-756,http://www.ncbi.nlm.nih.gov/pubmed/34171468,https://pubmed.ncbi.nlm.nih.gov/34171468/,34171468,,,error,Identifier not found in PMC
Bio-protocol-755,https://doi.org/10.1126/science.abb9662,,,,,no_pmc,
Bio-protocol-758,https://academic.oup.com/ecco-jcc/article/12/2/217/4085039,,,,,no_pmc,
Bio-protocol-759,https://onlinelibrary.wiley.com/doi/abs/10.1111/jdv.17677,,,,,no_pmc,
Bio-protocol-757,https://pubmed.ncbi.nlm.nih.gov/32446320/,https://pubmed.ncbi.nlm.nih.gov/32446320/,32446320,PMC7362310,10.1016/j.molcel.2020.04.034,low_conf,
Bio-protocol-761,https://doi.org/10.7554/eLife.63532,,,,,no_pmc,
Bio-protocol-760,https://doi.org/10.1126/scisignal.aaz9368,,,,,no_pmc,
Bio-protocol-762,http://www.ncbi.nlm.nih.gov/pubmed/34148057,https://pubmed.ncbi.nlm.nih.gov/34148057/,34148057,PMC8214625,10.1038/s41419-021-03913-3,low_conf,
Bio-protocol-765,https://pubmed.ncbi.nlm.nih.gov/34088253/,https://pubmed.ncbi.nlm.nih.gov/34088253/,34088253,PMC8229835,10.1177/10406387211020117,low_conf,
Bio-protocol-763,https://pubmed.ncbi.nlm.nih.gov/34404725/,https://pubmed.ncbi.nlm.nih.gov/34404725/,34404725,PMC8403943,10.1073/pnas.2011900118,low_conf,
Bio-protocol-764,https://www.doi.org/10.1083/jcb.202012114,,,,,no_pmc,
Bio-protocol-768,https://www.doi.org/10.1016/j.jbc.2021.101154,,,,,no_pmc,
Bio-protocol-767,https://www.doi.org/10.1038/s41586-021-03456-9,,,,,no_pmc,
Bio-protocol-766,http://www.ncbi.nlm.nih.gov/pubmed/33896887,https://pubmed.ncbi.nlm.nih.gov/33896887/,33896887,,,error,Identifier not found in PMC
Bio-protocol-771,https://doi.org/10.7554/eLife.63731,,,,,no_pmc,
Bio-protocol-769,https://elifesciences.org/articles/63535,,,,,no_pmc,
Bio-protocol-770,https://doi.org/10.1126/sciadv.abb1795,,,,,no_pmc,
Bio-protocol-772,https://doi.org/10.1126/scisignal.aba2940,,,,,no_pmc,
Bio-protocol-773,https://doi.org/10.7554/eLife.60747,,,,,no_pmc,
Bio-protocol-776,https://www.doi.org/10.3389/fmicb.2021.645028,,,,,no_pmc,
Bio-protocol-774,https://doi.org/10.1126/sciadv.abf3329,,,,,no_pmc,
Bio-protocol-777,http://www.ncbi.nlm.nih.gov/pubmed/34276657,https://pubmed.ncbi.nlm.nih.gov/34276657/,34276657,PMC8278574,10.3389/fimmu.2021.666991,low_conf,
Bio-protocol-775,https://pubmed.ncbi.nlm.nih.gov/32817194/,https://pubmed.ncbi.nlm.nih.gov/32817194/,32817194,PMC7536657,10.1104/pp.20.00268,low_conf,
Bio-protocol-778,https://pubmed.ncbi.nlm.nih.gov/32855276/,https://pubmed.ncbi.nlm.nih.gov/32855276/,32855276,PMC8485661,10.3324/haematol.2020.249177,low_conf,
Bio-protocol-782,https://pubmed.ncbi.nlm.nih.gov/32843049/,https://pubmed.ncbi.nlm.nih.gov/32843049/,32843049,PMC7445803,10.1186/s12985-020-01405-y,low_conf,
Bio-protocol-781,http://www.ncbi.nlm.nih.gov/pubmed/33303798,https://pubmed.ncbi.nlm.nih.gov/33303798/,33303798,PMC7729850,10.1038/s41598-020-78481-1,low_conf,
Bio-protocol-779,https://www.doi.org/10.1073/pnas.2012149117,,,,,no_pmc,
Bio-protocol-780,https://pubmed.ncbi.nlm.nih.gov/34449775/,https://pubmed.ncbi.nlm.nih.gov/34449775/,34449775,PMC8428684,10.1371/journal.pgen.1009771,low_conf,
Bio-protocol-783,https://elifesciences.org/articles/55582,,,,,no_pmc,
Bio-protocol-784,https://pubmed.ncbi.nlm.nih.gov/32755438/,https://pubmed.ncbi.nlm.nih.gov/32755438/,32755438,PMC7851960,10.1091/mbc.E20-03-0177,low_conf,
Bio-protocol-787,https://pubmed.ncbi.nlm.nih.gov/34044587/,https://pubmed.ncbi.nlm.nih.gov/34044587/,34044587,PMC8262943,10.1128/mBio.00040-21,low_conf,
Bio-protocol-785,https://www.doi.org/10.1093/nar/gkab472,,,,,no_pmc,
Bio-protocol-788,https://doi.org/10.7554/eLife.64911,,,,,no_pmc,
Bio-protocol-786,https://www.doi.org/10.1093/nar/gkab397,,,,,no_pmc,
Bio-protocol-789,https://pubmed.ncbi.nlm.nih.gov/34618058/,https://pubmed.ncbi.nlm.nih.gov/34618058/,34618058,PMC8566206,10.1093/plphys/kiab329,low_conf,
Bio-protocol-791,http://www.ncbi.nlm.nih.gov/pubmed/31611372,https://pubmed.ncbi.nlm.nih.gov/31611372/,31611372,PMC6825279,10.1073/pnas.1909666116,low_conf,
Bio-protocol-790,http://www.ncbi.nlm.nih.gov/pubmed/33420038,https://pubmed.ncbi.nlm.nih.gov/33420038/,33420038,PMC7794361,10.1038/s41467-020-20421-8,low_conf,
Bio-protocol-792,https://www.science.org/doi/10.1126/scitranslmed.abb4416,,,,,no_pmc,
Bio-protocol-794,https://www.doi.org/10.1083/jcb.201911130,,,,,no_pmc,
Bio-protocol-795,https://doi.org/10.1126/sciadv.abg1244,,,,,no_pmc,
Bio-protocol-793,https://www.nature.com/articles/s43587-021-00050-6,,,,,no_pmc,
Bio-protocol-796,https://doi.org/10.1126/science.abb3356,,,,,no_pmc,
Bio-protocol-797,https://doi.org/10.1126/sciadv.abd6889,,,,,no_pmc,
Bio-protocol-798,http://www.ncbi.nlm.nih.gov/pubmed/30782818,https://pubmed.ncbi.nlm.nih.gov/30782818/,30782818,PMC6410799,10.1073/pnas.1813181116,low_conf,
Bio-protocol-799,https://pubmed.ncbi.nlm.nih.gov/32581114/,https://pubmed.ncbi.nlm.nih.gov/32581114/,32581114,PMC7479900,10.1104/pp.20.00302,low_conf,
Bio-protocol-800,https://doi.org/10.1126/scisignal.aaz4401,,,,,no_pmc,
Bio-protocol-803,https://www.doi.org/10.1371/journal.ppat.1009455,,,,,no_pmc,
Bio-protocol-804,https://pubmed.ncbi.nlm.nih.gov/33726560/,https://pubmed.ncbi.nlm.nih.gov/33726560/,33726560,PMC8086985,10.1098/rsbl.2020.0745,low_conf,
Bio-protocol-801,https://pubmed.ncbi.nlm.nih.gov/34664668/,https://pubmed.ncbi.nlm.nih.gov/34664668/,34664668,PMC10405909,10.1242/jcs.258649,low_conf,
Bio-protocol-805,http://www.ncbi.nlm.nih.gov/pubmed/33854046,https://pubmed.ncbi.nlm.nih.gov/33854046/,33854046,PMC8046753,10.1038/s41419-021-03689-6,low_conf,
Bio-protocol-806,https://doi.org/10.7554/eLife.55797,,,,,no_pmc,
Bio-protocol-808,https://doi.org/10.1083/jcb.201906147,,,,,no_pmc,
Bio-protocol-807,https://doi.org/10.1126/sciadv.abg1950,,,,,no_pmc,
Bio-protocol-811,https://pubmed.ncbi.nlm.nih.gov/27196129/,https://pubmed.ncbi.nlm.nih.gov/27196129/,27196129,PMC5308228,10.1080/19336918.2016.1187368,low_conf,
Bio-protocol-810,http://www.ncbi.nlm.nih.gov/pubmed/31723239,https://pubmed.ncbi.nlm.nih.gov/31723239/,31723239,PMC7036012,10.1038/s41388-019-1097-7,low_conf,
Bio-protocol-809,https://pubmed.ncbi.nlm.nih.gov/33534803/,https://pubmed.ncbi.nlm.nih.gov/33534803/,33534803,PMC7886143,10.1371/journal.ppat.1009293,low_conf,
Bio-protocol-812,https://doi.org/10.7554/eLife.59187,,,,,no_pmc,
Bio-protocol-814,http://pubmed.ncbi.nlm.nih.gov/34047633/,https://pubmed.ncbi.nlm.nih.gov/34047633/,34047633,PMC8276805,10.1128/AEM.00301-21,low_conf,
Bio-protocol-813,https://elifesciences.org/articles/68203,,,,,no_pmc,
Bio-protocol-816,http://pubmed.ncbi.nlm.nih.gov/34696162/,https://pubmed.ncbi.nlm.nih.gov/34696162/,34696162,PMC8539892,10.3390/vaccines9101054,low_conf,
Bio-protocol-815,http://pubmed.ncbi.nlm.nih.gov/23383112/,https://pubmed.ncbi.nlm.nih.gov/23383112/,23383112,PMC3558493,10.1371/journal.pone.0055211,low_conf,
Bio-protocol-817,http://pubmed.ncbi.nlm.nih.gov/34414360/,https://pubmed.ncbi.nlm.nih.gov/34414360/,34414360,PMC8204911,10.1021/acsptsci.1c00099,low_conf,
Bio-protocol-818,https://elifesciences.org/articles/25727,,,,,no_pmc,
Bio-protocol-820,https://elifesciences.org/articles/64251,,,,,no_pmc,
Bio-protocol-822,http://pubmed.ncbi.nlm.nih.gov/33606707/,https://pubmed.ncbi.nlm.nih.gov/33606707/,33606707,PMC7895410,10.1371/journal.pone.0246125,low_conf,
Bio-protocol-821,http://pubmed.ncbi.nlm.nih.gov/33558461/,https://pubmed.ncbi.nlm.nih.gov/33558461/,33558461,PMC7870816,10.1038/s41419-021-03451-y,low_conf,
Bio-protocol-823,http://pubmed.ncbi.nlm.nih.gov/33633716/,https://pubmed.ncbi.nlm.nih.gov/33633716/,33633716,PMC7901905,10.3389/fmicb.2021.636421,low_conf,
Bio-protocol-824,http://pubmed.ncbi.nlm.nih.gov/32002170/,https://pubmed.ncbi.nlm.nih.gov/32002170/,32002170,PMC6968433,10.1080/20013078.2019.1706708,low_conf,
Bio-protocol-826,https://www.science.org/doi/10.1126/sciadv.abd4735,,,,,no_pmc,
Bio-protocol-825,http://pubmed.ncbi.nlm.nih.gov/31785394/,https://pubmed.ncbi.nlm.nih.gov/31785394/,31785394,PMC7010555,10.1016/j.bbi.2019.11.023,low_conf,
Bio-protocol-829,https://www.science.org/doi/10.1126/scitranslmed.aax6601,,,,,no_pmc,
Bio-protocol-827,http://pubmed.ncbi.nlm.nih.gov/32462658/,https://pubmed.ncbi.nlm.nih.gov/32462658/,32462658,,,error,Identifier not found in PMC
Bio-protocol-830,https://www.medrxiv.org/content/10.1101/2021.08.16.21262036v2,,,,,no_pmc,
Bio-protocol-828,https://www.jbc.org/article/S0021-9258(20)30266-0/fulltext,,,,,no_pmc,
Bio-protocol-831,http://pubmed.ncbi.nlm.nih.gov/33138028/,https://pubmed.ncbi.nlm.nih.gov/33138028/,33138028,PMC7662947,10.3390/ijms21218070,low_conf,
Bio-protocol-832,http://pubmed.ncbi.nlm.nih.gov/33861990/,https://pubmed.ncbi.nlm.nih.gov/33861990/,33861990,PMC8185449,10.1016/j.stemcr.2021.03.022,low_conf,
Bio-protocol-835,http://pubmed.ncbi.nlm.nih.gov/33955481/,https://pubmed.ncbi.nlm.nih.gov/33955481/,33955481,PMC8136914,10.1093/plcell/koaa047,low_conf,
Bio-protocol-833,http://pubmed.ncbi.nlm.nih.gov/33542244/,https://pubmed.ncbi.nlm.nih.gov/33542244/,33542244,PMC7862487,10.1038/s41419-021-03426-z,low_conf,
Bio-protocol-836,http://pubmed.ncbi.nlm.nih.gov/33692963/,https://pubmed.ncbi.nlm.nih.gov/33692963/,33692963,PMC7937733,10.3389/fcimb.2020.610368,low_conf,
Bio-protocol-837,https://www.science.org/doi/10.1126/science.abb9847,,,,,no_pmc,
Bio-protocol-834,http://pubmed.ncbi.nlm.nih.gov/32462658/,https://pubmed.ncbi.nlm.nih.gov/32462658/,32462658,,,error,Identifier not found in PMC
Bio-protocol-838,http://pubmed.ncbi.nlm.nih.gov/33195152/,https://pubmed.ncbi.nlm.nih.gov/33195152/,33195152,PMC7661932,10.3389/fbioe.2020.588922,low_conf,
Bio-protocol-841,https://elifesciences.org/articles/67158,,,,,no_pmc,
Bio-protocol-839,http://pubmed.ncbi.nlm.nih.gov/33198745/,https://pubmed.ncbi.nlm.nih.gov/33198745/,33198745,PMC7667738,10.1186/s12915-020-00867-4,low_conf,
Bio-protocol-840,http://pubmed.ncbi.nlm.nih.gov/33956916/,https://pubmed.ncbi.nlm.nih.gov/33956916/,33956916,PMC8101752,10.1371/journal.ppat.1009510,low_conf,
Bio-protocol-842,https://elifesciences.org/articles/66898,,,,,no_pmc,
Bio-protocol-843,http://pubmed.ncbi.nlm.nih.gov/33524071/,https://pubmed.ncbi.nlm.nih.gov/33524071/,33524071,PMC7877769,10.1371/journal.ppat.1009211,low_conf,
Bio-protocol-846,http://pubmed.ncbi.nlm.nih.gov/33205022/,https://pubmed.ncbi.nlm.nih.gov/33205022/,33205022,PMC7649287,10.1016/j.isci.2020.101709,low_conf,
Bio-protocol-845,https://elifesciences.org/articles/26116,,,,,no_pmc,
Bio-protocol-847,https://elifesciences.org/articles/30860,,,,,no_pmc,
Bio-protocol-844,http://pubmed.ncbi.nlm.nih.gov/33793661/,https://pubmed.ncbi.nlm.nih.gov/33793661/,33793661,PMC8043394,10.1371/journal.ppat.1009491,low_conf,
Bio-protocol-849,http://www.ncbi.nlm.nih.gov/pubmed/33549102,https://pubmed.ncbi.nlm.nih.gov/33549102/,33549102,PMC7866670,10.1186/s12934-021-01530-5,low_conf,
Bio-protocol-850,https://elifesciences.org/articles/55378,,,,,no_pmc,
Bio-protocol-851,http://pubmed.ncbi.nlm.nih.gov/32888505/,https://pubmed.ncbi.nlm.nih.gov/32888505/,32888505,PMC7561495,10.1016/j.stemcr.2020.08.002,low_conf,
Bio-protocol-853,https://elifesciences.org/articles/63092,,,,,no_pmc,
Bio-protocol-852,https://pubmed.ncbi.nlm.nih.gov/30191979/,https://pubmed.ncbi.nlm.nih.gov/30191979/,30191979,,,error,Identifier not found in PMC
Bio-protocol-854,http://pubmed.ncbi.nlm.nih.gov/33862003/,https://pubmed.ncbi.nlm.nih.gov/33862003/,33862003,,,error,Identifier not found in PMC
Bio-protocol-855,http://elifesciences.org/articles/58838,,,,,no_pmc,
Bio-protocol-859,https://www.molbiolcell.org/doi/10.1091/mbc.E20-11-0716,,,,,no_pmc,
Bio-protocol-856,http://pubmed.ncbi.nlm.nih.gov/33533920/,https://pubmed.ncbi.nlm.nih.gov/33533920/,33533920,PMC7913695,10.1093/nar/gkab042,low_conf,
Bio-protocol-858,http://pubmed.ncbi.nlm.nih.gov/32794408/,https://pubmed.ncbi.nlm.nih.gov/32794408/,32794408,PMC7578108,10.1161/CIRCULATIONAHA.120.045750,low_conf,
Bio-protocol-860,http://pubmed.ncbi.nlm.nih.gov/31970977/,https://pubmed.ncbi.nlm.nih.gov/31970977/,31970977,PMC8382047,10.1021/acs.analchem.9b05523,low_conf,
Bio-protocol-857,https://elifesciences.org/articles/66050,,,,,no_pmc,
Bio-protocol-861,http://pubmed.ncbi.nlm.nih.gov/33144673/,https://pubmed.ncbi.nlm.nih.gov/33144673/,33144673,PMC7641209,10.1038/s42003-020-01374-6,low_conf,
Bio-protocol-862,https://www.science.org/doi/10.1126/sciadv.abc3598,,,,,no_pmc,
Bio-protocol-866,https://www.science.org/doi/10.1126/sciadv.abc6250,,,,,no_pmc,
Bio-protocol-863,http://pubmed.ncbi.nlm.nih.gov/33692546/,https://pubmed.ncbi.nlm.nih.gov/33692546/,33692546,PMC8016741,10.1038/s41586-021-03316-6,low_conf,
Bio-protocol-865,https://www.jbc.org/article/S0021-9258(17)48987-3/fulltext,,,,,no_pmc,
Bio-protocol-864,https://www.eneuro.org/content/7/2/ENEURO.0396-19.2020,,,,,no_pmc,
Bio-protocol-867,https://www.ncbi.nlm.nih.gov/pubmed/32719709,https://pubmed.ncbi.nlm.nih.gov/32719709/,32719709,PMC7350407,10.3389/fpls.2020.01014,low_conf,
Bio-protocol-868,http://pubmed.ncbi.nlm.nih.gov/33139386/,https://pubmed.ncbi.nlm.nih.gov/33139386/,33139386,PMC7822144,10.1128/IAI.00567-20,low_conf,
Bio-protocol-872,https://doi.org/10.7554/eLife.64821,,,,,no_pmc,
Bio-protocol-869,https://www.science.org/doi/10.1126/scitranslmed.abc4822,,,,,no_pmc,
Bio-protocol-870,https://doi.org/10.7554/eLife.59055,,,,,no_pmc,
Bio-protocol-871,https://doi.org/10.7554/eLife.62386,,,,,no_pmc,
Bio-protocol-874,http://pubmed.ncbi.nlm.nih.gov/33711082/,https://pubmed.ncbi.nlm.nih.gov/33711082/,33711082,PMC7990224,10.1371/journal.ppat.1009439,low_conf,
Bio-protocol-873,http://pubmed.ncbi.nlm.nih.gov/33476119/,https://pubmed.ncbi.nlm.nih.gov/33476119/,33476119,,,error,Identifier not found in PMC
Bio-protocol-875,http://www.ncbi.nlm.nih.gov/pubmed/31621304,https://pubmed.ncbi.nlm.nih.gov/31621304/,31621304,,,error,Identifier not found in PMC
Bio-protocol-876,http://www.ncbi.nlm.nih.gov/pubmed/33912160,https://pubmed.ncbi.nlm.nih.gov/33912160/,33912160,PMC8072281,10.3389/fimmu.2021.630307,low_conf,
Bio-protocol-877,http://pubmed.ncbi.nlm.nih.gov/34110003/,https://pubmed.ncbi.nlm.nih.gov/34110003/,34110003,,,error,Identifier not found in PMC
Bio-protocol-878,http://pubmed.ncbi.nlm.nih.gov/34620901/,https://pubmed.ncbi.nlm.nih.gov/34620901/,34620901,PMC8497498,10.1038/s41598-021-99152-9,low_conf,
Bio-protocol-879,https://doi.org/10.1126/science.abf3013,,,,,no_pmc,
Bio-protocol-882,http://pubmed.ncbi.nlm.nih.gov/33347434/,https://pubmed.ncbi.nlm.nih.gov/33347434/,33347434,PMC7751883,10.1371/journal.pbio.3001016,low_conf,
Bio-protocol-880,https://doi.org/10.7554/eLife.64393,,,,,no_pmc,
Bio-protocol-881,http://pubmed.ncbi.nlm.nih.gov/32620127/,https://pubmed.ncbi.nlm.nih.gov/32620127/,32620127,PMC7334854,10.1186/s12915-020-00816-1,low_conf,
Bio-protocol-884,http://pubmed.ncbi.nlm.nih.gov/33589606/,https://pubmed.ncbi.nlm.nih.gov/33589606/,33589606,PMC7884426,10.1038/s41419-021-03470-9,low_conf,
Bio-protocol-888,https://doi.org/10.7554/eLife.61070,,,,,no_pmc,
Bio-protocol-883,http://pubmed.ncbi.nlm.nih.gov/29874589/,https://pubmed.ncbi.nlm.nih.gov/29874589/,29874589,PMC6016080,10.1016/j.celrep.2018.05.016,low_conf,
Bio-protocol-885,https://www.science.org/doi/10.1126/sciadv.aay6687,,,,,no_pmc,
Bio-protocol-886,https://doi.org/10.7554/eLife.41540,,,,,no_pmc,
Bio-protocol-887,https://pubmed.ncbi.nlm.nih.gov/33431431/,https://pubmed.ncbi.nlm.nih.gov/33431431/,33431431,PMC7903996,10.1242/bio.055004,low_conf,
Bio-protocol-889,http://pubmed.ncbi.nlm.nih.gov/33370401/,https://pubmed.ncbi.nlm.nih.gov/33370401/,33370401,PMC7793270,10.1371/journal.ppat.1009152,low_conf,
Bio-protocol-893,http://www.ncbi.nlm.nih.gov/pubmed/33731194,https://pubmed.ncbi.nlm.nih.gov/33731194/,33731194,PMC7968259,10.1186/s13395-021-00261-w,low_conf,
Bio-protocol-890,http://pubmed.ncbi.nlm.nih.gov/33479178/,https://pubmed.ncbi.nlm.nih.gov/33479178/,33479178,PMC7848706,10.1073/pnas.2010140118,low_conf,
Bio-protocol-891,http://pubmed.ncbi.nlm.nih.gov/33422696/,https://pubmed.ncbi.nlm.nih.gov/33422696/,33422696,,,error,Identifier not found in PMC
Bio-protocol-892,https://doi.org/10.7554/eLife.60743,,,,,no_pmc,
Bio-protocol-894,https://doi.org/10.7554/eLife.55542,,,,,no_pmc,
Bio-protocol-895,http://pubmed.ncbi.nlm.nih.gov/33094713/,https://pubmed.ncbi.nlm.nih.gov/33094713/,33094713,PMC7651873,10.2807/1560-7917.ES.2020.25.42.2000685,low_conf,
Bio-protocol-897,http://pubmed.ncbi.nlm.nih.gov/33441984/,https://pubmed.ncbi.nlm.nih.gov/33441984/,33441984,PMC7806734,10.1038/s41598-021-80988-0,low_conf,
Bio-protocol-900,http://www.ncbi.nlm.nih.gov/pubmed/33731701,https://pubmed.ncbi.nlm.nih.gov/33731701/,33731701,PMC7969754,10.1038/s41467-021-21976-w,low_conf,
Bio-protocol-899,http://www.ncbi.nlm.nih.gov/pubmed/33581074/,https://pubmed.ncbi.nlm.nih.gov/33581074/,33581074,,,error,Identifier not found in PMC
Bio-protocol-898,https://doi.org/10.7554/eLife.66313,,,,,no_pmc,
Bio-protocol-902,https://doi.org/10.7554/eLife.02224,,,,,no_pmc,
Bio-protocol-901,http://www.ncbi.nlm.nih.gov/pubmed/26798651,https://pubmed.ncbi.nlm.nih.gov/26798651/,26798651,PMC4699014,10.1155/2016/5362506,low_conf,
Bio-protocol-903,http://www.ncbi.nlm.nih.gov/pubmed/26212235,https://pubmed.ncbi.nlm.nih.gov/26212235/,26212235,,,error,Identifier not found in PMC
Bio-protocol-904,http://www.ncbi.nlm.nih.gov/pubmed/33941266,https://pubmed.ncbi.nlm.nih.gov/33941266/,33941266,PMC8091666,10.1186/s13287-021-02352-3,low_conf,
Bio-protocol-905,http://www.ncbi.nlm.nih.gov/pubmed/32228693,https://pubmed.ncbi.nlm.nih.gov/32228693/,32228693,PMC7106853,10.1186/s12915-020-00771-x,low_conf,
Bio-protocol-907,https://doi.org/10.7554/eLife.56469,,,,,no_pmc,
Bio-protocol-906,https://doi.org/10.7554/eLife.30015,,,,,no_pmc,
Bio-protocol-908,http://www.ncbi.nlm.nih.gov/pubmed/32735821,https://pubmed.ncbi.nlm.nih.gov/32735821/,32735821,PMC7419716,10.1016/j.stemcr.2020.07.002,low_conf,
Bio-protocol-909,http://www.ncbi.nlm.nih.gov/pubmed/32974913/,https://pubmed.ncbi.nlm.nih.gov/32974913/,32974913,,,error,Identifier not found in PMC
Bio-protocol-910,https://doi.org/10.7554/eLife.58301,,,,,no_pmc,
Bio-protocol-911,http://pubmed.ncbi.nlm.nih.gov/33793897/,https://pubmed.ncbi.nlm.nih.gov/33793897/,33793897,PMC8254505,10.1093/plcell/koab046,low_conf,
Bio-protocol-912,https://doi.org/10.1126/sciadv.abb5093,,,,,no_pmc,
Bio-protocol-916,http://www.ncbi.nlm.nih.gov/pubmed/32888503,https://pubmed.ncbi.nlm.nih.gov/32888503/,32888503,PMC7561493,10.1016/j.stemcr.2020.08.004,low_conf,
Bio-protocol-913,http://www.ncbi.nlm.nih.gov/pubmed/32535716,https://pubmed.ncbi.nlm.nih.gov/32535716/,32535716,,,error,Identifier not found in PMC
Bio-protocol-914,https://www.science.org/doi/10.1126/scitranslmed.aaz3866,,,,,no_pmc,
Bio-protocol-917,http://pubmed.ncbi.nlm.nih.gov/34497420/,https://pubmed.ncbi.nlm.nih.gov/34497420/,34497420,PMC7614428,10.1038/s41586-021-03891-8,low_conf,
Bio-protocol-918,https://doi.org/10.1083/jcb.202101075,,,,,no_pmc,
Bio-protocol-919,http://pubmed.ncbi.nlm.nih.gov/33649597/,https://pubmed.ncbi.nlm.nih.gov/33649597/,33649597,,,error,Identifier not found in PMC
Bio-protocol-920,https://doi.org/10.7554/eLife.58533,,,,,no_pmc,
Bio-protocol-923,https://doi.org/10.7554/eLife.63938,,,,,no_pmc,
Bio-protocol-921,http://pubmed.ncbi.nlm.nih.gov/33630938/,https://pubmed.ncbi.nlm.nih.gov/33630938/,33630938,PMC7943015,10.1371/journal.ppat.1009355,low_conf,
Bio-protocol-922,https://doi.org/10.7554/eLife.54782,,,,,no_pmc,
Bio-protocol-924,https://pubmed.ncbi.nlm.nih.gov/32968076/,https://pubmed.ncbi.nlm.nih.gov/32968076/,32968076,PMC7511413,10.1038/s41467-020-18624-0,low_conf,
Bio-protocol-926,https://doi.org/10.1126/scisignal.aba3244,,,,,no_pmc,
Bio-protocol-925,http://www.ncbi.nlm.nih.gov/pubmed/31222049,https://pubmed.ncbi.nlm.nih.gov/31222049/,31222049,PMC6586798,10.1038/s41598-019-45356-z,low_conf,
Bio-protocol-927,https://elifesciences.org/articles/61409,,,,,no_pmc,
Bio-protocol-928,http://www.ncbi.nlm.nih.gov/pubmed/32490063,https://pubmed.ncbi.nlm.nih.gov/32490063/,32490063,PMC7256449,10.1016/j.reth.2020.04.008,low_conf,
Bio-protocol-932,https://www.biorxiv.org/content/10.1101/2021.04.20.440233v1,,,,,no_pmc,
Bio-protocol-929,http://pubmed.ncbi.nlm.nih.gov/33186033/,https://pubmed.ncbi.nlm.nih.gov/33186033/,33186033,,,error,Identifier not found in PMC
Bio-protocol-930,https://www.science.org/doi/10.1126/sciadv.abd6322,,,,,no_pmc,
Bio-protocol-933,http://pubmed.ncbi.nlm.nih.gov/32788323/,https://pubmed.ncbi.nlm.nih.gov/32788323/,32788323,PMC7566572,10.1261/rna.076000.120,low_conf,
Bio-protocol-931,https://pubmed.ncbi.nlm.nih.gov/29288231/,https://pubmed.ncbi.nlm.nih.gov/29288231/,29288231,PMC5841731,10.1104/pp.17.00124,low_conf,
Bio-protocol-934,https://www.jbc.org/article/S0021-9258(17)48298-6/fulltext,,,,,no_pmc,
Bio-protocol-937,http://pubmed.ncbi.nlm.nih.gov/34287040/,https://pubmed.ncbi.nlm.nih.gov/34287040/,34287040,PMC8432736,10.1128/JVI.00685-21,low_conf,
Bio-protocol-935,https://elifesciences.org/articles/60684,,,,,no_pmc,
Bio-protocol-938,https://elifesciences.org/articles/62043,,,,,no_pmc,
Bio-protocol-936,https://www.jbc.org/article/S0021-9258(21)00193-9/fulltext,,,,,no_pmc,
Bio-protocol-941,http://www.ncbi.nlm.nih.gov/pubmed/26991510,https://pubmed.ncbi.nlm.nih.gov/26991510/,26991510,,,error,Identifier not found in PMC
Bio-protocol-940,http://www.ncbi.nlm.nih.gov/pubmed/33444714,https://pubmed.ncbi.nlm.nih.gov/33444714/,33444714,,,error,Identifier not found in PMC
Bio-protocol-939,http://pubmed.ncbi.nlm.nih.gov/33771553/,https://pubmed.ncbi.nlm.nih.gov/33771553/,33771553,PMC8238842,10.1053/j.gastro.2021.03.026,low_conf,
Bio-protocol-942,https://www.eneuro.org/content/6/2/ENEURO.0433-18.2019.long,,,,,no_pmc,
Bio-protocol-944,http://pubmed.ncbi.nlm.nih.gov/33571185/,https://pubmed.ncbi.nlm.nih.gov/33571185/,33571185,PMC7904182,10.1371/journal.pgen.1009066,low_conf,
Bio-protocol-943,https://elifesciences.org/articles/61487,,,,,no_pmc,
Bio-protocol-947,http://pubmed.ncbi.nlm.nih.gov/33504774/,https://pubmed.ncbi.nlm.nih.gov/33504774/,33504774,PMC7840919,10.1038/s41467-021-20903-3,low_conf,
Bio-protocol-945,http://pubmed.ncbi.nlm.nih.gov/33060128/,https://pubmed.ncbi.nlm.nih.gov/33060128/,33060128,PMC7758626,10.1242/dev.195453,low_conf,
Bio-protocol-946,http://pubmed.ncbi.nlm.nih.gov/32954526/,https://pubmed.ncbi.nlm.nih.gov/32954526/,32954526,,,error,Identifier not found in PMC
Bio-protocol-948,http://pubmed.ncbi.nlm.nih.gov/33472069/,https://pubmed.ncbi.nlm.nih.gov/33472069/,33472069,PMC7816122,10.1016/j.celrep.2020.108660,low_conf,
Bio-protocol-950,https://pubmed.ncbi.nlm.nih.gov/32943465/,https://pubmed.ncbi.nlm.nih.gov/32943465/,32943465,PMC7608151,10.1104/pp.20.00950,low_conf,
Bio-protocol-951,http://pubmed.ncbi.nlm.nih.gov/33683227/,https://pubmed.ncbi.nlm.nih.gov/33683227/,33683227,,,error,Identifier not found in PMC
Bio-protocol-954,https://www.science.org/doi/10.1126/sciadv.aaw7853,,,,,no_pmc,
Bio-protocol-952,https://elifesciences.org/articles/43598,,,,,no_pmc,
Bio-protocol-953,https://elifesciences.org/articles/64631,,,,,no_pmc,
Bio-protocol-955,http://pubmed.ncbi.nlm.nih.gov/33510321/,https://pubmed.ncbi.nlm.nih.gov/33510321/,33510321,PMC7844030,10.1038/s41598-021-81807-2,low_conf,
Bio-protocol-956,https://pubmed.ncbi.nlm.nih.gov/33424866/,https://pubmed.ncbi.nlm.nih.gov/33424866/,33424866,PMC7793867,10.3389/fimmu.2020.612402,low_conf,
Bio-protocol-957,https://pubmed.ncbi.nlm.nih.gov/32839437/,https://pubmed.ncbi.nlm.nih.gov/32839437/,32839437,PMC7445258,10.1038/s41467-020-18002-w,low_conf,
Bio-protocol-959,http://pubmed.ncbi.nlm.nih.gov/33064774/,https://pubmed.ncbi.nlm.nih.gov/33064774/,33064774,PMC7592914,10.1371/journal.pgen.1009052,low_conf,
Bio-protocol-958,http://pubmed.ncbi.nlm.nih.gov/32686667/,https://pubmed.ncbi.nlm.nih.gov/32686667/,32686667,PMC7371701,10.1038/s41467-020-17360-9,low_conf,
Bio-protocol-962,http://pubmed.ncbi.nlm.nih.gov/33186033/,https://pubmed.ncbi.nlm.nih.gov/33186033/,33186033,,,error,Identifier not found in PMC
Bio-protocol-960,http://pubmed.ncbi.nlm.nih.gov/32763164/,https://pubmed.ncbi.nlm.nih.gov/32763164/,32763164,PMC8397232,10.1016/j.cmet.2020.07.009,low_conf,
Bio-protocol-961,https://elifesciences.org/articles/32417,,,,,no_pmc,
Bio-protocol-963,http://www.ncbi.nlm.nih.gov/pmc/articles/PMC6218232/,,,PMC6218232,,low_conf,
Bio-protocol-964,http://www.ncbi.nlm.nih.gov/pubmed/28281539,https://pubmed.ncbi.nlm.nih.gov/28281539/,28281539,PMC5520850,10.1038/cr.2017.31,low_conf,
Bio-protocol-966,http://www.ncbi.nlm.nih.gov/pubmed/33142991,https://pubmed.ncbi.nlm.nih.gov/33142991/,33142991,PMC7692394,10.3390/v12111231,low_conf,
Bio-protocol-968,https://www.science.org/doi/10.1126/sciimmunol.aax7224,,,,,no_pmc,
Bio-protocol-969,http://pubmed.ncbi.nlm.nih.gov/33741315/,https://pubmed.ncbi.nlm.nih.gov/33741315/,33741315,PMC8601393,10.1053/j.gastro.2021.03.017,low_conf,
Bio-protocol-970,https://www.science.org/lookup/doi/10.1126/science.aaz4910,,,,,no_pmc,
Bio-protocol-965,http://pubmed.ncbi.nlm.nih.gov/33033120/,https://pubmed.ncbi.nlm.nih.gov/33033120/,33033120,,,error,Identifier not found in PMC
Bio-protocol-971,https://elifesciences.org/articles/59157,,,,,no_pmc,
Bio-protocol-972,http://www.ncbi.nlm.nih.gov/pubmed/32926097,https://pubmed.ncbi.nlm.nih.gov/32926097/,32926097,PMC7488867,10.1084/jem.20201012,low_conf,
Bio-protocol-975,http://www.ncbi.nlm.nih.gov/pubmed/31881209,https://pubmed.ncbi.nlm.nih.gov/31881209/,31881209,PMC7309296,10.1016/j.jmb.2019.12.023,low_conf,
Bio-protocol-973,http://www.ncbi.nlm.nih.gov/pubmed/31116646,https://pubmed.ncbi.nlm.nih.gov/31116646/,31116646,PMC6727743,10.1091/mbc.E18-04-0202,low_conf,
Bio-protocol-974,http://pubmed.ncbi.nlm.nih.gov/33106344/,https://pubmed.ncbi.nlm.nih.gov/33106344/,33106344,PMC7723950,10.1128/JB.00237-20,low_conf,
Bio-protocol-976,http://pubmed.ncbi.nlm.nih.gov/32821947/,https://pubmed.ncbi.nlm.nih.gov/32821947/,32821947,PMC7515735,10.1093/nar/gkaa665,low_conf,
Bio-protocol-977,https://www.ncbi.nlm.nih.gov/pubmed/32972981,https://pubmed.ncbi.nlm.nih.gov/32972981/,32972981,PMC7723075,10.1104/pp.20.00458,low_conf,
Bio-protocol-978,https://doi.org/10.1126/sciadv.abe0207,,,,,no_pmc,
Bio-protocol-979,https://www.jbc.org/article/S0021-9258(17)48243-3/fulltext,,,,,no_pmc,
Bio-protocol-980,http://pubmed.ncbi.nlm.nih.gov/33104527/,https://pubmed.ncbi.nlm.nih.gov/33104527/,33104527,PMC7685759,10.1172/JCI138234,low_conf,
Bio-protocol-981,http://www.ncbi.nlm.nih.gov/pubmed/33306987,https://pubmed.ncbi.nlm.nih.gov/33306987/,33306987,PMC7897558,10.1016/j.stemcr.2020.11.007,low_conf,
Bio-protocol-982,https://elifesciences.org/articles/60445,,,,,no_pmc,
Bio-protocol-983,https://elifesciences.org/articles/28875,,,,,no_pmc,
Bio-protocol-984,http://pubmed.ncbi.nlm.nih.gov/33199351/,https://pubmed.ncbi.nlm.nih.gov/33199351/,33199351,PMC7822148,10.1128/IAI.00645-20,low_conf,
Bio-protocol-985,http://www.ncbi.nlm.nih.gov/pubmed/32426863,https://pubmed.ncbi.nlm.nih.gov/32426863/,32426863,PMC7502544,10.1111/mmi.14528,low_conf,
Bio-protocol-986,http://www.ncbi.nlm.nih.gov/pubmed/30696852,https://pubmed.ncbi.nlm.nih.gov/30696852/,30696852,PMC6351534,10.1038/s41598-018-37120-6,low_conf,
Bio-protocol-987,http://pubmed.ncbi.nlm.nih.gov/33319777/,https://pubmed.ncbi.nlm.nih.gov/33319777/,33319777,PMC7738668,10.1038/s41467-020-20137-9,low_conf,
Bio-protocol-988,http://pubmed.ncbi.nlm.nih.gov/30824055/,https://pubmed.ncbi.nlm.nih.gov/30824055/,30824055,,,error,Identifier not found in PMC
Bio-protocol-989,http://pubmed.ncbi.nlm.nih.gov/32747542/,https://pubmed.ncbi.nlm.nih.gov/32747542/,32747542,PMC7443885,10.1073/pnas.2002115117,low_conf,
Bio-protocol-991,https://stm.sciencemag.org/content/10/451/eaar5429.full,,,,,no_pmc,
Bio-protocol-993,https://science.sciencemag.org/content/368/6496/1265.long,,,,,no_pmc,
Bio-protocol-994,https://elifesciences.org/articles/65859,,,,,no_pmc,
Bio-protocol-996,http://www.ncbi.nlm.nih.gov/pubmed/31301165,https://pubmed.ncbi.nlm.nih.gov/31301165/,31301165,,,error,Identifier not found in PMC
Bio-protocol-990,https://www.jbc.org/article/S0021-9258(17)48504-8/fulltext,,,,,no_pmc,
Bio-protocol-997,http://www.ncbi.nlm.nih.gov/pubmed/32735848,https://pubmed.ncbi.nlm.nih.gov/32735848/,32735848,,,error,Identifier not found in PMC
Bio-protocol-998,http://www.ncbi.nlm.nih.gov/pubmed/32382055,https://pubmed.ncbi.nlm.nih.gov/32382055/,32382055,PMC7205610,10.1038/s42003-020-0939-8,low_conf,
Bio-protocol-1001,http://www.ncbi.nlm.nih.gov/pubmed/32735820,https://pubmed.ncbi.nlm.nih.gov/32735820/,32735820,PMC7419718,10.1016/j.stemcr.2020.06.022,low_conf,
Bio-protocol-995,http://pubmed.ncbi.nlm.nih.gov/32764610/,https://pubmed.ncbi.nlm.nih.gov/32764610/,32764610,PMC7413394,10.1038/s41598-020-70110-1,low_conf,
Bio-protocol-1000,http://www.ncbi.nlm.nih.gov/pubmed/32666015,https://pubmed.ncbi.nlm.nih.gov/32666015/,32666015,PMC7334032,10.1063/5.0002750,low_conf,
Bio-protocol-1002,http://www.ncbi.nlm.nih.gov/pubmed/32732903,https://pubmed.ncbi.nlm.nih.gov/32732903/,32732903,PMC7393111,10.1038/s41467-020-17561-2,low_conf,
Bio-protocol-1004,https://elifesciences.org/articles/54818,,,,,no_pmc,
Bio-protocol-1003,https://www.ncbi.nlm.nih.gov/pubmed/32716042,https://pubmed.ncbi.nlm.nih.gov/32716042/,32716042,PMC7498346,10.1093/nar/gkaa623,low_conf,
Bio-protocol-1007,http://pubmed.ncbi.nlm.nih.gov/33175851/,https://pubmed.ncbi.nlm.nih.gov/33175851/,33175851,PMC7657561,10.1371/journal.pone.0241455,low_conf,
Bio-protocol-1005,http://pubmed.ncbi.nlm.nih.gov/33168590/,https://pubmed.ncbi.nlm.nih.gov/33168590/,33168590,PMC7822137,10.1128/IAI.00602-20,low_conf,
Bio-protocol-1006,https://advances.sciencemag.org/content/6/42/eabd3916,,,,,no_pmc,
Bio-protocol-1009,http://www.ncbi.nlm.nih.gov/pubmed/29677515,https://pubmed.ncbi.nlm.nih.gov/29677515/,29677515,PMC5927716,10.1016/j.cell.2018.03.056,low_conf,
Bio-protocol-1010,http://pubmed.ncbi.nlm.nih.gov/32665276/,https://pubmed.ncbi.nlm.nih.gov/32665276/,32665276,PMC7360933,10.1128/mBio.01403-20,low_conf,
Bio-protocol-1012,http://www.ncbi.nlm.nih.gov/pubmed/32228693,https://pubmed.ncbi.nlm.nih.gov/32228693/,32228693,PMC7106853,10.1186/s12915-020-00771-x,low_conf,
Bio-protocol-1011,http://pubmed.ncbi.nlm.nih.gov/33038290/,https://pubmed.ncbi.nlm.nih.gov/33038290/,33038290,,,error,Identifier not found in PMC
Bio-protocol-1013,http://www.ncbi.nlm.nih.gov/pubmed/32296409,https://pubmed.ncbi.nlm.nih.gov/32296409/,32296409,PMC7137397,10.3389/fmicb.2020.00526,low_conf,
Bio-protocol-1014,https://elifesciences.org/articles/21032,,,,,no_pmc,
Bio-protocol-1015,http://www.ncbi.nlm.nih.gov/pubmed/32724132,https://pubmed.ncbi.nlm.nih.gov/32724132/,32724132,PMC7387336,10.1038/s41467-020-17573-y,low_conf,
Bio-protocol-1017,https://advances.sciencemag.org/content/6/5/eaay2939,,,,,no_pmc,
Bio-protocol-1016,https://advances.sciencemag.org/content/6/15/eaaz2441,,,,,no_pmc,
Bio-protocol-1020,http://www.ncbi.nlm.nih.gov/pubmed/32251374,https://pubmed.ncbi.nlm.nih.gov/32251374/,32251374,,,error,Identifier not found in PMC
Bio-protocol-1021,https://science.sciencemag.org/content/370/6520/1105,,,,,no_pmc,
Bio-protocol-1022,http://www.ncbi.nlm.nih.gov/pubmed/33173027,https://pubmed.ncbi.nlm.nih.gov/33173027/,33173027,PMC7656261,10.1038/s41419-020-03172-8,low_conf,
Bio-protocol-1018,http://www.ncbi.nlm.nih.gov/pubmed/29899143,https://pubmed.ncbi.nlm.nih.gov/29899143/,29899143,PMC6049512,10.1101/gad.308148.117,low_conf,
Bio-protocol-1019,https://advances.sciencemag.org/content/6/31/eabb2964,,,,,no_pmc,
Bio-protocol-1023,http://pubmed.ncbi.nlm.nih.gov/32760004/,https://pubmed.ncbi.nlm.nih.gov/32760004/,32760004,PMC7116741,10.1038/s41586-020-2563-7,low_conf,
Bio-protocol-1025,https://elifesciences.org/articles/36530,,,,,no_pmc,
Bio-protocol-1027,https://rupress.org/jcb/article/219/4/e201907213/151594/Oocytes-mount-a-noncanonical-DNA-damage-response,,,,,no_pmc,
Bio-protocol-1026,https://elifesciences.org/articles/63907,,,,,no_pmc,
Bio-protocol-1028,https://advances.sciencemag.org/content/6/41/eaaz9124,,,,,no_pmc,
Bio-protocol-1032,https://www.doi.org/10.1016/j.jmb.2020.08.015,,,,,no_pmc,
Bio-protocol-1031,https://doi.org/10.7554/eLife.53968,,,,,no_pmc,
Bio-protocol-1029,http://pubmed.ncbi.nlm.nih.gov/32810432/,https://pubmed.ncbi.nlm.nih.gov/32810432/,32810432,PMC7590250,10.1016/j.neuron.2020.07.026,low_conf,
Bio-protocol-1033,https://www.jbc.org/article/S0021-9258(17)48598-X/fulltext,,,,,no_pmc,
Bio-protocol-1035,https://pubmed.ncbi.nlm.nih.gov/32958947/,https://pubmed.ncbi.nlm.nih.gov/32958947/,32958947,PMC8351040,10.1038/s41594-020-0504-7,low_conf,
Bio-protocol-1034,http://www.ncbi.nlm.nih.gov/pubmed/31372639,https://pubmed.ncbi.nlm.nih.gov/31372639/,31372639,PMC6735932,10.1093/nar/gkz667,low_conf,
Bio-protocol-1037,http://www.ncbi.nlm.nih.gov/pubmed/32719356,https://pubmed.ncbi.nlm.nih.gov/32719356/,32719356,PMC7385628,10.1038/s41467-020-17457-1,low_conf,
Bio-protocol-1038,http://pubmed.ncbi.nlm.nih.gov/33510277/,https://pubmed.ncbi.nlm.nih.gov/33510277/,33510277,PMC7844027,10.1038/s41598-021-82025-6,low_conf,
Bio-protocol-1040,https://doi.org/10.7554/eLife.57495,,,,,no_pmc,
Bio-protocol-1039,http://www.ncbi.nlm.nih.gov/pubmed/32941625,https://pubmed.ncbi.nlm.nih.gov/32941625/,32941625,PMC7544234,10.1093/nar/gkaa748,low_conf,
Bio-protocol-1042,https://doi.org/10.7554/eLife.58165,,,,,no_pmc,
Bio-protocol-1043,http://www.ncbi.nlm.nih.gov/pubmed/27928058,https://pubmed.ncbi.nlm.nih.gov/27928058/,27928058,PMC5397146,10.1093/nar/gkw1201,low_conf,
Bio-protocol-1044,http://www.ncbi.nlm.nih.gov/pubmed/32383545,https://pubmed.ncbi.nlm.nih.gov/32383545/,32383545,PMC7332982,10.15252/embr.201949117,low_conf,
Bio-protocol-1045,https://advances.sciencemag.org/content/6/11/eaay5352,,,,,no_pmc,
Bio-protocol-1046,http://www.ncbi.nlm.nih.gov/pubmed/30970335,https://pubmed.ncbi.nlm.nih.gov/30970335/,30970335,PMC7144284,10.1088/1741-2552/ab1834,low_conf,
Bio-protocol-1047,http://www.ncbi.nlm.nih.gov/pubmed/32409656,https://pubmed.ncbi.nlm.nih.gov/32409656/,32409656,PMC7224221,10.1038/s41467-020-16253-1,low_conf,
Bio-protocol-1048,https://pubmed.ncbi.nlm.nih.gov/33524034/,https://pubmed.ncbi.nlm.nih.gov/33524034/,33524034,PMC7877767,10.1371/journal.pgen.1009346,low_conf,
Bio-protocol-1049,http://www.ncbi.nlm.nih.gov/pubmed/31010727,https://pubmed.ncbi.nlm.nih.gov/31010727/,31010727,,,error,Identifier not found in PMC
Bio-protocol-1051,https://rupress.org/jcb/article/219/7/e201910131/151728/A-modified-lysosomal-organelle-mediates-nonlytic,,,,,no_pmc,
Bio-protocol-1050,https://pubmed.ncbi.nlm.nih.gov/32859196/,https://pubmed.ncbi.nlm.nih.gov/32859196/,32859196,PMC7453538,10.1186/s12915-020-00837-w,low_conf,
Bio-protocol-1052,https://advances.sciencemag.org/content/5/7/eaaw4099,,,,,no_pmc,
Bio-protocol-1053,http://www.ncbi.nlm.nih.gov/pubmed/27773938,https://pubmed.ncbi.nlm.nih.gov/27773938/,27773938,,,error,Identifier not found in PMC
Bio-protocol-1054,https://pubmed.ncbi.nlm.nih.gov/33723908/,https://pubmed.ncbi.nlm.nih.gov/33723908/,33723908,PMC8035636,10.1111/mpp.13042,low_conf,
Bio-protocol-1055,http://www.ncbi.nlm.nih.gov/pubmed/32101139,https://pubmed.ncbi.nlm.nih.gov/32101139/,32101139,PMC7043043,10.1186/s12915-020-0749-y,low_conf,
Bio-protocol-1057,https://doi.org/10.1126/sciadv.aay8271,,,,,no_pmc,
Bio-protocol-1056,https://www.doi.org/10.1093/nar/gkaa682,,,,,no_pmc,
Bio-protocol-1058,https://www.doi.org/10.1523/JNEUROSCI.1193-20.2020,,,,,no_pmc,
Bio-protocol-1059,https://pubmed.ncbi.nlm.nih.gov/31216268/,https://pubmed.ncbi.nlm.nih.gov/31216268/,31216268,PMC6602282,10.1371/journal.pntd.0007500,low_conf,
Bio-protocol-1060,http://www.ncbi.nlm.nih.gov/pubmed/32513972,https://pubmed.ncbi.nlm.nih.gov/32513972/,32513972,PMC7280304,10.1038/s41598-020-66116-4,low_conf,
Bio-protocol-1062,https://www.doi.org/10.1093/nar/gkaa695,,,,,no_pmc,
Bio-protocol-1061,https://elifesciences.org/articles/54754,,,,,no_pmc,
Bio-protocol-1063,http://www.ncbi.nlm.nih.gov/pubmed/32144207,https://pubmed.ncbi.nlm.nih.gov/32144207/,32144207,PMC7152769,10.1074/jbc.RA120.012536,low_conf,
Bio-protocol-1064,https://rupress.org/jcb/article/219/6/e201906071/151658/Independent-anterograde-transport-and-retrograde,,,,,no_pmc,
Bio-protocol-1065,https://pubmed.ncbi.nlm.nih.gov/32814056/,https://pubmed.ncbi.nlm.nih.gov/32814056/,32814056,,,error,Identifier not found in PMC
Bio-protocol-1067,http://www.ncbi.nlm.nih.gov/pubmed/31392315,https://pubmed.ncbi.nlm.nih.gov/31392315/,31392315,PMC6765136,10.1093/nar/gkz660,low_conf,
Bio-protocol-1068,http://www.ncbi.nlm.nih.gov/pubmed/32407406,https://pubmed.ncbi.nlm.nih.gov/32407406/,32407406,PMC7252677,10.1371/journal.ppat.1008499,low_conf,
Bio-protocol-1072,https://doi.org/10.1126/sciadv.abc5802,,,,,no_pmc,
Bio-protocol-1071,http://www.ncbi.nlm.nih.gov/pubmed/32341352,https://pubmed.ncbi.nlm.nih.gov/32341352/,32341352,PMC7184762,10.1038/s41467-020-15731-w,low_conf,
Bio-protocol-1073,http://www.ncbi.nlm.nih.gov/pubmed/32369453,https://pubmed.ncbi.nlm.nih.gov/32369453/,32369453,PMC7410045,10.1172/JCI136578,low_conf,
Bio-protocol-1070,https://doi.org/10.7554/eLife.59328,,,,,no_pmc,
Bio-protocol-1074,https://pubmed.ncbi.nlm.nih.gov/32762682/,https://pubmed.ncbi.nlm.nih.gov/32762682/,32762682,PMC7412830,10.1186/s12915-020-00824-1,low_conf,
Bio-protocol-1076,https://www.ncbi.nlm.nih.gov/pubmed/32610120,https://pubmed.ncbi.nlm.nih.gov/32610120/,32610120,,,error,Identifier not found in PMC
Bio-protocol-1075,https://advances.sciencemag.org/content/6/4/eaax6646,,,,,no_pmc,
Bio-protocol-1079,https://elifesciences.org/articles/61409,,,,,no_pmc,
Bio-protocol-1077,http://www.ncbi.nlm.nih.gov/pubmed/32559381,https://pubmed.ncbi.nlm.nih.gov/32559381/,32559381,,,error,Identifier not found in PMC
Bio-protocol-1078,https://doi.org/10.1126/science.abc3710,,,,,no_pmc,
Bio-protocol-1082,https://elifesciences.org/articles/52904,,,,,no_pmc,
Bio-protocol-1080,https://doi.org/10.1126/science.aay3983,,,,,no_pmc,
Bio-protocol-1081,https://elifesciences.org/articles/52904,,,,,no_pmc,
Bio-protocol-1084,https://pubmed.ncbi.nlm.nih.gov/32753614/,https://pubmed.ncbi.nlm.nih.gov/32753614/,32753614,PMC7403431,10.1038/s41598-020-69985-x,low_conf,
Bio-protocol-1083,https://doi.org/10.7554/eLife.52621,,,,,no_pmc,
Bio-protocol-1085,https://elifesciences.org/articles/57544,,,,,no_pmc,
Bio-protocol-1086,http://www.ncbi.nlm.nih.gov/pubmed/32817458,https://pubmed.ncbi.nlm.nih.gov/32817458/,32817458,PMC7426174,10.1128/mSphere.00671-20,low_conf,
Bio-protocol-1088,https://doi.org/10.7554/eLife.63274,,,,,no_pmc,
Bio-protocol-1087,https://www.doi.org/10.1084/jem.20200891,,,,,no_pmc,
Bio-protocol-1089,https://science.sciencemag.org/content/370/6522/eaba4937.long,,,,,no_pmc,
Bio-protocol-1090,https://elifesciences.org/articles/52760,,,,,no_pmc,
Bio-protocol-1092,https://rupress.org/jcb/article/219/3/e201808017/133712/An-early-endosome-derived-retrograde-trafficking,,,,,no_pmc,
Bio-protocol-1091,http://www.ncbi.nlm.nih.gov/pubmed/32611603,https://pubmed.ncbi.nlm.nih.gov/32611603/,32611603,PMC7438013,10.1242/dev.185421,low_conf,
Bio-protocol-1093,https://elifesciences.org/articles/34092,,,,,no_pmc,
Bio-protocol-1094,https://pubmed.ncbi.nlm.nih.gov/21309868/,https://pubmed.ncbi.nlm.nih.gov/21309868/,21309868,,,error,Identifier not found in PMC
Bio-protocol-1095,http://www.ncbi.nlm.nih.gov/pubmed/33064329,https://pubmed.ncbi.nlm.nih.gov/33064329/,33064329,PMC7756517,10.1096/fj.202000761RR,low_conf,
Bio-protocol-1097,https://www.biorxiv.org/content/early/2018/08/13/390187.1,,,,,no_pmc,
Bio-protocol-1096,https://elifesciences.org/articles/52899,,,,,no_pmc,
Bio-protocol-1098,http://www.ncbi.nlm.nih.gov/pubmed/30753302,https://pubmed.ncbi.nlm.nih.gov/30753302/,30753302,,,error,Identifier not found in PMC
Bio-protocol-1101,https://doi.org/10.1126/sciadv.aba4498,,,,,no_pmc,
Bio-protocol-1100,https://elifesciences.org/articles/49808,,,,,no_pmc,
Bio-protocol-1106,https://www.jbc.org/article/S0021-9258(17)50304-X/fulltext,,,,,no_pmc,
Bio-protocol-1107,https://www.ncbi.nlm.nih.gov/pubmed/32600387,https://pubmed.ncbi.nlm.nih.gov/32600387/,32600387,PMC7322875,10.1186/s12915-020-00812-5,low_conf,
Bio-protocol-1102,https://advances.sciencemag.org/content/6/51/eabc4275,,,,,no_pmc,
Bio-protocol-1103,https://elifesciences.org/articles/43882,,,,,no_pmc,
Bio-protocol-1104,https://doi.org/10.7554/eLife.56613,,,,,no_pmc,
Bio-protocol-1105,https://immunology.sciencemag.org/content/5/48/eabc8413.long,,,,,no_pmc,
Bio-protocol-1108,https://doi.org/10.1126/sciadv.abc0413,,,,,no_pmc,
Bio-protocol-1112,http://www.ncbi.nlm.nih.gov/pubmed/32032769,https://pubmed.ncbi.nlm.nih.gov/32032769/,32032769,,,error,Identifier not found in PMC
Bio-protocol-1111,http://www.ncbi.nlm.nih.gov/pubmed/32349664,https://pubmed.ncbi.nlm.nih.gov/32349664/,32349664,PMC7189520,10.1186/s12865-020-00354-z,low_conf,
Bio-protocol-1109,http://www.ncbi.nlm.nih.gov/pubmed/32140725,https://pubmed.ncbi.nlm.nih.gov/32140725/,32140725,PMC7229851,10.1093/nar/gkaa143,low_conf,
Bio-protocol-1110,https://doi.org/10.1126/sciadv.aay1057,,,,,no_pmc,
Bio-protocol-1113,https://pubs.acs.org/doi/10.1021/acs.analchem.9b02133,,,,,no_pmc,
Bio-protocol-1114,https://www.ncbi.nlm.nih.gov/pubmed/32595609,https://pubmed.ncbi.nlm.nih.gov/32595609/,32595609,PMC7300192,10.3389/fmicb.2020.00963,low_conf,
Bio-protocol-1117,https://www.jbc.org/article/S0021-9258(17)50334-8/fulltext,,,,,no_pmc,
Bio-protocol-1115,https://doi.org/10.1126/sciadv.aba6574,,,,,no_pmc,
Bio-protocol-1116,https://elifesciences.org/articles/47005,,,,,no_pmc,
Bio-protocol-1118,http://www.ncbi.nlm.nih.gov/pubmed/29315021,https://pubmed.ncbi.nlm.nih.gov/29315021/,29315021,,,error,Identifier not found in PMC
Bio-protocol-1119,https://www.biorxiv.org/content/early/2018/08/13/390187.1,,,,,no_pmc,
Bio-protocol-1121,https://pubmed.ncbi.nlm.nih.gov/32108025/,https://pubmed.ncbi.nlm.nih.gov/32108025/,32108025,,,error,Identifier not found in PMC
Bio-protocol-1120,http://www.ncbi.nlm.nih.gov/pubmed/32286294,https://pubmed.ncbi.nlm.nih.gov/32286294/,32286294,PMC7156742,10.1038/s41467-020-15609-x,low_conf,
Bio-protocol-1123,https://pubmed.ncbi.nlm.nih.gov/33741315/,https://pubmed.ncbi.nlm.nih.gov/33741315/,33741315,PMC8601393,10.1053/j.gastro.2021.03.017,low_conf,
Bio-protocol-1124,https://elifesciences.org/articles/57007,,,,,no_pmc,
Bio-protocol-1122,https://pubmed.ncbi.nlm.nih.gov/32950210/,https://pubmed.ncbi.nlm.nih.gov/32950210/,32950210,PMC7855473,10.1016/j.biopsych.2020.06.030,low_conf,
Bio-protocol-1127,https://www.doi.org/10.1093/nar/gkaa703,,,,,no_pmc,
Bio-protocol-1125,https://elifesciences.org/articles/29605,,,,,no_pmc,
Bio-protocol-1126,https://pubmed.ncbi.nlm.nih.gov/32857823/,https://pubmed.ncbi.nlm.nih.gov/32857823/,32857823,PMC7454965,10.1371/journal.pone.0238417,low_conf,
Bio-protocol-1130,http://www.ncbi.nlm.nih.gov/pubmed/32393858,https://pubmed.ncbi.nlm.nih.gov/32393858/,32393858,PMC7116525,10.1038/s41564-020-0719-8,low_conf,
Bio-protocol-1129,https://doi.org/10.1021/acsinfecdis.9b00321,,,,,no_pmc,
Bio-protocol-1128,https://doi.org/10.1126/sciadv.aba2489,,,,,no_pmc,
Bio-protocol-1131,http://www.ncbi.nlm.nih.gov/pubmed/32576676,https://pubmed.ncbi.nlm.nih.gov/32576676/,32576676,PMC7315123,10.1128/mBio.01254-20,low_conf,
Bio-protocol-1132,https://pubmed.ncbi.nlm.nih.gov/33200080/,https://pubmed.ncbi.nlm.nih.gov/33200080/,33200080,PMC7543508,10.1093/ofid/ofaa434,low_conf,
Bio-protocol-1133,https://elifesciences.org/articles/44305,,,,,no_pmc,
Bio-protocol-1134,https://pubmed.ncbi.nlm.nih.gov/33432151/,https://pubmed.ncbi.nlm.nih.gov/33432151/,33432151,,,error,Identifier not found in PMC
Bio-protocol-1135,http://www.ncbi.nlm.nih.gov/pubmed/32266252,https://pubmed.ncbi.nlm.nih.gov/32266252/,32266252,PMC7098375,10.3389/fcell.2020.00068,low_conf,
Bio-protocol-1136,http://www.ncbi.nlm.nih.gov/pubmed/31899625,https://pubmed.ncbi.nlm.nih.gov/31899625/,31899625,PMC7015794,10.1021/acs.biochem.9b00896,low_conf,
Bio-protocol-1137,http://www.ncbi.nlm.nih.gov/pubmed/29362726,https://pubmed.ncbi.nlm.nih.gov/29362726/,29362726,PMC5777542,10.1523/ENEURO.0247-17.2017,low_conf,
Bio-protocol-1140,https://www.jbc.org/article/S0021-9258(17)50304-X/fulltext,,,,,no_pmc,
Bio-protocol-1138,http://www.ncbi.nlm.nih.gov/pubmed/32398317,https://pubmed.ncbi.nlm.nih.gov/32398317/,32398317,PMC7218287,10.1128/mBio.03015-19,low_conf,
Bio-protocol-1142,https://www.ncbi.nlm.nih.gov/pubmed/32620110,https://pubmed.ncbi.nlm.nih.gov/32620110/,32620110,PMC7334845,10.1186/s12915-020-00790-8,low_conf,
Bio-protocol-1141,https://www.jbc.org/article/S0021-9258(17)49215-5/fulltext,,,,,no_pmc,
Bio-protocol-1143,https://pubmed.ncbi.nlm.nih.gov/33567285/,https://pubmed.ncbi.nlm.nih.gov/33567285/,33567285,,,error,Identifier not found in PMC
Bio-protocol-1144,https://doi.org/10.1126/sciadv.aba4962,,,,,no_pmc,
Bio-protocol-1145,http://www.ncbi.nlm.nih.gov/pubmed/32726641,https://pubmed.ncbi.nlm.nih.gov/32726641/,32726641,,,error,Identifier not found in PMC
Bio-protocol-1146,http://www.ncbi.nlm.nih.gov/pubmed/32303588,https://pubmed.ncbi.nlm.nih.gov/32303588/,32303588,PMC7167289,10.26508/lsa.202000707,low_conf,
Bio-protocol-1148,https://www.jneurosci.org/content/40/21/4116.long,,,,,no_pmc,
Bio-protocol-1149,http://www.ncbi.nlm.nih.gov/pubmed/29577906,https://pubmed.ncbi.nlm.nih.gov/29577906/,29577906,,,error,Identifier not found in PMC
Bio-protocol-1151,http://www.ncbi.nlm.nih.gov/pubmed/32272119,https://pubmed.ncbi.nlm.nih.gov/32272119/,32272119,,,error,Identifier not found in PMC
Bio-protocol-1150,https://rupress.org/jcb/article-lookup/doi/10.1083/jcb.201909137,,,,,no_pmc,
Bio-protocol-1152,http://www.ncbi.nlm.nih.gov/pubmed/31596111,https://pubmed.ncbi.nlm.nih.gov/31596111/,31596111,,,error,Identifier not found in PMC
Bio-protocol-1155,http://www.ncbi.nlm.nih.gov/pubmed/32661278,https://pubmed.ncbi.nlm.nih.gov/32661278/,32661278,,,error,Identifier not found in PMC
Bio-protocol-1153,https://elifesciences.org/articles/58191,,,,,no_pmc,
Bio-protocol-1154,https://elifesciences.org/articles/55780,,,,,no_pmc,
Bio-protocol-1156,https://elifesciences.org/articles/09181,,,,,no_pmc,
Bio-protocol-1158,https://advances.sciencemag.org/content/6/5/eaax2285,,,,,no_pmc,
Bio-protocol-1157,https://advances.sciencemag.org/content/6/5/eaaz3194,,,,,no_pmc,
Bio-protocol-1161,https://advances.sciencemag.org/content/6/22/eaaz1949,,,,,no_pmc,
Bio-protocol-1159,https://advances.sciencemag.org/content/6/6/eaav4520,,,,,no_pmc,
Bio-protocol-1160,http://www.ncbi.nlm.nih.gov/pubmed/32030327,https://pubmed.ncbi.nlm.nih.gov/32030327/,32030327,PMC6995270,10.7717/peerj.8491,low_conf,
Bio-protocol-1162,http://www.ncbi.nlm.nih.gov/pubmed/32335157,https://pubmed.ncbi.nlm.nih.gov/32335157/,32335157,PMC7299768,10.1016/j.jconrel.2020.04.032,low_conf,
Bio-protocol-1164,http://www.ncbi.nlm.nih.gov/pubmed/32690892,https://pubmed.ncbi.nlm.nih.gov/32690892/,32690892,PMC7426255,10.1038/s41477-020-0721-4,low_conf,
Bio-protocol-1163,https://advances.sciencemag.org/content/6/14/eaaz4344,,,,,no_pmc,
Bio-protocol-1165,https://science.sciencemag.org/content/366/6464/505.long,,,,,no_pmc,
Bio-protocol-1166,https://www.doi.org/10.1002/hipo.23261,,,,,no_pmc,
Bio-protocol-1167,https://stm.sciencemag.org/content/12/556/eabc7075.short,,,,,no_pmc,
Bio-protocol-1168,http://www.ncbi.nlm.nih.gov/pubmed/32368948,https://pubmed.ncbi.nlm.nih.gov/32368948/,32368948,PMC7580631,10.1089/ten.tea.2020.0019,low_conf,
Bio-protocol-1169,https://elifesciences.org/articles/50401,,,,,no_pmc,
Bio-protocol-1172,https://advances.sciencemag.org/content/6/25/eaba5542,,,,,no_pmc,
Bio-protocol-1173,https://rupress.org/jcb/article/219/8/e201907058/151825/Nucleobindin-1-regulates-ECM-degradation-by,,,,,no_pmc,
Bio-protocol-1175,https://stm.sciencemag.org/content/12/567/eaay6218/tab-figures-data,,,,,no_pmc,
Bio-protocol-1174,http://www.ncbi.nlm.nih.gov/pubmed/31481351,https://pubmed.ncbi.nlm.nih.gov/31481351/,31481351,PMC6900251,10.1136/annrheumdis-2018-214967,low_conf,
Bio-protocol-1176,https://pubmed.ncbi.nlm.nih.gov/32731642/,https://pubmed.ncbi.nlm.nih.gov/32731642/,32731642,PMC7472077,10.3390/v12080820,low_conf,
Bio-protocol-1177,http://www.ncbi.nlm.nih.gov/pubmed/31923624,https://pubmed.ncbi.nlm.nih.gov/31923624/,31923624,,,error,Identifier not found in PMC
Bio-protocol-1178,https://advances.sciencemag.org/content/6/25/eaba5542,,,,,no_pmc,
Bio-protocol-1181,http://www.ncbi.nlm.nih.gov/pubmed/32284544,https://pubmed.ncbi.nlm.nih.gov/32284544/,32284544,PMC7231574,10.1038/s41477-020-0633-3,low_conf,
Bio-protocol-1179,https://www.jneurosci.org/content/39/8/1386.long,,,,,no_pmc,
Bio-protocol-1180,https://doi.org/10.7554/eLife.58191,,,,,no_pmc,
Bio-protocol-1182,http://www.ncbi.nlm.nih.gov/pubmed/30912619,https://pubmed.ncbi.nlm.nih.gov/30912619/,30912619,PMC6637891,10.1111/mpp.12787,low_conf,
Bio-protocol-1184,https://elifesciences.org/articles/55252,,,,,no_pmc,
Bio-protocol-1186,http://www.ncbi.nlm.nih.gov/pubmed/30910831,https://pubmed.ncbi.nlm.nih.gov/30910831/,30910831,PMC6526706,10.1242/jcs.230755,low_conf,
Bio-protocol-1183,http://www.ncbi.nlm.nih.gov/pubmed/32747812,https://pubmed.ncbi.nlm.nih.gov/32747812/,32747812,PMC7891870,10.1038/s41589-020-0604-z,low_conf,
Bio-protocol-1185,http://www.ncbi.nlm.nih.gov/pubmed/32510132,https://pubmed.ncbi.nlm.nih.gov/32510132/,32510132,PMC7528653,10.1093/nar/gkaa492,low_conf,
Bio-protocol-1188,https://pubmed.ncbi.nlm.nih.gov/31605945/,https://pubmed.ncbi.nlm.nih.gov/31605945/,31605945,PMC6817725,10.1016/j.isci.2019.09.028,low_conf,
Bio-protocol-1187,https://elifesciences.org/articles/55388,,,,,no_pmc,
Bio-protocol-1190,http://www.ncbi.nlm.nih.gov/pubmed/31470085,https://pubmed.ncbi.nlm.nih.gov/31470085/,31470085,,,error,Identifier not found in PMC
Bio-protocol-1189,https://www.jbc.org/article/S0021-9258(17)48260-3/fulltext,,,,,no_pmc,
Bio-protocol-1191,https://www.jbc.org/article/S0021-9258(17)48234-2/fulltext,,,,,no_pmc,
Bio-protocol-1193,https://stm.sciencemag.org/content/12/541/eabb5883.short,,,,,no_pmc,
Bio-protocol-1194,http://www.ncbi.nlm.nih.gov/pmc/articles/PMC6918740/,,,PMC6918740,,low_conf,
Bio-protocol-1196,https://pubmed.ncbi.nlm.nih.gov/32756897/,https://pubmed.ncbi.nlm.nih.gov/32756897/,32756897,PMC7515698,10.1093/nar/gkaa658,low_conf,
Bio-protocol-1195,https://rupress.org/jcb/article/219/8/e201907058/151825/Nucleobindin-1-regulates-ECM-degradation-by,,,,,no_pmc,
Bio-protocol-1192,http://www.ncbi.nlm.nih.gov/pubmed/28132834,https://pubmed.ncbi.nlm.nih.gov/28132834/,28132834,,,error,Identifier not found in PMC
Bio-protocol-1197,http://www.ncbi.nlm.nih.gov/pubmed/32958747,https://pubmed.ncbi.nlm.nih.gov/32958747/,32958747,PMC7505846,10.1038/s41467-020-18547-w,low_conf,
Bio-protocol-1198,http://www.ncbi.nlm.nih.gov/pubmed/32365117,https://pubmed.ncbi.nlm.nih.gov/32365117/,32365117,PMC7224574,10.1371/journal.ppat.1008342,low_conf,
Bio-protocol-1202,http://www.ncbi.nlm.nih.gov/pubmed/32005398,https://pubmed.ncbi.nlm.nih.gov/32005398/,32005398,,,error,Identifier not found in PMC
Bio-protocol-1203,https://elifesciences.org/articles/44452,,,,,no_pmc,
Bio-protocol-1201,https://www.jbc.org/article/S0021-9258(17)48594-2/fulltext,,,,,no_pmc,
Bio-protocol-1205,https://www.doi.org/10.1094/PDIS-06-20-1367-RE,,,,,no_pmc,
Bio-protocol-1204,https://pubmed.ncbi.nlm.nih.gov/32765493/,https://pubmed.ncbi.nlm.nih.gov/32765493/,32765493,PMC7378400,10.3389/fimmu.2020.01335,low_conf,
Bio-protocol-1206,https://www.jbc.org/article/S0021-9258(17)48269-X/fulltext,,,,,no_pmc,
Bio-protocol-1207,https://www.jbc.org/article/S0021-9258(17)48277-9/fulltext,,,,,no_pmc,
Bio-protocol-1208,http://www.ncbi.nlm.nih.gov/pubmed/29348442,https://pubmed.ncbi.nlm.nih.gov/29348442/,29348442,PMC5773612,10.1038/s41598-018-19219-y,low_conf,
Bio-protocol-1209,http://www.ncbi.nlm.nih.gov/pubmed/30118980,https://pubmed.ncbi.nlm.nih.gov/30118980/,30118980,,,error,Identifier not found in PMC
Bio-protocol-1210,http://www.ncbi.nlm.nih.gov/pubmed/32325070,https://pubmed.ncbi.nlm.nih.gov/32325070/,32325070,,,error,Identifier not found in PMC
Bio-protocol-1211,https://advances.sciencemag.org/content/6/4/eaax5611,,,,,no_pmc,
Bio-protocol-1212,http://www.ncbi.nlm.nih.gov/pubmed/27144352,https://pubmed.ncbi.nlm.nih.gov/27144352/,27144352,,,error,Identifier not found in PMC
Bio-protocol-1213,https://pubmed.ncbi.nlm.nih.gov/32785615/,https://pubmed.ncbi.nlm.nih.gov/32785615/,32785615,PMC7736827,10.1093/nar/gkaa674,low_conf,
Bio-protocol-1214,http://www.ncbi.nlm.nih.gov/pubmed/32215253,https://pubmed.ncbi.nlm.nih.gov/32215253/,32215253,PMC7090339,10.1016/j.mec.2020.e00126,low_conf,
Bio-protocol-1216,https://elifesciences.org/articles/03091,,,,,no_pmc,
Bio-protocol-1215,http://www.ncbi.nlm.nih.gov/pubmed/32075760,https://pubmed.ncbi.nlm.nih.gov/32075760/,32075760,PMC7179253,10.1016/j.celrep.2020.01.064,low_conf,
Bio-protocol-1218,http://www.ncbi.nlm.nih.gov/pubmed/32216790,https://pubmed.ncbi.nlm.nih.gov/32216790/,32216790,PMC7099817,10.1186/s12915-020-00767-7,low_conf,
Bio-protocol-1219,http://www.ncbi.nlm.nih.gov/pubmed/31035144,https://pubmed.ncbi.nlm.nih.gov/31035144/,31035144,,,error,Identifier not found in PMC
Bio-protocol-1220,https://elifesciences.org/articles/56096,,,,,no_pmc,
Bio-protocol-1221,https://stm.sciencemag.org/content/12/558/eaaz6100,,,,,no_pmc,
Bio-protocol-1222,https://www.jbc.org/article/S0021-9258(17)48471-7/fulltext,,,,,no_pmc,
Bio-protocol-1217,http://www.ncbi.nlm.nih.gov/pubmed/32302553,https://pubmed.ncbi.nlm.nih.gov/32302553/,32302553,PMC7220856,10.1016/j.stemcr.2020.03.012,low_conf,
Bio-protocol-1223,http://www.ncbi.nlm.nih.gov/pubmed/32409656,https://pubmed.ncbi.nlm.nih.gov/32409656/,32409656,PMC7224221,10.1038/s41467-020-16253-1,low_conf,
Bio-protocol-1225,https://elifesciences.org/articles/44760,,,,,no_pmc,
Bio-protocol-1224,http://www.ncbi.nlm.nih.gov/pubmed/31796853,https://pubmed.ncbi.nlm.nih.gov/31796853/,31796853,PMC6890777,10.1038/s41598-019-54807-6,low_conf,
Bio-protocol-1228,http://www.ncbi.nlm.nih.gov/pubmed/24766643,https://pubmed.ncbi.nlm.nih.gov/24766643/,24766643,,,error,Identifier not found in PMC
Bio-protocol-1227,http://www.ncbi.nlm.nih.gov/pubmed/31322300,https://pubmed.ncbi.nlm.nih.gov/31322300/,31322300,,,error,Identifier not found in PMC
Bio-protocol-1226,https://advances.sciencemag.org/content/6/24/eaba7589,,,,,no_pmc,
Bio-protocol-1230,http://www.ncbi.nlm.nih.gov/pubmed/32450899,https://pubmed.ncbi.nlm.nih.gov/32450899/,32450899,PMC7249671,10.1186/s12964-020-00558-1,low_conf,
Bio-protocol-1229,http://www.ncbi.nlm.nih.gov/pubmed/32253241,https://pubmed.ncbi.nlm.nih.gov/32253241/,32253241,,,error,Identifier not found in PMC
Bio-protocol-1231,http://www.ncbi.nlm.nih.gov/pubmed/31036588,https://pubmed.ncbi.nlm.nih.gov/31036588/,31036588,PMC6635848,10.1105/tpc.19.00170,low_conf,
Bio-protocol-1232,https://advances.sciencemag.org/content/6/7/eaay9392,,,,,no_pmc,
Bio-protocol-1234,https://advances.sciencemag.org/content/6/26/eaaz0495,,,,,no_pmc,
Bio-protocol-1235,https://www.jneurosci.org/content/40/21/4251.long,,,,,no_pmc,
Bio-protocol-1236,http://www.ncbi.nlm.nih.gov/pubmed/31941048,https://pubmed.ncbi.nlm.nih.gov/31941048/,31941048,PMC7168214,10.3390/antibiotics9010025,low_conf,
Bio-protocol-1233,https://www.biorxiv.org/content/biorxiv/early/2020/07/06/2020.03.29.013342.full.pdf,,,,,no_pmc,
Bio-protocol-1238,http://www.ncbi.nlm.nih.gov/pubmed/31708906,https://pubmed.ncbi.nlm.nih.gov/31708906/,31708906,PMC6819513,10.3389/fmicb.2019.02441,low_conf,
Bio-protocol-1237,https://elifesciences.org/articles/28875,,,,,no_pmc,
Bio-protocol-1239,http://www.ncbi.nlm.nih.gov/pubmed/32571964,https://pubmed.ncbi.nlm.nih.gov/32571964/,32571964,PMC7429906,10.1523/ENEURO.0082-20.2020,low_conf,
Bio-protocol-1240,https://elifesciences.org/articles/45084,,,,,no_pmc,
Bio-protocol-1241,https://www.jneurosci.org/content/39/9/1755.long,,,,,no_pmc,
Bio-protocol-1242,https://rupress.org/jcb/article/219/5/e201906111/151666/FMNL2-regulates-dynamics-of-fascin-in,,,,,no_pmc,
Bio-protocol-1244,http://www.ncbi.nlm.nih.gov/pubmed/30870788,https://pubmed.ncbi.nlm.nih.gov/30870788/,30870788,,,error,Identifier not found in PMC
Bio-protocol-1245,https://link.springer.com/article/10.1186/s43556-020-00011-2,,,,,no_pmc,
Bio-protocol-1243,http://www.ncbi.nlm.nih.gov/pubmed/31996848,https://pubmed.ncbi.nlm.nih.gov/31996848/,31996848,,,error,Identifier not found in PMC
Bio-protocol-1246,http://pubmed.ncbi.nlm.nih.gov/31513816/,https://pubmed.ncbi.nlm.nih.gov/31513816/,31513816,,,error,Identifier not found in PMC
Bio-protocol-1247,http://www.ncbi.nlm.nih.gov/pubmed/31787298,https://pubmed.ncbi.nlm.nih.gov/31787298/,31787298,,,error,Identifier not found in PMC
Bio-protocol-1248,https://pubmed.ncbi.nlm.nih.gov/32328071/,https://pubmed.ncbi.nlm.nih.gov/32328071/,32328071,PMC7160884,10.3389/fimmu.2020.00633,low_conf,
Bio-protocol-1251,http://www.ncbi.nlm.nih.gov/pubmed/29924303,https://pubmed.ncbi.nlm.nih.gov/29924303/,29924303,PMC6324744,10.1093/aob/mcy109,low_conf,
Bio-protocol-1249,http://www.ncbi.nlm.nih.gov/pubmed/30556908,https://pubmed.ncbi.nlm.nih.gov/30556908/,30556908,,,error,Identifier not found in PMC
Bio-protocol-1250,http://www.ncbi.nlm.nih.gov/pubmed/30056117,https://pubmed.ncbi.nlm.nih.gov/30056117/,30056117,PMC6372003,10.1016/j.neuroscience.2018.07.029,low_conf,
Bio-protocol-1252,https://rupress.org/jcb/article/218/12/4042/132534/CDK1-mediated-CENP-C-phosphorylation-modulates,,,,,no_pmc,
Bio-protocol-1253,https://elifesciences.org/articles/48916,,,,,no_pmc,
Bio-protocol-1254,https://transmedcomms.biomedcentral.com/articles/10.1186/s41231-020-00071-0,,,,,no_pmc,
Bio-protocol-1257,http://www.ncbi.nlm.nih.gov/pubmed/32064705,https://pubmed.ncbi.nlm.nih.gov/32064705/,32064705,,,error,Identifier not found in PMC
Bio-protocol-1256,http://www.ncbi.nlm.nih.gov/pubmed/32552427,https://pubmed.ncbi.nlm.nih.gov/32552427/,32552427,PMC8570765,10.1080/15592324.2020.1780037,low_conf,
Bio-protocol-1259,http://www.ncbi.nlm.nih.gov/pubmed/26929886,https://pubmed.ncbi.nlm.nih.gov/26929886/,26929886,PMC4757471,10.1167/tvst.5.1.6,low_conf,
Bio-protocol-1258,https://elifesciences.org/articles/56666,,,,,no_pmc,
Bio-protocol-1260,https://royalsocietypublishing.org/doi/10.1098/rsos.200636,,,,,no_pmc,
Bio-protocol-1261,http://www.ncbi.nlm.nih.gov/pubmed/32188788,https://pubmed.ncbi.nlm.nih.gov/32188788/,32188788,PMC7132281,10.1073/pnas.1917080117,low_conf,
Bio-protocol-1262,http://www.ncbi.nlm.nih.gov/pubmed/32302557,https://pubmed.ncbi.nlm.nih.gov/32302557/,32302557,PMC7220957,10.1016/j.stemcr.2020.03.014,low_conf,
Bio-protocol-1263,https://elifesciences.org/articles/09531,,,,,no_pmc,
Bio-protocol-1264,http://www.ncbi.nlm.nih.gov/pubmed/32219438,https://pubmed.ncbi.nlm.nih.gov/32219438/,32219438,,,error,Identifier not found in PMC
Bio-protocol-1265,https://elifesciences.org/articles/21629,,,,,no_pmc,
Bio-protocol-1266,http://www.ncbi.nlm.nih.gov/pubmed/32210253,https://pubmed.ncbi.nlm.nih.gov/32210253/,32210253,PMC7093396,10.1038/s41598-020-62014-x,low_conf,
Bio-protocol-1269,http://www.ncbi.nlm.nih.gov/pubmed/32584915,https://pubmed.ncbi.nlm.nih.gov/32584915/,32584915,PMC7343183,10.1371/journal.ppat.1008627,low_conf,
Bio-protocol-1268,http://www.ncbi.nlm.nih.gov/pubmed/31412538,https://pubmed.ncbi.nlm.nih.gov/31412538/,31412538,PMC6720005,10.3390/ijms20163929,low_conf,
Bio-protocol-1267,http://www.ncbi.nlm.nih.gov/pubmed/31792147,https://pubmed.ncbi.nlm.nih.gov/31792147/,31792147,PMC6997700,10.1104/pp.19.00667,low_conf,
Bio-protocol-1273,https://elifesciences.org/articles/55279,,,,,no_pmc,
Bio-protocol-1270,https://www.jbc.org/content/295/15/5124.long,,,,,no_pmc,
Bio-protocol-1271,http://www.ncbi.nlm.nih.gov/pubmed/32064259,https://pubmed.ncbi.nlm.nih.gov/32064259/,32064259,PMC7000363,10.3389/fcell.2020.00010,low_conf,
Bio-protocol-1276,http://www.ncbi.nlm.nih.gov/pubmed/29480525,https://pubmed.ncbi.nlm.nih.gov/29480525/,29480525,PMC5947712,10.1002/anie.201711825,low_conf,
Bio-protocol-1277,http://www.ncbi.nlm.nih.gov/pubmed/29056330,https://pubmed.ncbi.nlm.nih.gov/29056330/,29056330,PMC5830990,10.1016/j.stemcr.2017.09.016,low_conf,
Bio-protocol-1275,https://elifesciences.org/articles/52589,,,,,no_pmc,
Bio-protocol-1280,http://www.ncbi.nlm.nih.gov/pubmed/32434064,https://pubmed.ncbi.nlm.nih.gov/32434064/,32434064,,,error,Identifier not found in PMC
Bio-protocol-1279,https://rupress.org/jcb/article/219/1/e201905162/132501/ORP5-localizes-to-ER-lipid-droplet-contacts-and,,,,,no_pmc,
Bio-protocol-1278,http://www.ncbi.nlm.nih.gov/pubmed/32233422,https://pubmed.ncbi.nlm.nih.gov/32233422/,32233422,PMC7310948,10.1021/acs.biochem.9b01123,low_conf,
Bio-protocol-1282,http://www.ncbi.nlm.nih.gov/pubmed/32053791,https://pubmed.ncbi.nlm.nih.gov/32053791/,32053791,,,error,Identifier not found in PMC
Bio-protocol-1281,https://onlinelibrary.wiley.com/doi/full/10.1002/acg2.79,,,,,no_pmc,
Bio-protocol-1284,http://www.ncbi.nlm.nih.gov/pubmed/31402305,https://pubmed.ncbi.nlm.nih.gov/31402305/,31402305,PMC6736724,10.1016/j.cub.2019.07.021,low_conf,
Bio-protocol-1286,http://www.ncbi.nlm.nih.gov/pubmed/31956083,https://pubmed.ncbi.nlm.nih.gov/31956083/,31956083,PMC7013232,10.1016/j.stemcr.2019.12.010,low_conf,
Bio-protocol-1283,https://www.jneurosci.org/content/40/6/1232.long,,,,,no_pmc,
Bio-protocol-1285,http://www.ncbi.nlm.nih.gov/pubmed/29677514,https://pubmed.ncbi.nlm.nih.gov/29677514/,29677514,,,error,Identifier not found in PMC
Bio-protocol-1288,http://www.ncbi.nlm.nih.gov/pubmed/30007313,https://pubmed.ncbi.nlm.nih.gov/30007313/,30007313,PMC6158489,10.1093/nar/gky606,low_conf,
Bio-protocol-1287,http://www.ncbi.nlm.nih.gov/pubmed/30244277,https://pubmed.ncbi.nlm.nih.gov/30244277/,30244277,,,error,Identifier not found in PMC
Bio-protocol-1290,https://advances.sciencemag.org/content/6/19/eaaz0478,,,,,no_pmc,
Bio-protocol-1292,http://www.ncbi.nlm.nih.gov/pubmed/32101749,https://pubmed.ncbi.nlm.nih.gov/32101749/,32101749,,,error,Identifier not found in PMC
Bio-protocol-1291,https://elifesciences.org/articles/52228,,,,,no_pmc,
Bio-protocol-1293,https://advances.sciencemag.org/content/6/16/eaaz0359,,,,,no_pmc,
Bio-protocol-1289,http://www.ncbi.nlm.nih.gov/pubmed/31964710,https://pubmed.ncbi.nlm.nih.gov/31964710/,31964710,,,error,Identifier not found in PMC
Bio-protocol-1294,http://www.ncbi.nlm.nih.gov/pubmed/26842758,https://pubmed.ncbi.nlm.nih.gov/26842758/,26842758,PMC4742980,10.1038/ncomms10549,low_conf,
Bio-protocol-1295,http://www.ncbi.nlm.nih.gov/pubmed/32038148,https://pubmed.ncbi.nlm.nih.gov/32038148/,32038148,PMC6987254,10.3389/fnins.2019.01453,low_conf,
Bio-protocol-1297,http://www.ncbi.nlm.nih.gov/pubmed/31615958,https://pubmed.ncbi.nlm.nih.gov/31615958/,31615958,PMC6794480,10.1128/mBio.02189-19,low_conf,
Bio-protocol-1296,http://www.ncbi.nlm.nih.gov/pubmed/31615958,https://pubmed.ncbi.nlm.nih.gov/31615958/,31615958,PMC6794480,10.1128/mBio.02189-19,low_conf,
Bio-protocol-1299,https://elifesciences.org/articles/51787,,,,,no_pmc,
Bio-protocol-1301,https://osf.io/e7jkc/,,,,,no_pmc,
Bio-protocol-1300,https://rupress.org/jcb/article/218/2/455/120487/Electron-cryotomography-analysis-of-Dam1C-DASH-at,,,,,no_pmc,
Bio-protocol-1303,https://onlinelibrary.wiley.com/doi/abs/10.1002/pld3.233,,,,,no_pmc,
Bio-protocol-1302,http://www.sciencedirect.com/science/article/pii/S0944501320303712,,,,,no_pmc,
Bio-protocol-1304,http://www.ncbi.nlm.nih.gov/pubmed/31822788,https://pubmed.ncbi.nlm.nih.gov/31822788/,31822788,PMC7031253,10.1038/s41396-019-0565-y,low_conf,
Bio-protocol-1307,http://www.ncbi.nlm.nih.gov/pubmed/32229530,https://pubmed.ncbi.nlm.nih.gov/32229530/,32229530,PMC7253610,10.1128/JB.00762-19,low_conf,
Bio-protocol-1305,http://www.ncbi.nlm.nih.gov/pubmed/32066984,https://pubmed.ncbi.nlm.nih.gov/32066984/,32066984,,,error,Identifier not found in PMC
Bio-protocol-1306,http://www.ncbi.nlm.nih.gov/pubmed/32109948,https://pubmed.ncbi.nlm.nih.gov/32109948/,32109948,PMC7065821,10.1371/journal.ppat.1008380,low_conf,
Bio-protocol-1308,https://www.jneurosci.org/content/39/50/9967.long,,,,,no_pmc,
Bio-protocol-1309,https://advances.sciencemag.org/content/6/13/eaay1601,,,,,no_pmc,
Bio-protocol-1310,https://elifesciences.org/articles/49769,,,,,no_pmc,
Bio-protocol-1311,http://www.ncbi.nlm.nih.gov/pubmed/32069329,https://pubmed.ncbi.nlm.nih.gov/32069329/,32069329,PMC7048311,10.1371/journal.ppat.1008312,low_conf,
Bio-protocol-1314,https://www.eneuro.org/content/6/2/ENEURO.0437-18.2019,,,,,no_pmc,
Bio-protocol-1312,http://www.ncbi.nlm.nih.gov/pubmed/32432390,https://pubmed.ncbi.nlm.nih.gov/32432390/,32432390,PMC7294788,10.1111/acel.13160,low_conf,
Bio-protocol-1313,http://www.ncbi.nlm.nih.gov/pubmed/30182054,https://pubmed.ncbi.nlm.nih.gov/30182054/,30182054,PMC6117327,10.1038/s41523-018-0080-8,low_conf,
Bio-protocol-1316,https://elifesciences.org/articles/32920,,,,,no_pmc,
Bio-protocol-1317,https://elifesciences.org/articles/50155,,,,,no_pmc,
Bio-protocol-1319,http://www.ncbi.nlm.nih.gov/pubmed/31765993,https://pubmed.ncbi.nlm.nih.gov/31765993/,31765993,PMC6881698,10.1016/j.isci.2019.11.012,low_conf,
Bio-protocol-1318,http://www.ncbi.nlm.nih.gov/pubmed/30787338,https://pubmed.ncbi.nlm.nih.gov/30787338/,30787338,PMC6382887,10.1038/s41598-019-38925-9,low_conf,
Bio-protocol-1320,https://elifesciences.org/articles/51162,,,,,no_pmc,
Bio-protocol-1323,https://elifesciences.org/articles/30510,,,,,no_pmc,
Bio-protocol-1322,https://elifesciences.org/articles/31347,,,,,no_pmc,
Bio-protocol-1324,http://www.ncbi.nlm.nih.gov/pubmed/32179778,https://pubmed.ncbi.nlm.nih.gov/32179778/,32179778,PMC7075891,10.1038/s41598-020-61655-2,low_conf,
Bio-protocol-1327,https://pubmed.ncbi.nlm.nih.gov/32276051/,https://pubmed.ncbi.nlm.nih.gov/32276051/,32276051,PMC7144851,10.1016/j.jmoldx.2020.03.006,low_conf,
Bio-protocol-1326,http://www.ncbi.nlm.nih.gov/pubmed/31911486,https://pubmed.ncbi.nlm.nih.gov/31911486/,31911486,PMC6946797,10.1128/mBio.02079-19,low_conf,
Bio-protocol-1325,https://elifesciences.org/articles/45789,,,,,no_pmc,
Bio-protocol-1328,http://www.ncbi.nlm.nih.gov/pubmed/31961865,https://pubmed.ncbi.nlm.nih.gov/31961865/,31961865,PMC6994163,10.1371/journal.pgen.1008582,low_conf,
Bio-protocol-1330,http://www.ncbi.nlm.nih.gov/pubmed/29337868,https://pubmed.ncbi.nlm.nih.gov/29337868/,29337868,PMC5795452,10.3390/v10010039,low_conf,
Bio-protocol-1329,http://www.ncbi.nlm.nih.gov/pubmed/28739644,https://pubmed.ncbi.nlm.nih.gov/28739644/,28739644,PMC5590498,10.1105/tpc.16.00972,low_conf,
Bio-protocol-1331,https://www.biorxiv.org/content/10.1101/828293v2,,,,,no_pmc,
Bio-protocol-1333,http://www.ncbi.nlm.nih.gov/pubmed/31811174,https://pubmed.ncbi.nlm.nih.gov/31811174/,31811174,PMC6898680,10.1038/s41598-019-54366-w,low_conf,
Bio-protocol-1332,https://onlinelibrary.wiley.com/doi/abs/10.1111/pbi.13327,,,,,no_pmc,
Bio-protocol-1337,http://www.ncbi.nlm.nih.gov/pubmed/30537020,https://pubmed.ncbi.nlm.nih.gov/30537020/,30537020,PMC6519375,10.1111/tra.12629,low_conf,
Bio-protocol-1335,http://www.ncbi.nlm.nih.gov/pubmed/32444691,https://pubmed.ncbi.nlm.nih.gov/32444691/,32444691,PMC7244574,10.1038/s41467-020-16390-7,low_conf,
Bio-protocol-1336,https://www.frontiersin.org/articles/10.3389/fpls.2020.00605/full,,,,,no_pmc,
Bio-protocol-1334,http://www.ncbi.nlm.nih.gov/pubmed/31286302,https://pubmed.ncbi.nlm.nih.gov/31286302/,31286302,,,error,Identifier not found in PMC
Bio-protocol-1339,https://elifesciences.org/articles/49493,,,,,no_pmc,
Bio-protocol-1340,http://www.ncbi.nlm.nih.gov/pubmed/31996904,https://pubmed.ncbi.nlm.nih.gov/31996904/,31996904,PMC7144985,10.1093/nar/gkaa046,low_conf,
Bio-protocol-1342,https://pubmed.ncbi.nlm.nih.gov/32668983/,https://pubmed.ncbi.nlm.nih.gov/32668983/,32668983,PMC7385438,10.1177/1535370220941819,low_conf,
Bio-protocol-1343,https://elifesciences.org/articles/47789,,,,,no_pmc,
Bio-protocol-1338,https://elifesciences.org/articles/35753,,,,,no_pmc,
Bio-protocol-1346,https://elifesciences.org/articles/50988,,,,,no_pmc,
Bio-protocol-1345,https://doi.org/10.1007/s00572-020-00979-3,,,,,no_pmc,
Bio-protocol-1347,https://www.nature.com/articles/s41598-017-16614-9,,,,,no_pmc,
Bio-protocol-1348,https://science.sciencemag.org/content/367/6481/1003.long,,,,,no_pmc,
Bio-protocol-1349,https://pubmed.ncbi.nlm.nih.gov/33284858/,https://pubmed.ncbi.nlm.nih.gov/33284858/,33284858,PMC7721168,10.1371/journal.pone.0243620,low_conf,
Bio-protocol-1350,http://www.ncbi.nlm.nih.gov/pubmed/26990404,https://pubmed.ncbi.nlm.nih.gov/26990404/,26990404,,,error,Identifier not found in PMC
Bio-protocol-1351,https://elifesciences.org/articles/51998,,,,,no_pmc,
Bio-protocol-1352,http://www.ncbi.nlm.nih.gov/pubmed/31357597,https://pubmed.ncbi.nlm.nih.gov/31357597/,31357597,PMC6696277,10.3390/ijms20153682,low_conf,
Bio-protocol-1353,https://rupress.org/jcb/article-lookup/doi/10.1083/jcb.201812133,,,,,no_pmc,
Bio-protocol-1355,https://pubmed.ncbi.nlm.nih.gov/35706385/,https://pubmed.ncbi.nlm.nih.gov/35706385/,35706385,PMC9543026,10.1111/nph.18313,low_conf,
Bio-protocol-1356,http://www.ncbi.nlm.nih.gov/pubmed/29374777,https://pubmed.ncbi.nlm.nih.gov/29374777/,29374777,PMC6132922,10.1007/s00535-018-1437-3,low_conf,
Bio-protocol-1357,http://www.ncbi.nlm.nih.gov/pubmed/31901519,https://pubmed.ncbi.nlm.nih.gov/31901519/,31901519,PMC7155939,10.1016/j.chom.2019.12.002,low_conf,
Bio-protocol-1354,http://www.ncbi.nlm.nih.gov/pubmed/32034128,https://pubmed.ncbi.nlm.nih.gov/32034128/,32034128,PMC7005839,10.1038/s41467-020-14458-y,low_conf,
Bio-protocol-1359,http://www.ncbi.nlm.nih.gov/pubmed/31256989,https://pubmed.ncbi.nlm.nih.gov/31256989/,31256989,PMC6688959,10.1016/j.molcel.2019.05.028,low_conf,
Bio-protocol-1358,http://www.ncbi.nlm.nih.gov/pubmed/28874729,https://pubmed.ncbi.nlm.nih.gov/28874729/,28874729,PMC5585204,10.1038/s41467-017-00400-2,low_conf,
Bio-protocol-1360,http://www.ncbi.nlm.nih.gov/pubmed/29599704,https://pubmed.ncbi.nlm.nih.gov/29599704/,29599704,PMC5862867,10.3389/fnins.2018.00164,low_conf,
Bio-protocol-1361,https://elifesciences.org/articles/51162,,,,,no_pmc,
Bio-protocol-1362,http://doi.org/10.1038/s41378-019-0109-7,,,,,no_pmc,
Bio-protocol-1363,https://elifesciences.org/articles/45919,,,,,no_pmc,
Bio-protocol-1364,https://doi.org/10.7554/eLife.42271.001,,,,,no_pmc,
Bio-protocol-1365,http://www.ncbi.nlm.nih.gov/pubmed/31897791,https://pubmed.ncbi.nlm.nih.gov/31897791/,31897791,,,error,Identifier not found in PMC
Bio-protocol-1366,http://www.ncbi.nlm.nih.gov/pubmed/31760589,https://pubmed.ncbi.nlm.nih.gov/31760589/,31760589,,,error,Identifier not found in PMC
Bio-protocol-1367,http://doi.org/10.1002/adbi.201900203,,,,,no_pmc,
Bio-protocol-1369,http://www.ncbi.nlm.nih.gov/pubmed/31896049,https://pubmed.ncbi.nlm.nih.gov/31896049/,31896049,,,error,Identifier not found in PMC
Bio-protocol-1368,https://elifesciences.org/articles/50356,,,,,no_pmc,
Bio-protocol-1371,http://www.ncbi.nlm.nih.gov/pubmed/31034889,https://pubmed.ncbi.nlm.nih.gov/31034889/,31034889,PMC6554060,10.1016/j.jmb.2019.04.026,low_conf,
Bio-protocol-1370,http://www.ncbi.nlm.nih.gov/pubmed/29069590,https://pubmed.ncbi.nlm.nih.gov/29069590/,29069590,PMC6051424,10.1016/j.celrep.2017.10.011,low_conf,
Bio-protocol-1373,http://www.ncbi.nlm.nih.gov/pubmed/32198392,https://pubmed.ncbi.nlm.nih.gov/32198392/,32198392,PMC7083845,10.1038/s41467-020-14992-9,low_conf,
Bio-protocol-1377,http://www.ncbi.nlm.nih.gov/pubmed/28698551,https://pubmed.ncbi.nlm.nih.gov/28698551/,28698551,PMC5506065,10.1038/s41598-017-04916-x,low_conf,
Bio-protocol-1372,http://www.ncbi.nlm.nih.gov/pubmed/31752022,https://pubmed.ncbi.nlm.nih.gov/31752022/,31752022,PMC6954424,10.1093/nar/gkz1086,low_conf,
Bio-protocol-1379,https://www.jneurosci.org/content/38/45/9635.long,,,,,no_pmc,
Bio-protocol-1374,http://pubmed.ncbi.nlm.nih.gov/32252626/,https://pubmed.ncbi.nlm.nih.gov/32252626/,32252626,PMC7132871,10.1186/s12864-020-6565-5,low_conf,
Bio-protocol-1375,https://www.jbc.org/content/294/20/8296.long,,,,,no_pmc,
Bio-protocol-1378,https://elifesciences.org/articles/43101,,,,,no_pmc,
Bio-protocol-1380,http://www.ncbi.nlm.nih.gov/pubmed/30509210,https://pubmed.ncbi.nlm.nih.gov/30509210/,30509210,PMC6278034,10.1186/s12882-018-1155-3,low_conf,
Bio-protocol-1376,http://www.ncbi.nlm.nih.gov/pubmed/31668852,https://pubmed.ncbi.nlm.nih.gov/31668852/,31668852,PMC6895695,10.1016/j.stemcr.2019.09.011,low_conf,
Bio-protocol-1382,https://elifesciences.org/articles/51452,,,,,no_pmc,
Bio-protocol-1383,https://elifesciences.org/articles/51662,,,,,no_pmc,
Bio-protocol-1385,https://www.eneuro.org/content/6/4/ENEURO.0148-19.2019.long,,,,,no_pmc,
Bio-protocol-1384,https://onlinelibrary.wiley.com/doi/full/10.1002/pld3.231,,,,,no_pmc,
Bio-protocol-1387,https://elifesciences.org/articles/44182,,,,,no_pmc,
Bio-protocol-1386,https://elifesciences.org/articles/42498,,,,,no_pmc,
Bio-protocol-1388,https://elifesciences.org/articles/45829,,,,,no_pmc,
Bio-protocol-1390,https://elifesciences.org/articles/47163,,,,,no_pmc,
Bio-protocol-1389,http://www.ncbi.nlm.nih.gov/pubmed/31340143,https://pubmed.ncbi.nlm.nih.gov/31340143/,31340143,PMC6684276,10.1016/j.celrep.2019.06.078,low_conf,
Bio-protocol-1391,https://apsjournals.apsnet.org/doi/full/10.1094/PDIS-06-16-0939-PDN,,,,,no_pmc,
Bio-protocol-1392,http://www.ncbi.nlm.nih.gov/pubmed/31659337,https://pubmed.ncbi.nlm.nih.gov/31659337/,31659337,PMC6831514,10.1038/s41587-019-0267-z,low_conf,
Bio-protocol-1393,https://rupress.org/jcb/article/218/6/1810/61830/Retargeting-of-macroH2A-following-mitosis-to,,,,,no_pmc,
Bio-protocol-1394,http://www.ncbi.nlm.nih.gov/pubmed/31875551,https://pubmed.ncbi.nlm.nih.gov/31875551/,31875551,,,error,Identifier not found in PMC
Bio-protocol-1396,http://www.ncbi.nlm.nih.gov/pubmed/29257964,https://pubmed.ncbi.nlm.nih.gov/29257964/,29257964,,,error,Identifier not found in PMC
Bio-protocol-1395,http://www.ncbi.nlm.nih.gov/pubmed/32117077,https://pubmed.ncbi.nlm.nih.gov/32117077/,32117077,PMC7012810,10.3389/fmicb.2019.03077,low_conf,
Bio-protocol-1397,http://www.ncbi.nlm.nih.gov/pubmed/31180644,https://pubmed.ncbi.nlm.nih.gov/31180644/,31180644,PMC7547854,10.1021/jacs.9b04858,low_conf,
Bio-protocol-1398,http://www.ncbi.nlm.nih.gov/pubmed/31896744,https://pubmed.ncbi.nlm.nih.gov/31896744/,31896744,PMC6940367,10.1038/s41467-019-13877-w,low_conf,
Bio-protocol-1399,https://rupress.org/jcb/article/218/5/1602/120916/Visualization-of-secretory-cargo-transport-within,,,,,no_pmc,
Bio-protocol-1401,http://www.ncbi.nlm.nih.gov/pubmed/31719181,https://pubmed.ncbi.nlm.nih.gov/31719181/,31719181,PMC6851284,10.1128/mBio.02503-19,low_conf,
Bio-protocol-1402,https://www.jbc.org/content/294/42/15446.long,,,,,no_pmc,
Bio-protocol-1400,http://www.ncbi.nlm.nih.gov/pubmed/30759217,https://pubmed.ncbi.nlm.nih.gov/30759217/,30759217,,,error,Identifier not found in PMC
Bio-protocol-1408,https://www.jbc.org/content/294/18/7377.long,,,,,no_pmc,
Bio-protocol-1405,http://www.ncbi.nlm.nih.gov/pubmed/30052582,https://pubmed.ncbi.nlm.nih.gov/30052582/,30052582,,,error,Identifier not found in PMC
Bio-protocol-1404,https://www.jbc.org/content/293/21/8048.long,,,,,no_pmc,
Bio-protocol-1407,https://stm.sciencemag.org/content/12/524/eaax6601,,,,,no_pmc,
Bio-protocol-1406,http://www.ncbi.nlm.nih.gov/pubmed/29677512,https://pubmed.ncbi.nlm.nih.gov/29677512/,29677512,PMC5911940,10.1016/j.cell.2018.03.002,low_conf,
Bio-protocol-1409,https://elifesciences.org/articles/43362,,,,,no_pmc,
Bio-protocol-1412,https://elifesciences.org/articles/53038,,,,,no_pmc,
Bio-protocol-1413,https://www.jneurosci.org/content/39/48/9623.long,,,,,no_pmc,
Bio-protocol-1414,https://elifesciences.org/articles/49910,,,,,no_pmc,
Bio-protocol-1415,http://www.ncbi.nlm.nih.gov/pubmed/31693704,https://pubmed.ncbi.nlm.nih.gov/31693704/,31693704,PMC6834254,10.1371/journal.ppat.1008096,low_conf,
Bio-protocol-1417,https://elifesciences.org/articles/50155,,,,,no_pmc,
Bio-protocol-1416,https://advances.sciencemag.org/content/5/10/eaax2518,,,,,no_pmc,
Bio-protocol-1418,https://elifesciences.org/articles/48246,,,,,no_pmc,
Bio-protocol-1420,http://www.ncbi.nlm.nih.gov/pubmed/25797786,https://pubmed.ncbi.nlm.nih.gov/25797786/,25797786,,,error,Identifier not found in PMC
Bio-protocol-1419,http://www.ncbi.nlm.nih.gov/pubmed/31704960,https://pubmed.ncbi.nlm.nih.gov/31704960/,31704960,PMC6841939,10.1038/s41598-019-52592-w,low_conf,
Bio-protocol-1421,http://www.ncbi.nlm.nih.gov/pubmed/31243979,https://pubmed.ncbi.nlm.nih.gov/31243979/,31243979,,,error,Identifier not found in PMC
Bio-protocol-1422,http://www.ncbi.nlm.nih.gov/pubmed/31703116,https://pubmed.ncbi.nlm.nih.gov/31703116/,31703116,PMC6867657,10.1371/journal.ppat.1008014,low_conf,
Bio-protocol-1423,http://www.ncbi.nlm.nih.gov/pubmed/29897819,https://pubmed.ncbi.nlm.nih.gov/29897819/,29897819,PMC6172631,10.1152/ajpregu.00433.2017,low_conf,
Bio-protocol-1425,https://elifesciences.org/articles/47544,,,,,no_pmc,
Bio-protocol-1424,http://www.ncbi.nlm.nih.gov/pubmed/31774722,https://pubmed.ncbi.nlm.nih.gov/31774722/,31774722,PMC7202069,10.1091/mbc.E19-07-0375,low_conf,
Bio-protocol-1428,http://www.ncbi.nlm.nih.gov/pubmed/30814331,https://pubmed.ncbi.nlm.nih.gov/30814331/,30814331,,,error,Identifier not found in PMC
Bio-protocol-1426,http://www.ncbi.nlm.nih.gov/pubmed/28855332,https://pubmed.ncbi.nlm.nih.gov/28855332/,28855332,PMC5635975,10.1105/tpc.17.00070,low_conf,
Bio-protocol-1427,http://www.ncbi.nlm.nih.gov/pubmed/31469412,https://pubmed.ncbi.nlm.nih.gov/31469412/,31469412,,,error,Identifier not found in PMC
Bio-protocol-1430,http://www.ncbi.nlm.nih.gov/pubmed/30799487,https://pubmed.ncbi.nlm.nih.gov/30799487/,30799487,PMC6486545,10.1093/nar/gkz076,low_conf,
Bio-protocol-1429,https://elifesciences.org/articles/49673,,,,,no_pmc,
Bio-protocol-1432,https://www.jneurosci.org/content/40/9/1849.long,,,,,no_pmc,
Bio-protocol-1434,http://www.ncbi.nlm.nih.gov/pubmed/31297523,https://pubmed.ncbi.nlm.nih.gov/31297523/,31297523,PMC7212264,10.1093/protein/gzz013,low_conf,
Bio-protocol-1433,https://pubmed.ncbi.nlm.nih.gov/33168944/,https://pubmed.ncbi.nlm.nih.gov/33168944/,33168944,PMC7653931,10.1038/s41598-020-76383-w,low_conf,
Bio-protocol-1435,https://advances.sciencemag.org/content/6/27/eaba5031,,,,,no_pmc,
Bio-protocol-1437,http://www.ncbi.nlm.nih.gov/pubmed/31619390,https://pubmed.ncbi.nlm.nih.gov/31619390/,31619390,PMC6918744,10.1242/dev.181206,low_conf,
Bio-protocol-1436,http://www.ncbi.nlm.nih.gov/pubmed/31924826,https://pubmed.ncbi.nlm.nih.gov/31924826/,31924826,PMC6954254,10.1038/s41598-019-56874-1,low_conf,
Bio-protocol-1439,https://advances.sciencemag.org/content/5/7/eaaw3808,,,,,no_pmc,
Bio-protocol-1438,https://doi.org/10.1038/s42255-019-0083-2,,,,,no_pmc,
Bio-protocol-1441,http://www.ncbi.nlm.nih.gov/pubmed/31034889,https://pubmed.ncbi.nlm.nih.gov/31034889/,31034889,PMC6554060,10.1016/j.jmb.2019.04.026,low_conf,
Bio-protocol-1442,http://www.ncbi.nlm.nih.gov/pubmed/31672133,https://pubmed.ncbi.nlm.nih.gov/31672133/,31672133,PMC6824042,10.1186/s12915-019-0701-1,low_conf,
Bio-protocol-1444,http://www.ncbi.nlm.nih.gov/pubmed/31671153,https://pubmed.ncbi.nlm.nih.gov/31671153/,31671153,PMC6957189,10.1371/journal.ppat.1008057,low_conf,
Bio-protocol-1443,http://www.ncbi.nlm.nih.gov/pubmed/30346720,https://pubmed.ncbi.nlm.nih.gov/30346720/,30346720,,,error,Identifier not found in PMC
Bio-protocol-1445,https://elifesciences.org/articles/47097,,,,,no_pmc,
Bio-protocol-1446,https://www.ncbi.nlm.nih.gov/pubmed/27318094,https://pubmed.ncbi.nlm.nih.gov/27318094/,27318094,PMC4921206,10.1016/j.biomaterials.2016.06.018,low_conf,
Bio-protocol-1447,http://www.ncbi.nlm.nih.gov/pubmed/31552740,https://pubmed.ncbi.nlm.nih.gov/31552740/,31552740,PMC7265822,10.1021/acs.nanolett.9b02266,low_conf,
Bio-protocol-1448,http://www.ncbi.nlm.nih.gov/pubmed/27183102,https://pubmed.ncbi.nlm.nih.gov/27183102/,27183102,PMC4868260,10.1371/journal.pone.0155468,low_conf,
Bio-protocol-1451,http://www.ncbi.nlm.nih.gov/pubmed/28947490,https://pubmed.ncbi.nlm.nih.gov/28947490/,28947490,PMC5774577,10.1105/tpc.17.00370,low_conf,
Bio-protocol-1450,http://www.ncbi.nlm.nih.gov/pubmed/30911123,https://pubmed.ncbi.nlm.nih.gov/30911123/,30911123,,,error,Identifier not found in PMC
Bio-protocol-1449,https://elifesciences.org/articles/24179,,,,,no_pmc,
Bio-protocol-1452,http://www.ncbi.nlm.nih.gov/pubmed/23554910,https://pubmed.ncbi.nlm.nih.gov/23554910/,23554910,PMC3595279,10.1371/journal.pone.0058645,low_conf,
Bio-protocol-1453,https://www.jbc.org/content/294/42/15446.long,,,,,no_pmc,
Bio-protocol-1456,http://www.ncbi.nlm.nih.gov/pubmed/30578305,https://pubmed.ncbi.nlm.nih.gov/30578305/,30578305,PMC6344284,10.4049/jimmunol.1801027,low_conf,
Bio-protocol-1454,https://stm.sciencemag.org/content/12/534/eaaw8275,,,,,no_pmc,
Bio-protocol-1455,https://elifesciences.org/articles/47713,,,,,no_pmc,
Bio-protocol-1457,https://www.jneurosci.org/content/39/8/1386.long,,,,,no_pmc,
Bio-protocol-1458,https://rupress.org/jcb/article/218/9/2945/120956/Chromatin-targeting-of-nuclear-pore-proteins,,,,,no_pmc,
Bio-protocol-1459,https://link.springer.com/article/10.1007/s10337-019-03824-8,,,,,no_pmc,
Bio-protocol-1460,http://www.ncbi.nlm.nih.gov/pubmed/30681145,https://pubmed.ncbi.nlm.nih.gov/30681145/,30681145,,,error,Identifier not found in PMC
Bio-protocol-1461,http://www.ncbi.nlm.nih.gov/pubmed/31344124,https://pubmed.ncbi.nlm.nih.gov/31344124/,31344124,PMC6657916,10.1371/journal.ppat.1007907,low_conf,
Bio-protocol-1463,https://elifesciences.org/articles/47951,,,,,no_pmc,
Bio-protocol-1464,https://www.jbc.org/content/293/22/8315.long,,,,,no_pmc,
Bio-protocol-1462,https://elifesciences.org/articles/40499,,,,,no_pmc,
Bio-protocol-1466,https://elifesciences.org/articles/51546,,,,,no_pmc,
Bio-protocol-1465,https://elifesciences.org/articles/37122,,,,,no_pmc,
Bio-protocol-1468,http://www.ncbi.nlm.nih.gov/pubmed/28219886,https://pubmed.ncbi.nlm.nih.gov/28219886/,28219886,PMC5360484,10.4049/jimmunol.1601565,low_conf,
Bio-protocol-1470,http://www.ncbi.nlm.nih.gov/pubmed/31299058,https://pubmed.ncbi.nlm.nih.gov/31299058/,31299058,PMC6625732,10.1371/journal.ppat.1007747,low_conf,
Bio-protocol-1467,http://www.ncbi.nlm.nih.gov/pubmed/31492942,https://pubmed.ncbi.nlm.nih.gov/31492942/,31492942,,,error,Identifier not found in PMC
Bio-protocol-1469,https://www.jbc.org/content/293/41/15827.long,,,,,no_pmc,
Bio-protocol-1471,http://www.ncbi.nlm.nih.gov/pubmed/31055883,https://pubmed.ncbi.nlm.nih.gov/31055883/,31055883,PMC6801137,10.1111/1751-7915.13425,low_conf,
Bio-protocol-1472,http://www.ncbi.nlm.nih.gov/pubmed/31673013,https://pubmed.ncbi.nlm.nih.gov/31673013/,31673013,PMC6823349,10.1038/s41598-019-52035-6,low_conf,
Bio-protocol-1473,https://www.jbc.org/content/293/24/9435.long,,,,,no_pmc,
Bio-protocol-1474,https://www.jbc.org/content/293/22/8394.long,,,,,no_pmc,
Bio-protocol-1477,https://rupress.org/jcb/article/219/1/e201907026/132617/Nanoscopy-reveals-the-layered-organization-of-the,,,,,no_pmc,
Bio-protocol-1478,https://www.biorxiv.org/content/10.1101/414706v2,,,,,no_pmc,
Bio-protocol-1475,https://www.jbc.org/content/294/13/5146.long,,,,,no_pmc,
Bio-protocol-1476,https://elifesciences.org/articles/34961,,,,,no_pmc,
Bio-protocol-1480,http://www.ncbi.nlm.nih.gov/pubmed/29779943,https://pubmed.ncbi.nlm.nih.gov/29779943/,29779943,,,error,Identifier not found in PMC
Bio-protocol-1482,https://elifesciences.org/articles/46096,,,,,no_pmc,
Bio-protocol-1483,https://elifesciences.org/articles/48725,,,,,no_pmc,
Bio-protocol-1479,http://www.ncbi.nlm.nih.gov/pubmed/30113884,https://pubmed.ncbi.nlm.nih.gov/30113884/,30113884,PMC6254581,10.1091/mbc.E18-04-0213,low_conf,
Bio-protocol-1484,http://www.ncbi.nlm.nih.gov/pubmed/31148576,https://pubmed.ncbi.nlm.nih.gov/31148576/,31148576,PMC6544628,10.1038/s41598-019-44542-3,low_conf,
Bio-protocol-1485,http://www.ncbi.nlm.nih.gov/pubmed/31358763,https://pubmed.ncbi.nlm.nih.gov/31358763/,31358763,PMC6662845,10.1038/s41467-019-11356-w,low_conf,
Bio-protocol-1486,https://elifesciences.org/articles/44491,,,,,no_pmc,
Bio-protocol-1487,http://www.ncbi.nlm.nih.gov/pubmed/29898965,https://pubmed.ncbi.nlm.nih.gov/29898965/,29898965,PMC6894186,10.4049/jimmunol.1700811,low_conf,
Bio-protocol-1488,https://advances.sciencemag.org/content/5/6/eaaw0807,,,,,no_pmc,
Bio-protocol-1490,https://www.jbc.org/content/294/10/3514.long,,,,,no_pmc,
Bio-protocol-1489,https://pubmed.ncbi.nlm.nih.gov/31862838/,https://pubmed.ncbi.nlm.nih.gov/31862838/,31862838,PMC7054880,10.1104/pp.19.01136,low_conf,
Bio-protocol-1491,https://elifesciences.org/articles/50990,,,,,no_pmc,
Bio-protocol-1492,http://www.ncbi.nlm.nih.gov/pubmed/30531872,https://pubmed.ncbi.nlm.nih.gov/30531872/,30531872,,,error,Identifier not found in PMC
Bio-protocol-1493,http://www.ncbi.nlm.nih.gov/pubmed/28755004,https://pubmed.ncbi.nlm.nih.gov/28755004/,28755004,PMC5533706,10.1038/s41598-017-07268-8,low_conf,
Bio-protocol-1496,http://www.ncbi.nlm.nih.gov/pubmed/31454225,https://pubmed.ncbi.nlm.nih.gov/31454225/,31454225,,,error,Identifier not found in PMC
Bio-protocol-1494,http://www.ncbi.nlm.nih.gov/pubmed/30072880,https://pubmed.ncbi.nlm.nih.gov/30072880/,30072880,PMC6060231,10.3389/fnbeh.2018.00142,low_conf,
Bio-protocol-1495,http://www.ncbi.nlm.nih.gov/pubmed/31601878,https://pubmed.ncbi.nlm.nih.gov/31601878/,31601878,PMC6787204,10.1038/s41598-019-51092-1,low_conf,
Bio-protocol-1497,https://www.mdpi.com/1999-4907/10/1/55,,,,,no_pmc,
Bio-protocol-1498,http://www.ncbi.nlm.nih.gov/pubmed/30736736,https://pubmed.ncbi.nlm.nih.gov/30736736/,30736736,PMC6368773,10.1186/s12866-019-1404-z,low_conf,
Bio-protocol-1500,https://elifesciences.org/articles/24071,,,,,no_pmc,
Bio-protocol-1501,https://immunology.sciencemag.org/content/4/37/eaaw6693.long,,,,,no_pmc,
Bio-protocol-1504,https://www.jbc.org/content/293/21/8032.long,,,,,no_pmc,
Bio-protocol-1502,https://advances.sciencemag.org/content/5/7/eaav3270,,,,,no_pmc,
Bio-protocol-1503,http://www.ncbi.nlm.nih.gov/pubmed/31056286,https://pubmed.ncbi.nlm.nih.gov/31056286/,31056286,,,error,Identifier not found in PMC
Bio-protocol-1508,https://elifesciences.org/articles/50033,,,,,no_pmc,
Bio-protocol-1506,https://elifesciences.org/articles/43630,,,,,no_pmc,
Bio-protocol-1505,https://www.jbc.org/content/294/49/18898.long,,,,,no_pmc,
Bio-protocol-1509,http://www.ncbi.nlm.nih.gov/pubmed/31340764,https://pubmed.ncbi.nlm.nih.gov/31340764/,31340764,PMC6657097,10.1186/s12864-019-5963-z,low_conf,
Bio-protocol-1510,https://elifesciences.org/articles/17834,,,,,no_pmc,
Bio-protocol-1511,http://www.ncbi.nlm.nih.gov/pubmed/30567843,https://pubmed.ncbi.nlm.nih.gov/30567843/,30567843,PMC6425751,10.1158/2159-8290.CD-18-1005,low_conf,
Bio-protocol-1512,https://immunology.sciencemag.org/content/3/30/eaau4292.long,,,,,no_pmc,
Bio-protocol-1513,https://www.jbc.org/content/293/39/15163.long,,,,,no_pmc,
Bio-protocol-1514,https://www.jbc.org/content/293/39/15163.long,,,,,no_pmc,
Bio-protocol-1515,http://www.ncbi.nlm.nih.gov/pubmed/31320483,https://pubmed.ncbi.nlm.nih.gov/31320483/,31320483,PMC6751121,10.1105/tpc.19.00155,low_conf,
Bio-protocol-1516,http://www.ncbi.nlm.nih.gov/pubmed/31700063,https://pubmed.ncbi.nlm.nih.gov/31700063/,31700063,PMC6838314,10.1038/s41598-019-52543-5,low_conf,
Bio-protocol-1517,https://elifesciences.org/articles/39823,,,,,no_pmc,
Bio-protocol-1518,https://elifesciences.org/articles/06328,,,,,no_pmc,
Bio-protocol-1520,https://elifesciences.org/articles/42834,,,,,no_pmc,
Bio-protocol-1524,http://www.ncbi.nlm.nih.gov/pubmed/30962293,https://pubmed.ncbi.nlm.nih.gov/30962293/,30962293,PMC6504583,10.4049/jimmunol.1801577,low_conf,
Bio-protocol-1522,https://rupress.org/jcb/article-lookup/doi/10.1083/jcb.201806111,,,,,no_pmc,
Bio-protocol-1523,http://www.ncbi.nlm.nih.gov/pubmed/31031116,https://pubmed.ncbi.nlm.nih.gov/31031116/,31031116,PMC6509404,10.1016/j.cub.2019.04.010,low_conf,
Bio-protocol-1526,http://www.ncbi.nlm.nih.gov/pubmed/29018118,https://pubmed.ncbi.nlm.nih.gov/29018118/,29018118,PMC5635688,10.1128/mBio.01234-17,low_conf,
Bio-protocol-1525,http://www.ncbi.nlm.nih.gov/pubmed/31315991,https://pubmed.ncbi.nlm.nih.gov/31315991/,31315991,PMC6744241,10.1128/JVI.00612-19,low_conf,
Bio-protocol-1528,http://www.ncbi.nlm.nih.gov/pubmed/30986047,https://pubmed.ncbi.nlm.nih.gov/30986047/,30986047,,,error,Identifier not found in PMC
Bio-protocol-1530,http://www.ncbi.nlm.nih.gov/pubmed/31231025,https://pubmed.ncbi.nlm.nih.gov/31231025/,31231025,PMC6626887,10.1016/j.stemcr.2019.05.025,low_conf,
Bio-protocol-1531,http://www.ncbi.nlm.nih.gov/pubmed/31197318,https://pubmed.ncbi.nlm.nih.gov/31197318/,31197318,,,error,Identifier not found in PMC
Bio-protocol-1529,http://www.ncbi.nlm.nih.gov/pubmed/30833793,https://pubmed.ncbi.nlm.nih.gov/30833793/,30833793,,,error,Identifier not found in PMC
Bio-protocol-1534,https://elifesciences.org/articles/48469,,,,,no_pmc,
Bio-protocol-1533,http://www.ncbi.nlm.nih.gov/pubmed/29487860,https://pubmed.ncbi.nlm.nih.gov/29487860/,29487860,PMC5826701,10.15698/mic2018.03.619,low_conf,
Bio-protocol-1532,http://www.ncbi.nlm.nih.gov/pubmed/31570616,https://pubmed.ncbi.nlm.nih.gov/31570616/,31570616,PMC6800369,10.1073/pnas.1906722116,low_conf,
Bio-protocol-1537,http://www.ncbi.nlm.nih.gov/pubmed/31653829,https://pubmed.ncbi.nlm.nih.gov/31653829/,31653829,PMC6814767,10.1038/s41467-019-12740-2,low_conf,
Bio-protocol-1535,http://www.ncbi.nlm.nih.gov/pubmed/31235796,https://pubmed.ncbi.nlm.nih.gov/31235796/,31235796,PMC6591319,10.1038/s41467-019-10696-x,low_conf,
Bio-protocol-1536,http://www.ncbi.nlm.nih.gov/pubmed/27226355,https://pubmed.ncbi.nlm.nih.gov/27226355/,27226355,PMC4894971,10.1038/ncomms11725,low_conf,
Bio-protocol-1541,http://www.ncbi.nlm.nih.gov/pubmed/30794439,https://pubmed.ncbi.nlm.nih.gov/30794439/,30794439,PMC6463917,10.1096/fj.201801682R,low_conf,
Bio-protocol-1539,http://www.ncbi.nlm.nih.gov/pubmed/31085641,https://pubmed.ncbi.nlm.nih.gov/31085641/,31085641,PMC6561219,10.1073/pnas.1902840116,low_conf,
Bio-protocol-1543,http://www.ncbi.nlm.nih.gov/pubmed/30220500,https://pubmed.ncbi.nlm.nih.gov/30220500/,30220500,,,error,Identifier not found in PMC
Bio-protocol-1538,https://www.jbc.org/content/293/24/9148.long,,,,,no_pmc,
Bio-protocol-1540,http://www.ncbi.nlm.nih.gov/pubmed/31588847,https://pubmed.ncbi.nlm.nih.gov/31588847/,31588847,PMC6843736,10.1177/1744806919884498,low_conf,
Bio-protocol-1542,http://www.ncbi.nlm.nih.gov/pubmed/31727633,https://pubmed.ncbi.nlm.nih.gov/31727633/,31727633,PMC6945041,10.1534/g3.119.400781,low_conf,
Bio-protocol-1544,https://www.jbc.org/content/294/17/6972.long,,,,,no_pmc,
Bio-protocol-1549,http://www.ncbi.nlm.nih.gov/pubmed/31189702,https://pubmed.ncbi.nlm.nih.gov/31189702/,31189702,PMC6694817,10.1128/JVI.00599-19,low_conf,
Bio-protocol-1545,https://www.jbc.org/content/294/17/6972.long,,,,,no_pmc,
Bio-protocol-1546,http://www.ncbi.nlm.nih.gov/pubmed/30859186,https://pubmed.ncbi.nlm.nih.gov/30859186/,30859186,PMC6607969,10.1093/jb/mvz016,low_conf,
Bio-protocol-1547,http://www.ncbi.nlm.nih.gov/pubmed/31710674,https://pubmed.ncbi.nlm.nih.gov/31710674/,31710674,PMC7346889,10.1093/ecco-jcc/jjz184,low_conf,
Bio-protocol-1548,http://www.ncbi.nlm.nih.gov/pubmed/31266877,https://pubmed.ncbi.nlm.nih.gov/31266877/,31266877,PMC6606812,10.1128/mBio.01335-19,low_conf,
Bio-protocol-1551,https://www.jbc.org/content/294/10/3476.long,,,,,no_pmc,
Bio-protocol-1550,http://www.ncbi.nlm.nih.gov/pubmed/30859186,https://pubmed.ncbi.nlm.nih.gov/30859186/,30859186,PMC6607969,10.1093/jb/mvz016,low_conf,
Bio-protocol-1552,https://www.jbc.org/content/294/18/7516.long,,,,,no_pmc,
Bio-protocol-1553,http://www.ncbi.nlm.nih.gov/pubmed/30593539,https://pubmed.ncbi.nlm.nih.gov/30593539/,30593539,,,error,Identifier not found in PMC
Bio-protocol-1554,https://elifesciences.org/articles/49062,,,,,no_pmc,
Bio-protocol-1555,https://advances.sciencemag.org/content/5/7/eaav3270,,,,,no_pmc,
Bio-protocol-1556,http://www.ncbi.nlm.nih.gov/pubmed/31228669,https://pubmed.ncbi.nlm.nih.gov/31228669/,31228669,,,error,Identifier not found in PMC
Bio-protocol-1560,https://www.jbc.org/content/293/20/7754.long,,,,,no_pmc,
Bio-protocol-1557,http://www.ncbi.nlm.nih.gov/pubmed/29247197,https://pubmed.ncbi.nlm.nih.gov/29247197/,29247197,PMC5732298,10.1038/s41598-017-17963-1,low_conf,
Bio-protocol-1559,http://www.ncbi.nlm.nih.gov/pubmed/30337601,https://pubmed.ncbi.nlm.nih.gov/30337601/,30337601,PMC6193988,10.1038/s41598-018-33921-x,low_conf,
Bio-protocol-1558,https://advances.sciencemag.org/content/5/8/eaax0064,,,,,no_pmc,
Bio-protocol-1561,https://www.jbc.org/content/294/19/7821.long,,,,,no_pmc,
Bio-protocol-1562,https://elifesciences.org/articles/50496,,,,,no_pmc,
Bio-protocol-1567,http://www.ncbi.nlm.nih.gov/pubmed/30532054,https://pubmed.ncbi.nlm.nih.gov/30532054/,30532054,PMC6286391,10.1038/s41598-018-36023-w,low_conf,
Bio-protocol-1563,http://www.ncbi.nlm.nih.gov/pubmed/29913187,https://pubmed.ncbi.nlm.nih.gov/29913187/,29913187,,,error,Identifier not found in PMC
Bio-protocol-1566,http://www.ncbi.nlm.nih.gov/pubmed/30921434,https://pubmed.ncbi.nlm.nih.gov/30921434/,30921434,PMC6456217,10.1371/journal.ppat.1007655,low_conf,
Bio-protocol-1568,http://www.ncbi.nlm.nih.gov/pubmed/31289135,https://pubmed.ncbi.nlm.nih.gov/31289135/,31289135,,,error,Identifier not found in PMC
Bio-protocol-1565,https://doi.org/10.7554/eLife.33399,,,,,no_pmc,
Bio-protocol-1570,https://elifesciences.org/articles/44591,,,,,no_pmc,
Bio-protocol-1569,http://www.ncbi.nlm.nih.gov/pubmed/30833793,https://pubmed.ncbi.nlm.nih.gov/30833793/,30833793,,,error,Identifier not found in PMC
Bio-protocol-1571,https://www.jbc.org/content/294/19/7850.long,,,,,no_pmc,
Bio-protocol-1573,https://www.jneurosci.org/content/39/35/6817,,,,,no_pmc,
Bio-protocol-1572,https://www.jneurosci.org/content/39/28/5466.long,,,,,no_pmc,
Bio-protocol-1574,http://www.ncbi.nlm.nih.gov/pubmed/19564599,https://pubmed.ncbi.nlm.nih.gov/19564599/,19564599,PMC2710682,10.1073/pnas.0900758106,low_conf,
Bio-protocol-1575,http://www.ncbi.nlm.nih.gov/pubmed/30124935,https://pubmed.ncbi.nlm.nih.gov/30124935/,30124935,PMC6519421,10.1093/jxb/ery308,low_conf,
Bio-protocol-1577,http://www.ncbi.nlm.nih.gov/pubmed/31085641,https://pubmed.ncbi.nlm.nih.gov/31085641/,31085641,PMC6561219,10.1073/pnas.1902840116,low_conf,
Bio-protocol-1581,https://www.nature.com/articles/s42255-018-0031-6,,,,,no_pmc,
Bio-protocol-1580,https://doi.org/10.7554/eLife.45221,,,,,no_pmc,
Bio-protocol-1579,http://www.ncbi.nlm.nih.gov/pubmed/32075740,https://pubmed.ncbi.nlm.nih.gov/32075740/,32075740,,,error,Identifier not found in PMC
Bio-protocol-1582,http://www.ncbi.nlm.nih.gov/pubmed/31056352,https://pubmed.ncbi.nlm.nih.gov/31056352/,31056352,PMC6602601,10.1016/j.neuron.2019.04.005,low_conf,
Bio-protocol-1584,https://pubs.acs.org/doi/10.1021/acssynbio.9b00322,,,,,no_pmc,
Bio-protocol-1583,http://www.ncbi.nlm.nih.gov/pubmed/31388008,https://pubmed.ncbi.nlm.nih.gov/31388008/,31388008,PMC6684654,10.1038/s41467-019-11503-3,low_conf,
Bio-protocol-1585,http://www.ncbi.nlm.nih.gov/pubmed/31736111,https://pubmed.ncbi.nlm.nih.gov/31736111/,31736111,PMC6912046,10.15252/embj.2019101822,low_conf,
Bio-protocol-1587,http://www.ncbi.nlm.nih.gov/pubmed/30197239,https://pubmed.ncbi.nlm.nih.gov/30197239/,30197239,PMC6203449,10.1016/j.devcel.2018.08.006,low_conf,
Bio-protocol-1586,http://www.ncbi.nlm.nih.gov/pubmed/31300470,https://pubmed.ncbi.nlm.nih.gov/31300470/,31300470,PMC6716232,10.1104/pp.19.00473,low_conf,
Bio-protocol-1588,http://www.ncbi.nlm.nih.gov/pubmed/31323074,https://pubmed.ncbi.nlm.nih.gov/31323074/,31323074,PMC6682164,10.1371/journal.ppat.1007885,low_conf,
Bio-protocol-1589,https://www.jbc.org/content/293/21/8048.long,,,,,no_pmc,
Bio-protocol-1590,https://elifesciences.org/articles/42475,,,,,no_pmc,
Bio-protocol-1591,https://doi.org/10.7554/eLife.42475,,,,,no_pmc,
Bio-protocol-1592,https://elifesciences.org/articles/43785,,,,,no_pmc,
Bio-protocol-1593,http://www.ncbi.nlm.nih.gov/pubmed/31320481,https://pubmed.ncbi.nlm.nih.gov/31320481/,31320481,PMC6751132,10.1105/tpc.19.00115,low_conf,
Bio-protocol-1594,https://www.jbc.org/content/293/22/8410.long,,,,,no_pmc,
Bio-protocol-1595,http://www.ncbi.nlm.nih.gov/pubmed/30455199,https://pubmed.ncbi.nlm.nih.gov/30455199/,30455199,PMC6346135,10.1128/IAI.00793-18,low_conf,
Bio-protocol-1597,http://www.ncbi.nlm.nih.gov/pubmed/30746760,https://pubmed.ncbi.nlm.nih.gov/30746760/,30746760,,,error,Identifier not found in PMC
Bio-protocol-1599,https://www.eneuro.org/content/6/2/ENEURO.0051-19.2019.long,,,,,no_pmc,
Bio-protocol-1596,https://pubmed.ncbi.nlm.nih.gov/31488572/,https://pubmed.ncbi.nlm.nih.gov/31488572/,31488572,PMC6836817,10.1104/pp.19.00647,low_conf,
Bio-protocol-1603,http://www.ncbi.nlm.nih.gov/pubmed/27837096,https://pubmed.ncbi.nlm.nih.gov/27837096/,27837096,,,error,Identifier not found in PMC
Bio-protocol-1598,https://www.eneuro.org/content/6/2/ENEURO.0110-18.2019.long,,,,,no_pmc,
Bio-protocol-1601,https://www.jbc.org/content/293/22/8315.long,,,,,no_pmc,
Bio-protocol-1600,http://www.ncbi.nlm.nih.gov/pubmed/30611611,https://pubmed.ncbi.nlm.nih.gov/30611611/,30611611,,,error,Identifier not found in PMC
Bio-protocol-1604,https://doi.org/10.7554/eLife.40164,,,,,no_pmc,
Bio-protocol-1602,http://www.jbc.org/cgi/pmidlookup?view=long&pmid=29632073,,,,,no_pmc,
Bio-protocol-1605,https://doi.org/10.7554/eLife.40164,,,,,no_pmc,
Bio-protocol-1606,https://www.jbc.org/content/294/52/20097.long,,,,,no_pmc,
Bio-protocol-1607,https://rupress.org/jcb/article-lookup/doi/10.1083/jcb.201809045,,,,,no_pmc,
Bio-protocol-1608,http://www.ncbi.nlm.nih.gov/pubmed/31118253,https://pubmed.ncbi.nlm.nih.gov/31118253/,31118253,PMC6639284,10.1128/JVI.00555-19,low_conf,
Bio-protocol-1611,http://www.ncbi.nlm.nih.gov/pubmed/31331983,https://pubmed.ncbi.nlm.nih.gov/31331983/,31331983,PMC6653780,10.26508/lsa.201900318,low_conf,
Bio-protocol-1609,https://elifesciences.org/articles/45829,,,,,no_pmc,
Bio-protocol-1612,http://www.ncbi.nlm.nih.gov/pubmed/31095644,https://pubmed.ncbi.nlm.nih.gov/31095644/,31095644,PMC6541287,10.1371/journal.ppat.1007789,low_conf,
Bio-protocol-1613,http://www.ncbi.nlm.nih.gov/pubmed/31081214,https://pubmed.ncbi.nlm.nih.gov/31081214/,31081214,PMC6851878,10.1111/mmi.14272,low_conf,
Bio-protocol-1615,http://www.jbc.org/content/294/9/2988.long,,,,,no_pmc,
Bio-protocol-1614,http://www.jbc.org/content/294/9/2988.long,,,,,no_pmc,
Bio-protocol-1616,http://www.jbc.org/content/293/38/14572.long,,,,,no_pmc,
Bio-protocol-1617,http://www.ncbi.nlm.nih.gov/pubmed/31300688,https://pubmed.ncbi.nlm.nih.gov/31300688/,31300688,PMC6625996,10.1038/s41598-019-46497-x,low_conf,
Bio-protocol-1618,https://elifesciences.org/articles/44707,,,,,no_pmc,
Bio-protocol-1619,http://www.ncbi.nlm.nih.gov/pubmed/31047861,https://pubmed.ncbi.nlm.nih.gov/31047861/,31047861,PMC6558028,10.1016/j.ebiom.2019.04.039,low_conf,
Bio-protocol-1620,https://elifesciences.org/articles/47549,,,,,no_pmc,
Bio-protocol-1621,http://www.ncbi.nlm.nih.gov/pubmed/31064786,https://pubmed.ncbi.nlm.nih.gov/31064786/,31064786,PMC6633204,10.1261/rna.070599.119,low_conf,
Bio-protocol-1622,http://www.ncbi.nlm.nih.gov/pubmed/26433093,https://pubmed.ncbi.nlm.nih.gov/26433093/,26433093,,,error,Identifier not found in PMC
Bio-protocol-1623,http://www.ncbi.nlm.nih.gov/pubmed/31000597,https://pubmed.ncbi.nlm.nih.gov/31000597/,31000597,PMC6511025,10.1073/pnas.1901788116,low_conf,
Bio-protocol-1627,http://www.ncbi.nlm.nih.gov/pubmed/31203189,https://pubmed.ncbi.nlm.nih.gov/31203189/,31203189,PMC6581653,10.1016/j.isci.2019.05.031,low_conf,
Bio-protocol-1624,http://www.ncbi.nlm.nih.gov/pubmed/30712511,https://pubmed.ncbi.nlm.nih.gov/30712511/,30712511,PMC6360649,10.1186/s12864-018-5371-9,low_conf,
Bio-protocol-1625,http://www.ncbi.nlm.nih.gov/pubmed/29946164,https://pubmed.ncbi.nlm.nih.gov/29946164/,29946164,,,error,Identifier not found in PMC
Bio-protocol-1626,http://www.ncbi.nlm.nih.gov/pubmed/31279063,https://pubmed.ncbi.nlm.nih.gov/31279063/,31279063,PMC6814547,10.1016/j.nano.2019.102046,low_conf,
Bio-protocol-1628,https://elifesciences.org/articles/47188,,,,,no_pmc,
Bio-protocol-1629,http://www.jbc.org/content/294/4/1202.long,,,,,no_pmc,
Bio-protocol-1631,http://www.jbc.org/content/293/24/9496.long,,,,,no_pmc,
Bio-protocol-1632,http://www.ncbi.nlm.nih.gov/pubmed/29193847,https://pubmed.ncbi.nlm.nih.gov/29193847/,29193847,,,error,Identifier not found in PMC
Bio-protocol-1630,http://www.ncbi.nlm.nih.gov/pubmed/29246232,https://pubmed.ncbi.nlm.nih.gov/29246232/,29246232,PMC5732516,10.1186/s12974-017-1028-x,low_conf,
Bio-protocol-1636,http://www.ncbi.nlm.nih.gov/pubmed/30423299,https://pubmed.ncbi.nlm.nih.gov/30423299/,30423299,PMC6239211,10.1016/j.ccell.2018.10.002,low_conf,
Bio-protocol-1633,http://www.ncbi.nlm.nih.gov/pubmed/31054773,https://pubmed.ncbi.nlm.nih.gov/31054773/,31054773,PMC6531872,10.1016/j.bpj.2019.04.007,low_conf,
Bio-protocol-1635,https://elifesciences.org/articles/26845,,,,,no_pmc,
Bio-protocol-1637,https://rupress.org/jcb/article-lookup/doi/10.1083/jcb.201804137,,,,,no_pmc,
Bio-protocol-1638,http://www.ncbi.nlm.nih.gov/pubmed/30910902,https://pubmed.ncbi.nlm.nih.gov/30910902/,30910902,PMC6535550,10.1128/AAC.02065-18,low_conf,
Bio-protocol-1640,https://rupress.org/jcb/article-lookup/doi/10.1083/jcb.201806148,,,,,no_pmc,
Bio-protocol-1641,http://www.ncbi.nlm.nih.gov/pubmed/31311863,https://pubmed.ncbi.nlm.nih.gov/31311863/,31311863,PMC6681745,10.1073/pnas.1818604116,low_conf,
Bio-protocol-1642,http://www.jbc.org/content/294/16/6306.long,,,,,no_pmc,
Bio-protocol-1643,http://www.ncbi.nlm.nih.gov/pubmed/30784348,https://pubmed.ncbi.nlm.nih.gov/30784348/,30784348,PMC6464584,10.1080/15384101.2019.1580496,low_conf,
Bio-protocol-1646,http://www.ncbi.nlm.nih.gov/pubmed/31068618,https://pubmed.ncbi.nlm.nih.gov/31068618/,31068618,PMC6506482,10.1038/s41598-019-42924-1,low_conf,
Bio-protocol-1644,https://elifesciences.org/articles/43026,,,,,no_pmc,
Bio-protocol-1645,http://www.ncbi.nlm.nih.gov/pubmed/28241075,https://pubmed.ncbi.nlm.nih.gov/28241075/,28241075,PMC5344538,10.1371/journal.ppat.1006226,low_conf,
Bio-protocol-1647,http://www.ncbi.nlm.nih.gov/pubmed/28754896,https://pubmed.ncbi.nlm.nih.gov/28754896/,28754896,PMC5533798,10.1038/s41598-017-07010-4,low_conf,
Bio-protocol-1648,https://elifesciences.org/articles/44795,,,,,no_pmc,
Bio-protocol-1650,http://www.ncbi.nlm.nih.gov/pubmed/30827729,https://pubmed.ncbi.nlm.nih.gov/30827729/,30827729,PMC8046232,10.1016/j.neuron.2019.02.006,low_conf,
Bio-protocol-1651,http://www.ncbi.nlm.nih.gov/pubmed/29920827,https://pubmed.ncbi.nlm.nih.gov/29920827/,29920827,,,error,Identifier not found in PMC
Bio-protocol-1649,http://www.ncbi.nlm.nih.gov/pubmed/29844016,https://pubmed.ncbi.nlm.nih.gov/29844016/,29844016,PMC6028030,10.15252/embj.201797706,low_conf,
Bio-protocol-1652,http://www.ncbi.nlm.nih.gov/pubmed/30304537,https://pubmed.ncbi.nlm.nih.gov/30304537/,30304537,PMC6231521,10.1093/sleep/zsy168,low_conf,
Bio-protocol-1654,http://www.jbc.org/content/293/23/8912.long,,,,,no_pmc,
Bio-protocol-1653,http://www.jbc.org/content/293/23/8912.long,,,,,no_pmc,
Bio-protocol-1655,http://www.ncbi.nlm.nih.gov/pubmed/31189591,https://pubmed.ncbi.nlm.nih.gov/31189591/,31189591,PMC6600913,10.1073/pnas.1820737116,low_conf,
Bio-protocol-1656,https://elifesciences.org/articles/45961,,,,,no_pmc,
Bio-protocol-1658,http://www.ncbi.nlm.nih.gov/pubmed/31040238,https://pubmed.ncbi.nlm.nih.gov/31040238/,31040238,PMC6495373,10.1128/mBio.00388-19,low_conf,
Bio-protocol-1659,https://elifesciences.org/articles/42549,,,,,no_pmc,
Bio-protocol-1661,http://www.ncbi.nlm.nih.gov/pubmed/30599323,https://pubmed.ncbi.nlm.nih.gov/30599323/,30599323,,,error,Identifier not found in PMC
Bio-protocol-1660,http://www.sciencedirect.com/science/article/pii/S2452014419300925,,,,,no_pmc,
Bio-protocol-1662,http://www.ncbi.nlm.nih.gov/pubmed/31080113,https://pubmed.ncbi.nlm.nih.gov/31080113/,31080113,PMC6565613,10.1016/j.stemcr.2019.04.012,low_conf,
Bio-protocol-1664,http://www.ncbi.nlm.nih.gov/pubmed/18093541,https://pubmed.ncbi.nlm.nih.gov/18093541/,18093541,PMC2194654,10.1016/j.immuni.2007.11.014,low_conf,
Bio-protocol-1663,https://elifesciences.org/articles/42591,,,,,no_pmc,
Bio-protocol-1665,https://rupress.org/jcb/article-lookup/doi/10.1083/jcb.201802113,,,,,no_pmc,
Bio-protocol-1667,http://www.ncbi.nlm.nih.gov/pubmed/30852555,https://pubmed.ncbi.nlm.nih.gov/30852555/,30852555,PMC6501606,10.1105/tpc.18.00954,low_conf,
Bio-protocol-1666,http://www.ncbi.nlm.nih.gov/pubmed/?term=31093828,http://www.ncbi.nlm.nih.gov/pubmed/?term=31093828,,,,no_pmc,
Bio-protocol-1668,https://elifesciences.org/articles/46135,,,,,no_pmc,
Bio-protocol-1670,http://www.ncbi.nlm.nih.gov/pubmed/30509171,https://pubmed.ncbi.nlm.nih.gov/30509171/,30509171,PMC6278051,10.1186/s12866-018-1344-z,low_conf,
Bio-protocol-1672,http://www.ncbi.nlm.nih.gov/pubmed/30893609,https://pubmed.ncbi.nlm.nih.gov/30893609/,30893609,,,error,Identifier not found in PMC
Bio-protocol-1674,http://www.ncbi.nlm.nih.gov/pubmed/31028717,https://pubmed.ncbi.nlm.nih.gov/31028717/,31028717,,,error,Identifier not found in PMC
Bio-protocol-1673,http://www.ncbi.nlm.nih.gov/pubmed/31036727,https://pubmed.ncbi.nlm.nih.gov/31036727/,31036727,PMC6597397,10.1128/JB.00746-18,low_conf,
Bio-protocol-1678,https://www.jneurosci.org/content/38/39/8484.long,,,,,no_pmc,
Bio-protocol-1677,http://www.ncbi.nlm.nih.gov/pubmed/31141555,https://pubmed.ncbi.nlm.nih.gov/31141555/,31141555,PMC6541301,10.1371/journal.pone.0217475,low_conf,
Bio-protocol-1679,http://www.ncbi.nlm.nih.gov/pubmed/29697281,https://pubmed.ncbi.nlm.nih.gov/29697281/,29697281,,,error,Identifier not found in PMC
Bio-protocol-1675,http://www.ncbi.nlm.nih.gov/pubmed/31191510,https://pubmed.ncbi.nlm.nih.gov/31191510/,31191510,PMC6549218,10.3389/fmicb.2019.01212,low_conf,
Bio-protocol-1676,https://rupress.org/jcb/article-lookup/doi/10.1083/jcb.201804172,,,,,no_pmc,
Bio-protocol-1681,http://www.jbc.org/content/294/10/3385.long,,,,,no_pmc,
Bio-protocol-1684,http://www.ncbi.nlm.nih.gov/pubmed/30973865,https://pubmed.ncbi.nlm.nih.gov/30973865/,30973865,PMC6459510,10.1371/journal.pbio.3000194,low_conf,
Bio-protocol-1683,http://www.ncbi.nlm.nih.gov/pubmed/30648295,https://pubmed.ncbi.nlm.nih.gov/30648295/,30648295,PMC6850650,10.1111/mmi.14206,low_conf,
Bio-protocol-1682,http://www.jbc.org/content/293/20/7674.long,,,,,no_pmc,
Bio-protocol-1686,https://elifesciences.org/articles/44427,,,,,no_pmc,
Bio-protocol-1685,https://elifesciences.org/articles/17834,,,,,no_pmc,
Bio-protocol-1687,https://doi.org/10.1038/s42003-019-0353-2,,,,,no_pmc,
Bio-protocol-1689,http://www.ncbi.nlm.nih.gov/pubmed/30166099,https://pubmed.ncbi.nlm.nih.gov/30166099/,30166099,,,error,Identifier not found in PMC
Bio-protocol-1688,https://elifesciences.org/articles/43599,,,,,no_pmc,
Bio-protocol-1691,http://www.ncbi.nlm.nih.gov/pubmed/31270426,https://pubmed.ncbi.nlm.nih.gov/31270426/,31270426,PMC6610623,10.1038/s41598-019-45842-4,low_conf,
Bio-protocol-1690,http://jcb.rupress.org/content/218/2/508.long,,,,,no_pmc,
Bio-protocol-1692,https://pubmed.ncbi.nlm.nih.gov/32010686/,https://pubmed.ncbi.nlm.nih.gov/32010686/,32010686,PMC6979483,10.3389/fcell.2019.00354,low_conf,
Bio-protocol-1693,http://www.ncbi.nlm.nih.gov/pubmed/31445031,https://pubmed.ncbi.nlm.nih.gov/31445031/,31445031,,,error,Identifier not found in PMC
Bio-protocol-1694,https://elifesciences.org/articles/45252,,,,,no_pmc,
Bio-protocol-1695,https://www.jneurosci.org/content/39/28/5606.long,,,,,no_pmc,
Bio-protocol-1698,https://elifesciences.org/articles/43627,,,,,no_pmc,
Bio-protocol-1697,http://www.ncbi.nlm.nih.gov/pubmed/31028389,https://pubmed.ncbi.nlm.nih.gov/31028389/,31028389,PMC6535813,10.1093/gbe/evz087,low_conf,
Bio-protocol-1696,https://elifesciences.org/articles/44745,,,,,no_pmc,
Bio-protocol-1699,http://jcb.rupress.org/content/218/4/1200.long,,,,,no_pmc,
Bio-protocol-1701,http://www.ncbi.nlm.nih.gov/pubmed/29503157,https://pubmed.ncbi.nlm.nih.gov/29503157/,29503157,PMC6447300,10.1016/j.devcel.2018.02.001,low_conf,
Bio-protocol-1700,http://www.ncbi.nlm.nih.gov/pubmed/29487860,https://pubmed.ncbi.nlm.nih.gov/29487860/,29487860,PMC5826701,10.15698/mic2018.03.619,low_conf,
Bio-protocol-1703,https://elifesciences.org/articles/45239,,,,,no_pmc,
Bio-protocol-1704,https://elifesciences.org/articles/44235,,,,,no_pmc,
Bio-protocol-1705,https://www.biorxiv.org/content/10.1101/373647v1,,,,,no_pmc,
Bio-protocol-1708,http://www.ncbi.nlm.nih.gov/pubmed/30165795,https://pubmed.ncbi.nlm.nih.gov/30165795/,30165795,PMC6177245,10.1080/21505594.2018.1515610,low_conf,
Bio-protocol-1709,http://www.ncbi.nlm.nih.gov/pubmed/30770250,https://pubmed.ncbi.nlm.nih.gov/30770250/,30770250,PMC6436929,10.1016/j.immuni.2019.01.008,low_conf,
Bio-protocol-1710,http://www.ncbi.nlm.nih.gov/pubmed/30614079,https://pubmed.ncbi.nlm.nih.gov/30614079/,30614079,,,error,Identifier not found in PMC
Bio-protocol-1711,http://www.ncbi.nlm.nih.gov/pubmed/30354805,https://pubmed.ncbi.nlm.nih.gov/30354805/,30354805,PMC6205754,10.1161/HYPERTENSIONAHA.118.11766,low_conf,
Bio-protocol-1712,http://jcb.rupress.org/content/218/5/1670.long,,,,,no_pmc,
Bio-protocol-1713,https://elifesciences.org/articles/38536,,,,,no_pmc,
Bio-protocol-1707,http://www.ncbi.nlm.nih.gov/pubmed/30559480,https://pubmed.ncbi.nlm.nih.gov/30559480/,30559480,,,error,Identifier not found in PMC
Bio-protocol-1714,https://elifesciences.org/articles/44171,,,,,no_pmc,
Bio-protocol-1715,http://www.ncbi.nlm.nih.gov/pubmed/30664762,https://pubmed.ncbi.nlm.nih.gov/30664762/,30664762,PMC6352314,10.1038/s41590-018-0288-7,low_conf,
Bio-protocol-1718,http://www.ncbi.nlm.nih.gov/pubmed/30518560,https://pubmed.ncbi.nlm.nih.gov/30518560/,30518560,PMC6304991,10.1073/pnas.1808626115,low_conf,
Bio-protocol-1716,http://www.ncbi.nlm.nih.gov/pubmed/31139171,https://pubmed.ncbi.nlm.nih.gov/31139171/,31139171,PMC6518337,10.3389/fmicb.2019.01056,low_conf,
Bio-protocol-1719,http://www.ncbi.nlm.nih.gov/pubmed/30518560,https://pubmed.ncbi.nlm.nih.gov/30518560/,30518560,PMC6304991,10.1073/pnas.1808626115,low_conf,
Bio-protocol-1723,https://elifesciences.org/articles/43059,,,,,no_pmc,
Bio-protocol-1722,http://www.ncbi.nlm.nih.gov/pubmed/30695063,https://pubmed.ncbi.nlm.nih.gov/30695063/,30695063,PMC6368334,10.1371/journal.pgen.1007944,low_conf,
Bio-protocol-1720,http://www.ncbi.nlm.nih.gov/pubmed/31009520,https://pubmed.ncbi.nlm.nih.gov/31009520/,31009520,PMC6497318,10.1371/journal.ppat.1007717,low_conf,
Bio-protocol-1724,https://elifesciences.org/articles/38822,,,,,no_pmc,
Bio-protocol-1726,http://www.ncbi.nlm.nih.gov/pubmed/30926232,https://pubmed.ncbi.nlm.nih.gov/30926232/,30926232,PMC6476404,10.1016/j.immuni.2019.03.003,low_conf,
Bio-protocol-1725,https://elifesciences.org/articles/44548,,,,,no_pmc,
Bio-protocol-1727,http://www.ncbi.nlm.nih.gov/pubmed/30392769,https://pubmed.ncbi.nlm.nih.gov/30392769/,30392769,,,error,Identifier not found in PMC
Bio-protocol-1728,http://www.ncbi.nlm.nih.gov/pubmed/30862802,https://pubmed.ncbi.nlm.nih.gov/30862802/,30862802,PMC6414680,10.1038/s41467-019-09067-3,low_conf,
Bio-protocol-1729,https://link.springer.com/article/10.1007/s00709-018-1285-2,,,,,no_pmc,
Bio-protocol-1730,https://elifesciences.org/articles/37689,,,,,no_pmc,
Bio-protocol-1731,http://www.ncbi.nlm.nih.gov/pubmed/30746755,https://pubmed.ncbi.nlm.nih.gov/30746755/,30746755,,,error,Identifier not found in PMC
Bio-protocol-1732,https://elifesciences.org/articles/43284,,,,,no_pmc,
Bio-protocol-1734,http://www.ncbi.nlm.nih.gov/pubmed/30333717,https://pubmed.ncbi.nlm.nih.gov/30333717/,30333717,PMC6176656,10.3389/fnins.2018.00653,low_conf,
Bio-protocol-1735,http://www.ncbi.nlm.nih.gov/pubmed/30699045,https://pubmed.ncbi.nlm.nih.gov/30699045/,30699045,PMC6589791,10.1091/mbc.E18-10-0651,low_conf,
Bio-protocol-1733,http://www.ncbi.nlm.nih.gov/pubmed/30886126,https://pubmed.ncbi.nlm.nih.gov/30886126/,30886126,PMC6533017,10.1105/tpc.18.00894,low_conf,
Bio-protocol-1736,https://www.ncbi.nlm.nih.gov/pubmed/28842696,https://pubmed.ncbi.nlm.nih.gov/28842696/,28842696,PMC5572702,10.1038/s41598-017-10373-3,low_conf,
Bio-protocol-1738,https://www.sciencedirect.com/science/article/pii/S0028390818305185,,,,,no_pmc,
Bio-protocol-1739,http://www.ncbi.nlm.nih.gov/pubmed/31040372,https://pubmed.ncbi.nlm.nih.gov/31040372/,31040372,PMC6491486,10.1038/s41598-019-43239-x,low_conf,
Bio-protocol-1740,http://www.ncbi.nlm.nih.gov/pubmed/30682160,https://pubmed.ncbi.nlm.nih.gov/30682160/,30682160,PMC6347438,10.1371/journal.pone.0211012,low_conf,
Bio-protocol-1742,http://www.ncbi.nlm.nih.gov/pubmed/29696514,https://pubmed.ncbi.nlm.nih.gov/29696514/,29696514,PMC6111083,10.1007/s12192-018-0900-7,low_conf,
Bio-protocol-1743,http://www.ncbi.nlm.nih.gov/pubmed/31040339,https://pubmed.ncbi.nlm.nih.gov/31040339/,31040339,PMC6491550,10.1038/s41598-019-43182-x,low_conf,
Bio-protocol-1737,http://www.ncbi.nlm.nih.gov/pubmed/30629605,https://pubmed.ncbi.nlm.nih.gov/30629605/,30629605,PMC6343928,10.1371/journal.pbio.3000107,low_conf,
Bio-protocol-1744,https://elifesciences.org/articles/14846,,,,,no_pmc,
Bio-protocol-1745,http://www.ncbi.nlm.nih.gov/pubmed/30713042,https://pubmed.ncbi.nlm.nih.gov/30713042/,30713042,PMC6373627,10.1016/j.stemcr.2019.01.002,low_conf,
Bio-protocol-1747,http://www.ncbi.nlm.nih.gov/pubmed/25695743,https://pubmed.ncbi.nlm.nih.gov/25695743/,25695743,PMC4687092,10.1042/BJ20141371,low_conf,
Bio-protocol-1746,http://www.ncbi.nlm.nih.gov/pubmed/28843453,https://pubmed.ncbi.nlm.nih.gov/28843453/,28843453,,,error,Identifier not found in PMC
Bio-protocol-1748,http://www.ncbi.nlm.nih.gov/pubmed/30226473,https://pubmed.ncbi.nlm.nih.gov/30226473/,30226473,PMC6264636,10.1172/JCI94307,low_conf,
Bio-protocol-1750,https://doi.org/10.1172/jci.insight.126190,,,,,no_pmc,
Bio-protocol-1751,http://www.ncbi.nlm.nih.gov/pubmed/30963718,https://pubmed.ncbi.nlm.nih.gov/30963718/,30963718,,,error,Identifier not found in PMC
Bio-protocol-1749,https://elifesciences.org/articles/38619,,,,,no_pmc,
Bio-protocol-1741,https://www.ncbi.nlm.nih.gov/pubmed/27318094,https://pubmed.ncbi.nlm.nih.gov/27318094/,27318094,PMC4921206,10.1016/j.biomaterials.2016.06.018,low_conf,
Bio-protocol-1752,http://www.ncbi.nlm.nih.gov/pubmed/30190172,https://pubmed.ncbi.nlm.nih.gov/30190172/,30190172,,,error,Identifier not found in PMC
Bio-protocol-1753,http://www.ncbi.nlm.nih.gov/pubmed/30917329,https://pubmed.ncbi.nlm.nih.gov/30917329/,30917329,,,error,Identifier not found in PMC
Bio-protocol-1754,http://jcb.rupress.org/content/217/4/1521.long,,,,,no_pmc,
Bio-protocol-1755,https://www.eneuro.org/content/6/1/ENEURO.0389-18.2019.long,,,,,no_pmc,
Bio-protocol-1756,https://www.ncbi.nlm.nih.gov/pmc/articles/PMC5023959/,,,PMC5023959,,low_conf,
Bio-protocol-1757,http://www.ncbi.nlm.nih.gov/pubmed/29141013,https://pubmed.ncbi.nlm.nih.gov/29141013/,29141013,PMC5687723,10.1371/journal.pone.0188406,low_conf,
Bio-protocol-1760,http://www.ncbi.nlm.nih.gov/pubmed/30669593,https://pubmed.ncbi.nlm.nih.gov/30669593/,30669593,PMC6359625,10.3390/ijms20020445,low_conf,
Bio-protocol-1758,http://www.ncbi.nlm.nih.gov/pubmed/30674481,https://pubmed.ncbi.nlm.nih.gov/30674481/,30674481,PMC6382006,10.1242/dev.172106,low_conf,
Bio-protocol-1759,http://www.ncbi.nlm.nih.gov/pubmed/30978251,https://pubmed.ncbi.nlm.nih.gov/30978251/,30978251,PMC6461251,10.1371/journal.ppat.1007720,low_conf,
Bio-protocol-1761,http://www.ncbi.nlm.nih.gov/pubmed/30887174,https://pubmed.ncbi.nlm.nih.gov/30887174/,30887174,,,error,Identifier not found in PMC
Bio-protocol-1762,http://www.ncbi.nlm.nih.gov/pubmed/30397349,https://pubmed.ncbi.nlm.nih.gov/30397349/,30397349,PMC6240378,10.1038/s41590-018-0243-7,low_conf,
Bio-protocol-1765,http://www.ncbi.nlm.nih.gov/pubmed/30626642,https://pubmed.ncbi.nlm.nih.gov/30626642/,30626642,PMC6377448,10.1073/pnas.1812632116,low_conf,
Bio-protocol-1766,https://elifesciences.org/articles/40162,,,,,no_pmc,
Bio-protocol-1763,https://elifesciences.org/articles/39180,,,,,no_pmc,
Bio-protocol-1764,http://www.ncbi.nlm.nih.gov/pubmed/25581302,https://pubmed.ncbi.nlm.nih.gov/25581302/,25581302,PMC4291224,10.1371/journal.pone.0116896,low_conf,
Bio-protocol-1768,https://www.jneurosci.org/content/39/18/3412.long,,,,,no_pmc,
Bio-protocol-1767,http://www.ncbi.nlm.nih.gov/pubmed/29959129,https://pubmed.ncbi.nlm.nih.gov/29959129/,29959129,PMC6110321,10.2337/db17-1513,low_conf,
Bio-protocol-1770,http://www.ncbi.nlm.nih.gov/pubmed/30696734,https://pubmed.ncbi.nlm.nih.gov/30696734/,30696734,PMC6355986,10.1128/mBio.02535-18,low_conf,
Bio-protocol-1771,http://www.ncbi.nlm.nih.gov/pubmed/29197505,https://pubmed.ncbi.nlm.nih.gov/29197505/,29197505,,,error,Identifier not found in PMC
Bio-protocol-1772,http://www.ncbi.nlm.nih.gov/pubmed/30718850,https://pubmed.ncbi.nlm.nih.gov/30718850/,30718850,PMC6433287,10.1038/s41564-018-0346-9,low_conf,
Bio-protocol-1775,http://www.ncbi.nlm.nih.gov/pubmed/30446119,https://pubmed.ncbi.nlm.nih.gov/30446119/,30446119,PMC6245667,10.1016/j.carbpol.2018.10.071,low_conf,
Bio-protocol-1774,http://www.ncbi.nlm.nih.gov/pubmed/30143554,https://pubmed.ncbi.nlm.nih.gov/30143554/,30143554,,,error,Identifier not found in PMC
Bio-protocol-1777,https://www.eneuro.org/content/5/5/ENEURO.0273-18.2018.long,,,,,no_pmc,
Bio-protocol-1776,http://www.ncbi.nlm.nih.gov/pubmed/27796719,https://pubmed.ncbi.nlm.nih.gov/27796719/,27796719,PMC5243890,10.1007/s11103-016-0554-8,low_conf,
Bio-protocol-1779,https://www.ncbi.nlm.nih.gov/pubmed/19076242,https://pubmed.ncbi.nlm.nih.gov/19076242/,19076242,,,error,Identifier not found in PMC
Bio-protocol-1780,https://www.ncbi.nlm.nih.gov/pmc/articles/PMC4921206/,,,PMC4921206,,low_conf,
Bio-protocol-1778,http://www.ncbi.nlm.nih.gov/pubmed/30698736,https://pubmed.ncbi.nlm.nih.gov/30698736/,30698736,PMC6391613,10.1093/brain/awy353,low_conf,
Bio-protocol-1781,http://www.ncbi.nlm.nih.gov/pubmed/30581017,https://pubmed.ncbi.nlm.nih.gov/30581017/,30581017,PMC6335594,10.1016/j.stemcr.2018.11.019,low_conf,
Bio-protocol-1782,http://www.jbc.org/content/294/2/679.long,,,,,no_pmc,
Bio-protocol-1783,https://www.eneuro.org/content/6/1/ENEURO.0495-18.2019.long,,,,,no_pmc,
Bio-protocol-1784,http://www.ncbi.nlm.nih.gov/pubmed/30152202,https://pubmed.ncbi.nlm.nih.gov/30152202/,30152202,PMC6563427,10.1002/art.40699,low_conf,
Bio-protocol-1787,http://jcb.rupress.org/content/218/4/1408.long,,,,,no_pmc,
Bio-protocol-1786,http://www.ncbi.nlm.nih.gov/pubmed/30709743,https://pubmed.ncbi.nlm.nih.gov/30709743/,30709743,PMC6382577,10.1016/j.immuni.2018.12.022,low_conf,
Bio-protocol-1788,http://www.ncbi.nlm.nih.gov/pubmed/?term=31093828,http://www.ncbi.nlm.nih.gov/pubmed/?term=31093828,,,,no_pmc,
Bio-protocol-1789,https://elifesciences.org/articles/40946,,,,,no_pmc,
Bio-protocol-1790,http://www.ncbi.nlm.nih.gov/pubmed/30585394,https://pubmed.ncbi.nlm.nih.gov/30585394/,30585394,,,error,Identifier not found in PMC
Bio-protocol-1792,https://elifesciences.org/articles/25716,,,,,no_pmc,
Bio-protocol-1793,http://www.ncbi.nlm.nih.gov/pubmed/26786319,https://pubmed.ncbi.nlm.nih.gov/26786319/,26786319,PMC4824099,10.1093/nar/gkv1546,low_conf,
Bio-protocol-1795,http://jcb.rupress.org/content/218/5/1653.long,,,,,no_pmc,
Bio-protocol-1797,http://www.ncbi.nlm.nih.gov/pubmed/30523254,https://pubmed.ncbi.nlm.nih.gov/30523254/,30523254,PMC6283864,10.1038/s41467-018-07566-3,low_conf,
Bio-protocol-1794,https://www.jneurosci.org/content/39/17/3234.long,,,,,no_pmc,
Bio-protocol-1796,http://www.ncbi.nlm.nih.gov/pubmed/30643267,https://pubmed.ncbi.nlm.nih.gov/30643267/,30643267,PMC6650268,10.1038/s41590-018-0289-6,low_conf,
Bio-protocol-1798,http://www.ncbi.nlm.nih.gov/pubmed/30643263,https://pubmed.ncbi.nlm.nih.gov/30643263/,30643263,PMC6340744,10.1038/s41590-018-0276-y,low_conf,
Bio-protocol-1799,http://www.jbc.org/content/293/42/16193.long,,,,,no_pmc,
Bio-protocol-1801,https://elifesciences.org/articles/34959,,,,,no_pmc,
Bio-protocol-1800,https://www.jneurosci.org/content/39/8/1525.long,,,,,no_pmc,
Bio-protocol-1803,http://www.ncbi.nlm.nih.gov/pubmed/30580965,https://pubmed.ncbi.nlm.nih.gov/30580965/,30580965,PMC6526957,10.1016/j.cell.2018.11.023,low_conf,
Bio-protocol-1802,http://www.ncbi.nlm.nih.gov/pubmed/30371772,https://pubmed.ncbi.nlm.nih.gov/30371772/,30371772,PMC6263442,10.1093/gbe/evy237,low_conf,
Bio-protocol-1804,http://www.ncbi.nlm.nih.gov/pubmed/30287954,https://pubmed.ncbi.nlm.nih.gov/30287954/,30287954,,,error,Identifier not found in PMC
Bio-protocol-1805,http://www.ncbi.nlm.nih.gov/pubmed/30401781,https://pubmed.ncbi.nlm.nih.gov/30401781/,30401781,PMC6222133,10.1128/mBio.02120-18,low_conf,
Bio-protocol-1811,http://www.ncbi.nlm.nih.gov/pubmed/30858198,https://pubmed.ncbi.nlm.nih.gov/30858198/,30858198,,,error,Identifier not found in PMC
Bio-protocol-1806,https://www.ncbi.nlm.nih.gov/pubmed/26879629,https://pubmed.ncbi.nlm.nih.gov/26879629/,26879629,,,error,Identifier not found in PMC
Bio-protocol-1807,https://www.jneurosci.org/content/38/24/5584.long,,,,,no_pmc,
Bio-protocol-1808,https://www.sciencedirect.com/science/article/pii/S092540051831949X,,,,,no_pmc,
Bio-protocol-1812,http://www.ncbi.nlm.nih.gov/pubmed/30404802,https://pubmed.ncbi.nlm.nih.gov/30404802/,30404802,PMC6340029,10.1128/JVI.01776-18,low_conf,
Bio-protocol-1809,http://www.ncbi.nlm.nih.gov/pubmed/30451565,https://pubmed.ncbi.nlm.nih.gov/30451565/,30451565,,,error,Identifier not found in PMC
Bio-protocol-1813,http://www.ncbi.nlm.nih.gov/pubmed/30270181,https://pubmed.ncbi.nlm.nih.gov/30270181/,30270181,,,error,Identifier not found in PMC
Bio-protocol-1815,http://www.ncbi.nlm.nih.gov/pubmed/30275297,https://pubmed.ncbi.nlm.nih.gov/30275297/,30275297,PMC6196517,10.1073/pnas.1809285115,low_conf,
Bio-protocol-1814,http://www.jbc.org/content/271/46/29182.long,,,,,no_pmc,
Bio-protocol-1817,http://www.ncbi.nlm.nih.gov/pubmed/30499113,https://pubmed.ncbi.nlm.nih.gov/30499113/,30499113,PMC7473467,10.1111/php.13066,low_conf,
Bio-protocol-1819,http://www.ncbi.nlm.nih.gov/pubmed/30540963,https://pubmed.ncbi.nlm.nih.gov/30540963/,30540963,PMC6294264,10.1016/j.stemcr.2018.11.005,low_conf,
Bio-protocol-1818,https://www.ncbi.nlm.nih.gov/pubmed/29533927,https://pubmed.ncbi.nlm.nih.gov/29533927/,29533927,PMC5983316,10.1172/JCI96208,low_conf,
Bio-protocol-1823,http://www.ncbi.nlm.nih.gov/pubmed/29318700,https://pubmed.ncbi.nlm.nih.gov/29318700/,29318700,,,error,Identifier not found in PMC
Bio-protocol-1822,http://www.jbc.org/content/293/50/19330.long,,,,,no_pmc,
Bio-protocol-1820,http://www.ncbi.nlm.nih.gov/pubmed/29202332,https://pubmed.ncbi.nlm.nih.gov/29202332/,29202332,,,error,Identifier not found in PMC
Bio-protocol-1825,https://www.sciencedirect.com/science/article/pii/S0091305718305562,,,,,no_pmc,
Bio-protocol-1824,https://elifesciences.org/articles/43036,,,,,no_pmc,
Bio-protocol-1826,http://www.ncbi.nlm.nih.gov/pubmed/28589519,https://pubmed.ncbi.nlm.nih.gov/28589519/,28589519,PMC6217807,10.1007/s11064-017-2308-7,low_conf,
Bio-protocol-1828,http://www.ncbi.nlm.nih.gov/pubmed/24510422,https://pubmed.ncbi.nlm.nih.gov/24510422/,24510422,PMC4282465,10.1002/yea.3002,low_conf,
Bio-protocol-1829,http://www.ncbi.nlm.nih.gov/pubmed/26797145,https://pubmed.ncbi.nlm.nih.gov/26797145/,26797145,PMC4811353,10.1126/science.aad5510,low_conf,
Bio-protocol-1831,https://www.jneurosci.org/content/36/26/6973.long,,,,,no_pmc,
Bio-protocol-1830,https://elifesciences.org/articles/37093,,,,,no_pmc,
Bio-protocol-1832,https://www.sciencedirect.com/science/article/pii/S1046202311000764?via%3Dihub,,,,,no_pmc,
Bio-protocol-1833,https://doi.org/10.1007/s10439-016-1710-7,,,,,no_pmc,
Bio-protocol-1835,https://www.ncbi.nlm.nih.gov/pubmed/30797686,https://pubmed.ncbi.nlm.nih.gov/30797686/,30797686,PMC6544384,10.1016/j.molcel.2019.01.014,low_conf,
Bio-protocol-1834,https://elifesciences.org/articles/34772,,,,,no_pmc,
Bio-protocol-1836,http://www.ncbi.nlm.nih.gov/pubmed/30447647,https://pubmed.ncbi.nlm.nih.gov/30447647/,30447647,PMC6240711,10.1016/j.isci.2018.10.030,low_conf,
Bio-protocol-1839,https://www.ncbi.nlm.nih.gov/pubmed/24332032,https://pubmed.ncbi.nlm.nih.gov/24332032/,24332032,,,error,Identifier not found in PMC
Bio-protocol-1837,http://www.ncbi.nlm.nih.gov/pubmed/29967034,https://pubmed.ncbi.nlm.nih.gov/29967034/,29967034,,,error,Identifier not found in PMC
Bio-protocol-1838,https://www.ncbi.nlm.nih.gov/pubmed/24332032,https://pubmed.ncbi.nlm.nih.gov/24332032/,24332032,,,error,Identifier not found in PMC
Bio-protocol-1841,http://www.ncbi.nlm.nih.gov/pubmed/31656036,https://pubmed.ncbi.nlm.nih.gov/31656036/,31656036,,,error,Identifier not found in PMC
Bio-protocol-1840,http://www.ncbi.nlm.nih.gov/pubmed/30639188,https://pubmed.ncbi.nlm.nih.gov/30639188/,30639188,,,error,Identifier not found in PMC
Bio-protocol-1842,http://www.ncbi.nlm.nih.gov/pubmed/30530590,https://pubmed.ncbi.nlm.nih.gov/30530590/,30530590,PMC6310109,10.4049/jimmunol.1800847,low_conf,
Bio-protocol-1845,http://www.ncbi.nlm.nih.gov/pubmed/30101295,https://pubmed.ncbi.nlm.nih.gov/30101295/,30101295,PMC6267337,10.1093/jb/mvy067,low_conf,
Bio-protocol-1844,http://www.ncbi.nlm.nih.gov/pubmed/30420506,https://pubmed.ncbi.nlm.nih.gov/30420506/,30420506,PMC6298066,10.1073/pnas.1811787115,low_conf,
Bio-protocol-1843,http://www.ncbi.nlm.nih.gov/pubmed/29562168,https://pubmed.ncbi.nlm.nih.gov/29562168/,29562168,PMC6106782,10.1016/j.celrep.2018.02.099,low_conf,
Bio-protocol-1847,https://www.sciencedirect.com/science/article/pii/S0093691X18309166,,,,,no_pmc,
Bio-protocol-1846,https://www.ncbi.nlm.nih.gov/pubmed/28300877,https://pubmed.ncbi.nlm.nih.gov/28300877/,28300877,,,error,Identifier not found in PMC
Bio-protocol-1850,http://www.ncbi.nlm.nih.gov/pubmed/29363200,https://pubmed.ncbi.nlm.nih.gov/29363200/,29363200,,,error,Identifier not found in PMC
Bio-protocol-1848,http://www.ncbi.nlm.nih.gov/pubmed/29910126,https://pubmed.ncbi.nlm.nih.gov/29910126/,29910126,PMC6117474,10.1016/j.stemcr.2018.05.007,low_conf,
Bio-protocol-1849,http://www.ncbi.nlm.nih.gov/pubmed/30131356,https://pubmed.ncbi.nlm.nih.gov/30131356/,30131356,PMC6106088,10.1128/mBio.00044-18,low_conf,
Bio-protocol-1851,https://elifesciences.org/articles/38970,,,,,no_pmc,
Bio-protocol-1853,https://www.ncbi.nlm.nih.gov/pubmed/30449621,https://pubmed.ncbi.nlm.nih.gov/30449621/,30449621,PMC6295233,10.1016/j.cell.2018.10.030,low_conf,
Bio-protocol-1855,https://www.ncbi.nlm.nih.gov/pubmed/30518612,https://pubmed.ncbi.nlm.nih.gov/30518612/,30518612,,,error,Identifier not found in PMC
Bio-protocol-1856,http://www.ncbi.nlm.nih.gov/pubmed/27385014,https://pubmed.ncbi.nlm.nih.gov/27385014/,27385014,PMC5004905,10.1242/dev.130542,low_conf,
Bio-protocol-1854,http://www.ncbi.nlm.nih.gov/pubmed/27300509,https://pubmed.ncbi.nlm.nih.gov/27300509/,27300509,PMC4907486,10.1371/journal.ppat.1005660,low_conf,
Bio-protocol-1857,https://www.ncbi.nlm.nih.gov/pubmed/31116988,https://pubmed.ncbi.nlm.nih.gov/31116988/,31116988,PMC6541019,10.1016/j.celrep.2019.04.087,low_conf,
Bio-protocol-1858,http://www.ncbi.nlm.nih.gov/pubmed/29379178,https://pubmed.ncbi.nlm.nih.gov/29379178/,29379178,PMC5864199,10.1038/s41396-017-0042-4,low_conf,
Bio-protocol-1860,http://www.jbc.org/content/294/3/981.long,,,,,no_pmc,
Bio-protocol-1861,http://www.ncbi.nlm.nih.gov/pubmed/29623032,https://pubmed.ncbi.nlm.nih.gov/29623032/,29623032,PMC5874515,10.3389/fncel.2018.00081,low_conf,
Bio-protocol-1863,http://www.ncbi.nlm.nih.gov/pubmed/28754889,https://pubmed.ncbi.nlm.nih.gov/28754889/,28754889,PMC5533705,10.1038/s41467-017-00087-5,low_conf,
Bio-protocol-1864,http://www.ncbi.nlm.nih.gov/pubmed/29545347,https://pubmed.ncbi.nlm.nih.gov/29545347/,29545347,PMC5927993,10.3324/haematol.2017.181628,low_conf,
Bio-protocol-1862,http://www.ncbi.nlm.nih.gov/pubmed/28592871,https://pubmed.ncbi.nlm.nih.gov/28592871/,28592871,PMC5462733,10.1038/s41598-017-03320-9,low_conf,
Bio-protocol-1865,http://www.ncbi.nlm.nih.gov/pubmed/30386220,https://pubmed.ncbi.nlm.nih.gov/30386220/,30386220,PMC6199527,10.3389/fnbeh.2018.00242,low_conf,
Bio-protocol-1867,http://www.ncbi.nlm.nih.gov/pubmed/28325928,https://pubmed.ncbi.nlm.nih.gov/28325928/,28325928,PMC5412646,10.1038/s41598-017-00296-4,low_conf,
Bio-protocol-1868,http://www.ncbi.nlm.nih.gov/pubmed/30395366,https://pubmed.ncbi.nlm.nih.gov/30395366/,30395366,,,error,Identifier not found in PMC
Bio-protocol-1870,http://www.ncbi.nlm.nih.gov/pubmed/28674664,https://pubmed.ncbi.nlm.nih.gov/28674664/,28674664,PMC5493969,10.7717/peerj.3512,low_conf,
Bio-protocol-1872,https://elifesciences.org/articles/39569,,,,,no_pmc,
Bio-protocol-1873,https://elifesciences.org/articles/35672,,,,,no_pmc,
Bio-protocol-1877,http://www.ncbi.nlm.nih.gov/pubmed/30127434,https://pubmed.ncbi.nlm.nih.gov/30127434/,30127434,PMC6130844,10.1038/s41590-018-0178-z,low_conf,
Bio-protocol-1876,http://www.jbc.org/content/293/51/19633.long,,,,,no_pmc,
Bio-protocol-1878,http://www.ncbi.nlm.nih.gov/pubmed/30291238,https://pubmed.ncbi.nlm.nih.gov/30291238/,30291238,PMC6173696,10.1038/s41467-018-06470-0,low_conf,
Bio-protocol-1879,http://www.ncbi.nlm.nih.gov/pubmed/30173073,https://pubmed.ncbi.nlm.nih.gov/30173073/,30173073,,,error,Identifier not found in PMC
Bio-protocol-1880,http://www.ncbi.nlm.nih.gov/pubmed/28863137,https://pubmed.ncbi.nlm.nih.gov/28863137/,28863137,PMC5581164,10.1371/journal.pone.0184009,low_conf,
Bio-protocol-1883,https://elifesciences.org/articles/35672,,,,,no_pmc,
Bio-protocol-1881,http://www.ncbi.nlm.nih.gov/pubmed/30104347,https://pubmed.ncbi.nlm.nih.gov/30104347/,30104347,PMC6126724,10.1073/pnas.1808284115,low_conf,
Bio-protocol-1882,http://www.ncbi.nlm.nih.gov/pubmed/30374094,https://pubmed.ncbi.nlm.nih.gov/30374094/,30374094,,,error,Identifier not found in PMC
Bio-protocol-1885,http://www.ncbi.nlm.nih.gov/pubmed/30180210,https://pubmed.ncbi.nlm.nih.gov/30180210/,30180210,PMC6138423,10.1371/journal.ppat.1007279,low_conf,
Bio-protocol-1884,http://www.jbc.org/content/293/51/19633.long,,,,,no_pmc,
Bio-protocol-1886,http://www.ncbi.nlm.nih.gov/pubmed/28742258,https://pubmed.ncbi.nlm.nih.gov/28742258/,28742258,PMC5639361,10.1111/tpj.13639,low_conf,
Bio-protocol-1887,http://www.ncbi.nlm.nih.gov/pubmed/28863132,https://pubmed.ncbi.nlm.nih.gov/28863132/,28863132,PMC5580984,10.1371/journal.pone.0182941,low_conf,
Bio-protocol-1888,http://www.ncbi.nlm.nih.gov/pubmed/30269951,https://pubmed.ncbi.nlm.nih.gov/30269951/,30269951,,,error,Identifier not found in PMC
Bio-protocol-1889,https://elifesciences.org/articles/37812,,,,,no_pmc,
Bio-protocol-1892,http://www.ncbi.nlm.nih.gov/pubmed/29743363,https://pubmed.ncbi.nlm.nih.gov/29743363/,29743363,PMC6026752,10.1128/JVI.00694-18,low_conf,
Bio-protocol-1895,http://www.ncbi.nlm.nih.gov/pubmed/30156481,https://pubmed.ncbi.nlm.nih.gov/30156481/,30156481,,,error,Identifier not found in PMC
Bio-protocol-1893,http://www.ncbi.nlm.nih.gov/pubmed/30132198,https://pubmed.ncbi.nlm.nih.gov/30132198/,30132198,,,error,Identifier not found in PMC
Bio-protocol-1894,http://www.ncbi.nlm.nih.gov/pubmed/29717915,https://pubmed.ncbi.nlm.nih.gov/29717915/,29717915,,,error,Identifier not found in PMC
Bio-protocol-1896,https://www.ncbi.nlm.nih.gov/pubmed/30047926,https://pubmed.ncbi.nlm.nih.gov/30047926/,30047926,PMC6159981,10.1172/JCI99397,low_conf,
Bio-protocol-1897,http://www.ncbi.nlm.nih.gov/pubmed/30413686,https://pubmed.ncbi.nlm.nih.gov/30413686/,30413686,PMC6226462,10.1038/s41467-018-07113-0,low_conf,
Bio-protocol-1898,http://www.ncbi.nlm.nih.gov/pubmed/30478287,https://pubmed.ncbi.nlm.nih.gov/30478287/,30478287,PMC6443042,10.1038/s41564-018-0297-1,low_conf,
Bio-protocol-1899,http://www.ncbi.nlm.nih.gov/pubmed/28553933,https://pubmed.ncbi.nlm.nih.gov/28553933/,28553933,PMC5505781,10.1038/nm.4347,low_conf,
Bio-protocol-1903,http://www.ncbi.nlm.nih.gov/pubmed/30250724,https://pubmed.ncbi.nlm.nih.gov/30250724/,30250724,PMC6144958,10.1002/ece3.4383,low_conf,
Bio-protocol-1901,https://link.springer.com/article/10.1007/s11104-017-3440-5,,,,,no_pmc,
Bio-protocol-1902,http://www.ncbi.nlm.nih.gov/pubmed/29178945,https://pubmed.ncbi.nlm.nih.gov/29178945/,29178945,PMC5701507,10.1186/s13059-017-1354-4,low_conf,
Bio-protocol-1904,https://www.ncbi.nlm.nih.gov/pubmed/30357584,https://pubmed.ncbi.nlm.nih.gov/30357584/,30357584,,,error,Identifier not found in PMC
Bio-protocol-1905,https://elifesciences.org/articles/35458,,,,,no_pmc,
Bio-protocol-1906,http://www.ncbi.nlm.nih.gov/pubmed/30047926,https://pubmed.ncbi.nlm.nih.gov/30047926/,30047926,PMC6159981,10.1172/JCI99397,low_conf,
Bio-protocol-1907,https://www.ncbi.nlm.nih.gov/pubmed/27916391,https://pubmed.ncbi.nlm.nih.gov/27916391/,27916391,,,error,Identifier not found in PMC
Bio-protocol-1909,http://www.jneurosci.org/content/38/36/7761.long,,,,,no_pmc,
Bio-protocol-1911,http://www.ncbi.nlm.nih.gov/pubmed/30417584,https://pubmed.ncbi.nlm.nih.gov/30417584/,30417584,,,error,Identifier not found in PMC
Bio-protocol-1910,http://www.ncbi.nlm.nih.gov/pubmed/30589904,https://pubmed.ncbi.nlm.nih.gov/30589904/,30589904,PMC6307736,10.1371/journal.pone.0209802,low_conf,
Bio-protocol-1912,http://www.ncbi.nlm.nih.gov/pubmed/30201850,https://pubmed.ncbi.nlm.nih.gov/30201850/,30201850,PMC6239192,10.1261/rna.068213.118,low_conf,
Bio-protocol-1914,http://www.ncbi.nlm.nih.gov/pubmed/30327534,https://pubmed.ncbi.nlm.nih.gov/30327534/,30327534,PMC6301145,10.1038/s41385-018-0098-0,low_conf,
Bio-protocol-1913,http://www.ncbi.nlm.nih.gov/pubmed/30222779,https://pubmed.ncbi.nlm.nih.gov/30222779/,30222779,PMC6160236,10.1371/journal.pgen.1007664,low_conf,
Bio-protocol-1916,http://www.ncbi.nlm.nih.gov/pubmed/30220558,https://pubmed.ncbi.nlm.nih.gov/30220558/,30220558,,,error,Identifier not found in PMC
Bio-protocol-1915,http://www.ncbi.nlm.nih.gov/pubmed/29985958,https://pubmed.ncbi.nlm.nih.gov/29985958/,29985958,PMC6053240,10.1371/journal.ppat.1007175,low_conf,
Bio-protocol-1920,http://www.ncbi.nlm.nih.gov/pubmed/28348235,https://pubmed.ncbi.nlm.nih.gov/28348235/,28348235,PMC5410799,10.1073/pnas.1618584114,low_conf,
Bio-protocol-1921,http://www.ncbi.nlm.nih.gov/pubmed/29184126,https://pubmed.ncbi.nlm.nih.gov/29184126/,29184126,PMC5705755,10.1038/s41467-017-01885-7,low_conf,
Bio-protocol-1918,https://elifesciences.org/articles/19907,,,,,no_pmc,
Bio-protocol-1919,http://www.ncbi.nlm.nih.gov/pubmed/25437546,https://pubmed.ncbi.nlm.nih.gov/25437546/,25437546,PMC4294707,10.1016/j.celrep.2014.10.009,low_conf,
Bio-protocol-1923,http://www.ncbi.nlm.nih.gov/pubmed/30341147,https://pubmed.ncbi.nlm.nih.gov/30341147/,30341147,PMC6305975,10.1105/tpc.18.00472,low_conf,
Bio-protocol-1926,https://www.ncbi.nlm.nih.gov/pubmed/29112850,https://pubmed.ncbi.nlm.nih.gov/29112850/,29112850,,,error,Identifier not found in PMC
Bio-protocol-1929,http://www.ncbi.nlm.nih.gov/pubmed/30232183,https://pubmed.ncbi.nlm.nih.gov/30232183/,30232183,PMC6232461,10.1128/JVI.01117-18,low_conf,
Bio-protocol-1927,https://www.ncbi.nlm.nih.gov/pubmed/30099537,https://pubmed.ncbi.nlm.nih.gov/30099537/,30099537,,,error,Identifier not found in PMC
Bio-protocol-1925,https://elifesciences.org/articles/36316,,,,,no_pmc,
Bio-protocol-1928,http://www.ncbi.nlm.nih.gov/pubmed/30327472,https://pubmed.ncbi.nlm.nih.gov/30327472/,30327472,PMC6191426,10.1038/s41467-018-06692-2,low_conf,
Bio-protocol-1930,http://www.ncbi.nlm.nih.gov/pubmed/27764142,https://pubmed.ncbi.nlm.nih.gov/27764142/,27764142,PMC5072740,10.1371/journal.pone.0164331,low_conf,
Bio-protocol-1932,http://www.ncbi.nlm.nih.gov/pubmed/27445318,https://pubmed.ncbi.nlm.nih.gov/27445318/,27445318,PMC4972447,10.1093/femsle/fnw178,low_conf,
Bio-protocol-1931,https://elifesciences.org/articles/30094,,,,,no_pmc,
Bio-protocol-1935,http://www.ncbi.nlm.nih.gov/pubmed/30235334,https://pubmed.ncbi.nlm.nih.gov/30235334/,30235334,PMC6147510,10.1371/journal.ppat.1007102,low_conf,
Bio-protocol-1933,https://elifesciences.org/articles/37750,,,,,no_pmc,
Bio-protocol-1934,http://www.ncbi.nlm.nih.gov/pubmed/29885271,https://pubmed.ncbi.nlm.nih.gov/29885271/,29885271,,,error,Identifier not found in PMC
Bio-protocol-1936,https://elifesciences.org/articles/34843,,,,,no_pmc,
Bio-protocol-1937,http://www.ncbi.nlm.nih.gov/pubmed/29459726,https://pubmed.ncbi.nlm.nih.gov/29459726/,29459726,,,error,Identifier not found in PMC
Bio-protocol-1938,https://elifesciences.org/articles/33843,,,,,no_pmc,
Bio-protocol-1940,http://www.ncbi.nlm.nih.gov/pubmed/29970597,https://pubmed.ncbi.nlm.nih.gov/29970597/,29970597,PMC6140461,10.1261/rna.067033.118,low_conf,
Bio-protocol-1942,http://www.ncbi.nlm.nih.gov/pubmed/30157438,https://pubmed.ncbi.nlm.nih.gov/30157438/,30157438,PMC6130049,10.1016/j.celrep.2018.07.104,low_conf,
Bio-protocol-1939,http://www.jneurosci.org/content/38/34/7505.long,,,,,no_pmc,
Bio-protocol-1941,https://link.springer.com/article/10.1007/s11104-004-7903-0,,,,,no_pmc,
Bio-protocol-1943,http://www.ncbi.nlm.nih.gov/pubmed/29937144,https://pubmed.ncbi.nlm.nih.gov/29937144/,29937144,PMC6067152,10.1016/j.stemcr.2018.05.018,low_conf,
Bio-protocol-1944,http://www.ncbi.nlm.nih.gov/pubmed/27320912,https://pubmed.ncbi.nlm.nih.gov/27320912/,27320912,PMC4927383,10.1016/j.celrep.2016.05.044,low_conf,
Bio-protocol-1945,http://www.ncbi.nlm.nih.gov/pubmed/17693440,https://pubmed.ncbi.nlm.nih.gov/17693440/,17693440,,,error,Identifier not found in PMC
Bio-protocol-1946,https://www.ncbi.nlm.nih.gov/pmc/articles/PMC6145312/,,,PMC6145312,,low_conf,
Bio-protocol-1947,http://www.ncbi.nlm.nih.gov/pubmed/30153109,https://pubmed.ncbi.nlm.nih.gov/30153109/,30153109,PMC6205372,10.1172/JCI122631,low_conf,
Bio-protocol-1948,http://www.ncbi.nlm.nih.gov/pubmed/29920827,https://pubmed.ncbi.nlm.nih.gov/29920827/,29920827,,,error,Identifier not found in PMC
Bio-protocol-1949,https://elifesciences.org/articles/24888,,,,,no_pmc,
Bio-protocol-1950,http://www.ncbi.nlm.nih.gov/pubmed/30153109,https://pubmed.ncbi.nlm.nih.gov/30153109/,30153109,PMC6205372,10.1172/JCI122631,low_conf,
Bio-protocol-1951,http://www.ncbi.nlm.nih.gov/pubmed/28475610,https://pubmed.ncbi.nlm.nih.gov/28475610/,28475610,PMC5419561,10.1371/journal.pone.0176915,low_conf,
Bio-protocol-1952,https://doi.org/10.1186/s13059-018-1495-0,,,,,no_pmc,
Bio-protocol-1956,https://www.ncbi.nlm.nih.gov/pubmed/28723968,https://pubmed.ncbi.nlm.nih.gov/28723968/,28723968,PMC5517011,10.1371/journal.pone.0181163,low_conf,
Bio-protocol-1953,http://www.ncbi.nlm.nih.gov/pubmed/28784628,https://pubmed.ncbi.nlm.nih.gov/28784628/,28784628,PMC5626405,10.1084/jem.20170829,low_conf,
Bio-protocol-1954,https://jvi.asm.org/content/92/16/e00477-18.abstract,,,,,no_pmc,
Bio-protocol-1958,http://www.ncbi.nlm.nih.gov/pubmed/29735983,https://pubmed.ncbi.nlm.nih.gov/29735983/,29735983,,,error,Identifier not found in PMC
Bio-protocol-1957,http://www.ncbi.nlm.nih.gov/pubmed/30082831,https://pubmed.ncbi.nlm.nih.gov/30082831/,30082831,,,error,Identifier not found in PMC
Bio-protocol-1959,https://www.ncbi.nlm.nih.gov/pubmed/30099537,https://pubmed.ncbi.nlm.nih.gov/30099537/,30099537,,,error,Identifier not found in PMC
Bio-protocol-1960,https://www.cmghjournal.org/article/S2352-345X(18)30157-7/fulltext,,,,,no_pmc,
Bio-protocol-1961,http://www.jneurosci.org/content/38/49/10424,,,,,no_pmc,
Bio-protocol-1962,http://www.ncbi.nlm.nih.gov/pubmed/29686087,https://pubmed.ncbi.nlm.nih.gov/29686087/,29686087,PMC5948953,10.1073/pnas.1712963115,low_conf,
Bio-protocol-1963,http://www.ncbi.nlm.nih.gov/pubmed/29587790,https://pubmed.ncbi.nlm.nih.gov/29587790/,29587790,PMC5870690,10.1186/s12985-018-0959-x,low_conf,
Bio-protocol-1966,http://www.ncbi.nlm.nih.gov/pubmed/29361548,https://pubmed.ncbi.nlm.nih.gov/29361548/,29361548,,,error,Identifier not found in PMC
Bio-protocol-1964,https://www.ncbi.nlm.nih.gov/pmc/articles/PMC4889147/,,,PMC4889147,,low_conf,
Bio-protocol-1965,http://www.ncbi.nlm.nih.gov/pubmed/29741467,https://pubmed.ncbi.nlm.nih.gov/29741467/,29741467,,,error,Identifier not found in PMC
Bio-protocol-1967,http://www.ncbi.nlm.nih.gov/pubmed/29969709,https://pubmed.ncbi.nlm.nih.gov/29969709/,29969709,,,error,Identifier not found in PMC
Bio-protocol-1968,http://www.ncbi.nlm.nih.gov/pubmed/30082831,https://pubmed.ncbi.nlm.nih.gov/30082831/,30082831,,,error,Identifier not found in PMC
Bio-protocol-1969,http://www.ncbi.nlm.nih.gov/pubmed/29253511,https://pubmed.ncbi.nlm.nih.gov/29253511/,29253511,,,error,Identifier not found in PMC
Bio-protocol-1971,http://www.ncbi.nlm.nih.gov/pubmed/30044984,https://pubmed.ncbi.nlm.nih.gov/30044984/,30044984,PMC6154382,10.1016/j.celrep.2018.06.085,low_conf,
Bio-protocol-1972,http://www.ncbi.nlm.nih.gov/pubmed/29603442,https://pubmed.ncbi.nlm.nih.gov/29603442/,29603442,,,error,Identifier not found in PMC
Bio-protocol-1973,https://www.ncbi.nlm.nih.gov/pubmed/30297884,https://pubmed.ncbi.nlm.nih.gov/30297884/,30297884,PMC6175926,10.1038/s41467-018-06537-y,low_conf,
Bio-protocol-1974,https://elifesciences.org/articles/26420,,,,,no_pmc,
Bio-protocol-1975,https://elifesciences.org/articles/34843,,,,,no_pmc,
Bio-protocol-1976,http://www.ncbi.nlm.nih.gov/pubmed/29712840,https://pubmed.ncbi.nlm.nih.gov/29712840/,29712840,PMC5960331,10.1073/pnas.1804233115,low_conf,
Bio-protocol-1977,http://www.ncbi.nlm.nih.gov/pubmed/25738801,https://pubmed.ncbi.nlm.nih.gov/25738801/,25738801,PMC4349581,10.1371/journal.pone.0119162,low_conf,
Bio-protocol-1978,http://www.ncbi.nlm.nih.gov/pubmed/30097293,https://pubmed.ncbi.nlm.nih.gov/30097293/,30097293,,,error,Identifier not found in PMC
Bio-protocol-1980,http://www.ncbi.nlm.nih.gov/pubmed/29440427,https://pubmed.ncbi.nlm.nih.gov/29440427/,29440427,PMC5834702,10.1073/pnas.1717363115,low_conf,
Bio-protocol-1979,http://www.ncbi.nlm.nih.gov/pubmed/28045055,https://pubmed.ncbi.nlm.nih.gov/28045055/,28045055,PMC5206632,10.1038/srep39756,low_conf,
Bio-protocol-1982,http://www.jbc.org/content/293/37/14429.abstract,,,,,no_pmc,
Bio-protocol-1984,https://www.ncbi.nlm.nih.gov/pubmed/29666231,https://pubmed.ncbi.nlm.nih.gov/29666231/,29666231,PMC5939105,10.1073/pnas.1800677115,low_conf,
Bio-protocol-1983,http://www.ncbi.nlm.nih.gov/pubmed/28755004,https://pubmed.ncbi.nlm.nih.gov/28755004/,28755004,PMC5533706,10.1038/s41598-017-07268-8,low_conf,
Bio-protocol-1985,https://elifesciences.org/articles/32111,,,,,no_pmc,
Bio-protocol-1986,http://www.ncbi.nlm.nih.gov/pubmed/29168269,https://pubmed.ncbi.nlm.nih.gov/29168269/,29168269,,,error,Identifier not found in PMC
Bio-protocol-1987,http://www.ncbi.nlm.nih.gov/pubmed/27897392,https://pubmed.ncbi.nlm.nih.gov/27897392/,27897392,PMC5326826,10.1002/jcsm.12129,low_conf,
Bio-protocol-1988,http://www.ncbi.nlm.nih.gov/pubmed/28965656,https://pubmed.ncbi.nlm.nih.gov/28965656/,28965656,,,error,Identifier not found in PMC
Bio-protocol-1990,https://www.ncbi.nlm.nih.gov/pmc/articles/PMC3839733/,,,PMC3839733,,low_conf,
Bio-protocol-1989,http://www.ncbi.nlm.nih.gov/pubmed/26138272,https://pubmed.ncbi.nlm.nih.gov/26138272/,26138272,PMC4507001,10.1038/ncomms8521,low_conf,
Bio-protocol-1991,http://www.jneurosci.org/content/38/25/5807.long,,,,,no_pmc,
Bio-protocol-1994,https://elifesciences.org/articles/29312,,,,,no_pmc,
Bio-protocol-1993,https://elifesciences.org/articles/34944,,,,,no_pmc,
Bio-protocol-1992,http://www.ncbi.nlm.nih.gov/pubmed/28628770,https://pubmed.ncbi.nlm.nih.gov/28628770/,28628770,,,error,Identifier not found in PMC
Bio-protocol-1996,http://www.ncbi.nlm.nih.gov/pubmed/29134701,https://pubmed.ncbi.nlm.nih.gov/29134701/,29134701,,,error,Identifier not found in PMC
Bio-protocol-1995,https://elifesciences.org/articles/33761,,,,,no_pmc,
Bio-protocol-1997,http://www.ncbi.nlm.nih.gov/pubmed/26573801,https://pubmed.ncbi.nlm.nih.gov/26573801/,26573801,,,error,Identifier not found in PMC
Bio-protocol-1998,https://www.ncbi.nlm.nih.gov/pubmed/30008325,https://pubmed.ncbi.nlm.nih.gov/30008325/,30008325,PMC6117477,10.1016/j.stemcr.2018.05.020,low_conf,
Bio-protocol-1999,http://www.ncbi.nlm.nih.gov/pubmed/29499134,https://pubmed.ncbi.nlm.nih.gov/29499134/,29499134,PMC5836505,10.1016/j.molcel.2018.02.001,low_conf,
Bio-protocol-2001,http://www.ncbi.nlm.nih.gov/pubmed/29244155,https://pubmed.ncbi.nlm.nih.gov/29244155/,29244155,PMC5778493,10.1093/nar/gkx1243,low_conf,
Bio-protocol-2000,http://www.ncbi.nlm.nih.gov/pubmed/28720002,https://pubmed.ncbi.nlm.nih.gov/28720002/,28720002,,,error,Identifier not found in PMC
Bio-protocol-2002,http://www.jbc.org/content/293/41/15912.long,,,,,no_pmc,
Bio-protocol-2003,http://www.ncbi.nlm.nih.gov/pubmed/29879439,https://pubmed.ncbi.nlm.nih.gov/29879439/,29879439,PMC6102071,10.1016/j.neulet.2018.05.045,low_conf,
Bio-protocol-2005,http://www.ncbi.nlm.nih.gov/pubmed/28188782,https://pubmed.ncbi.nlm.nih.gov/28188782/,28188782,PMC5877414,10.1016/j.bbabio.2017.02.002,low_conf,
Bio-protocol-2006,http://www.ncbi.nlm.nih.gov/pubmed/30190603,https://pubmed.ncbi.nlm.nih.gov/30190603/,30190603,PMC6127316,10.1038/s41598-018-31541-z,low_conf,
Bio-protocol-2004,https://elifesciences.org/articles/34338,,,,,no_pmc,
Bio-protocol-2007,http://www.ncbi.nlm.nih.gov/pubmed/29379166,https://pubmed.ncbi.nlm.nih.gov/29379166/,29379166,,,error,Identifier not found in PMC
Bio-protocol-2008,http://www.jbc.org/content/293/25/9892,,,,,no_pmc,
Bio-protocol-2009,http://www.ncbi.nlm.nih.gov/pubmed/29934344,https://pubmed.ncbi.nlm.nih.gov/29934344/,29934344,PMC6690060,10.1126/sciimmunol.aan2543,low_conf,
Bio-protocol-2012,http://pubmed.ncbi.nlm.nih.gov/34209365/,https://pubmed.ncbi.nlm.nih.gov/34209365/,34209365,PMC8268627,10.3390/ijms22137086,low_conf,
Bio-protocol-2013,http://www.jneurosci.org/content/38/29/6491.long,,,,,no_pmc,
Bio-protocol-2011,http://www.ncbi.nlm.nih.gov/pubmed/29791849,https://pubmed.ncbi.nlm.nih.gov/29791849/,29791849,,,error,Identifier not found in PMC
Bio-protocol-2014,http://www.ncbi.nlm.nih.gov/pubmed/29635344,https://pubmed.ncbi.nlm.nih.gov/29635344/,29635344,PMC6007430,10.1093/nar/gky245,low_conf,
Bio-protocol-2015,http://www.ncbi.nlm.nih.gov/pubmed/29743365,https://pubmed.ncbi.nlm.nih.gov/29743365/,29743365,PMC6026742,10.1128/JVI.00633-18,low_conf,
Bio-protocol-2016,http://www.ncbi.nlm.nih.gov/pubmed/27545046,https://pubmed.ncbi.nlm.nih.gov/27545046/,27545046,PMC7105029,10.1016/j.chom.2016.07.008,low_conf,
Bio-protocol-2017,http://www.ncbi.nlm.nih.gov/pubmed/29481865,https://pubmed.ncbi.nlm.nih.gov/29481865/,29481865,,,error,Identifier not found in PMC
Bio-protocol-2018,https://pubs.rsc.org/en/content/articlelanding/2011/sm/c0sm01332c#!divAbstract,,,,,no_pmc,
Bio-protocol-2019,http://www.ncbi.nlm.nih.gov/pubmed/29183982,https://pubmed.ncbi.nlm.nih.gov/29183982/,29183982,PMC5740648,10.1073/pnas.1713362114,low_conf,
Bio-protocol-2022,http://www.ncbi.nlm.nih.gov/pubmed/28559293,https://pubmed.ncbi.nlm.nih.gov/28559293/,28559293,PMC5512226,10.1128/JB.00272-17,low_conf,
Bio-protocol-2021,http://jcb.rupress.org/content/216/9/2759.long,,,,,no_pmc,
Bio-protocol-2020,http://www.jbc.org/content/293/1/245.long,,,,,no_pmc,
Bio-protocol-2023,http://www.ncbi.nlm.nih.gov/pubmed/29273334,https://pubmed.ncbi.nlm.nih.gov/29273334/,29273334,,,error,Identifier not found in PMC
Bio-protocol-2024,https://elifesciences.org/articles/34793,,,,,no_pmc,
Bio-protocol-2026,http://www.ncbi.nlm.nih.gov/pubmed/29233918,https://pubmed.ncbi.nlm.nih.gov/29233918/,29233918,,,error,Identifier not found in PMC
Bio-protocol-2028,http://www.ncbi.nlm.nih.gov/pmc/articles/PMC5974391/,,,PMC5974391,,low_conf,
Bio-protocol-2027,http://www.ncbi.nlm.nih.gov/pubmed/29233918,https://pubmed.ncbi.nlm.nih.gov/29233918/,29233918,,,error,Identifier not found in PMC
Bio-protocol-2029,http://www.ncbi.nlm.nih.gov/pubmed/29861135,https://pubmed.ncbi.nlm.nih.gov/29861135/,29861135,,,error,Identifier not found in PMC
Bio-protocol-2031,https://elifesciences.org/articles/30657,,,,,no_pmc,
Bio-protocol-2030,http://www.ncbi.nlm.nih.gov/pubmed/29940799,https://pubmed.ncbi.nlm.nih.gov/29940799/,29940799,PMC6135571,10.1080/15548627.2018.1462426,low_conf,
Bio-protocol-2033,http://www.ncbi.nlm.nih.gov/pubmed/28686627,https://pubmed.ncbi.nlm.nih.gov/28686627/,28686627,PMC5501588,10.1371/journal.pone.0180714,low_conf,
Bio-protocol-2034,http://www.ncbi.nlm.nih.gov/pubmed/29180596,https://pubmed.ncbi.nlm.nih.gov/29180596/,29180596,PMC5757279,10.1105/tpc.17.00595,low_conf,
Bio-protocol-2032,http://www.ncbi.nlm.nih.gov/pubmed/27867390,https://pubmed.ncbi.nlm.nih.gov/27867390/,27867390,PMC5096342,10.3389/fpls.2016.01654,low_conf,
Bio-protocol-2035,https://elifesciences.org/articles/32271,,,,,no_pmc,
Bio-protocol-2037,http://jcb.rupress.org/content/216/6/1673.long,,,,,no_pmc,
Bio-protocol-2039,https://www.biorxiv.org/content/early/2018/01/03/242198,,,,,no_pmc,
Bio-protocol-2040,https://www.biorxiv.org/content/early/2018/01/03/242198,,,,,no_pmc,
Bio-protocol-2041,https://elifesciences.org/articles/30963,,,,,no_pmc,
Bio-protocol-2043,http://www.ncbi.nlm.nih.gov/pubmed/29621251,https://pubmed.ncbi.nlm.nih.gov/29621251/,29621251,PMC5903671,10.1371/journal.pbio.2005473,low_conf,
Bio-protocol-2042,http://www.ncbi.nlm.nih.gov/pubmed/29317660,https://pubmed.ncbi.nlm.nih.gov/29317660/,29317660,PMC5760624,10.1038/s41467-017-02651-5,low_conf,
Bio-protocol-2044,https://www.sciencedirect.com/science/article/pii/S0269749115000421,,,,,no_pmc,
Bio-protocol-2048,http://www.ncbi.nlm.nih.gov/pubmed/22886303,https://pubmed.ncbi.nlm.nih.gov/22886303/,22886303,PMC3428077,10.1172/JCI60498,low_conf,
Bio-protocol-2047,https://www.ncbi.nlm.nih.gov/pubmed/29449458?dopt=Abstract,https://pubmed.ncbi.nlm.nih.gov/29449458/,29449458,PMC5817281,10.1101/lm.046300.117,low_conf,
Bio-protocol-2049,http://www.ncbi.nlm.nih.gov/pubmed/28751311,https://pubmed.ncbi.nlm.nih.gov/28751311/,28751311,PMC5579394,10.15252/embr.201744075,low_conf,
Bio-protocol-2045,https://doi.org/10.21769/Bio101,,,,,no_pmc,
Bio-protocol-2050,https://elifesciences.org/articles/30015,,,,,no_pmc,
Bio-protocol-2051,http://www.ncbi.nlm.nih.gov/pubmed/26282538,https://pubmed.ncbi.nlm.nih.gov/26282538/,26282538,PMC4539932,10.1186/s13287-015-0137-7,low_conf,
Bio-protocol-2052,http://www.ncbi.nlm.nih.gov/pubmed/29058691,https://pubmed.ncbi.nlm.nih.gov/29058691/,29058691,PMC5707154,10.1172/JCI92309,low_conf,
Bio-protocol-2054,http://www.ncbi.nlm.nih.gov/pubmed/29168500,https://pubmed.ncbi.nlm.nih.gov/29168500/,29168500,PMC5936623,10.1038/nature24620,low_conf,
Bio-protocol-2055,http://www.ncbi.nlm.nih.gov/pubmed/28147247,https://pubmed.ncbi.nlm.nih.gov/28147247/,28147247,PMC5341387,10.1016/j.neuroscience.2017.01.029,low_conf,
Bio-protocol-2053,http://www.ncbi.nlm.nih.gov/pubmed/29632092,https://pubmed.ncbi.nlm.nih.gov/29632092/,29632092,PMC5971477,10.1128/JB.00017-18,low_conf,
Bio-protocol-2056,http://www.ncbi.nlm.nih.gov/pubmed/29381681,https://pubmed.ncbi.nlm.nih.gov/29381681/,29381681,PMC5846061,10.1038/bjc.2017.447,low_conf,
Bio-protocol-2057,http://www.ncbi.nlm.nih.gov/pubmed/29595954,https://pubmed.ncbi.nlm.nih.gov/29595954/,29595954,PMC5910026,10.1021/acs.biochem.8b00070,low_conf,
Bio-protocol-2058,http://www.ncbi.nlm.nih.gov/pubmed/25065590,https://pubmed.ncbi.nlm.nih.gov/25065590/,25065590,PMC4370790,10.1038/onc.2014.220,low_conf,
Bio-protocol-2060,https://elifesciences.org/articles/37419,,,,,no_pmc,
Bio-protocol-2059,https://elifesciences.org/articles/37419,,,,,no_pmc,
Bio-protocol-2062,http://jcb.rupress.org/content/217/4/1537.long,,,,,no_pmc,
Bio-protocol-2063,http://www.ncbi.nlm.nih.gov/pubmed/22810896,https://pubmed.ncbi.nlm.nih.gov/22810896/,22810896,PMC3431157,10.1126/scisignal.2002581,low_conf,
Bio-protocol-2061,http://www.ncbi.nlm.nih.gov/pubmed/29078295,https://pubmed.ncbi.nlm.nih.gov/29078295/,29078295,PMC5699038,10.1073/pnas.1706365114,low_conf,
Bio-protocol-2064,http://www.ncbi.nlm.nih.gov/pubmed/29069773,https://pubmed.ncbi.nlm.nih.gov/29069773/,29069773,PMC5641116,10.18632/oncotarget.19552,low_conf,
Bio-protocol-2067,https://elifesciences.org/articles/24419,,,,,no_pmc,
Bio-protocol-2065,http://www.ncbi.nlm.nih.gov/pubmed/28410991,https://pubmed.ncbi.nlm.nih.gov/28410991/,28410991,PMC5476318,10.1016/j.immuni.2017.03.016,low_conf,
Bio-protocol-2066,http://www.ncbi.nlm.nih.gov/pubmed/29182472,https://pubmed.ncbi.nlm.nih.gov/29182472/,29182472,,,error,Identifier not found in PMC
Bio-protocol-2069,http://www.ncbi.nlm.nih.gov/pubmed/29281729,https://pubmed.ncbi.nlm.nih.gov/29281729/,29281729,PMC5760097,10.1371/journal.ppat.1006773,low_conf,
Bio-protocol-2070,http://www.ncbi.nlm.nih.gov/pubmed/29234141,https://pubmed.ncbi.nlm.nih.gov/29234141/,29234141,PMC5727179,10.1038/s41598-017-17796-y,low_conf,
Bio-protocol-2071,http://www.ncbi.nlm.nih.gov/pubmed/27381440,https://pubmed.ncbi.nlm.nih.gov/27381440/,27381440,,,error,Identifier not found in PMC
Bio-protocol-2072,http://www.ncbi.nlm.nih.gov/pubmed/26918522,https://pubmed.ncbi.nlm.nih.gov/26918522/,26918522,,,error,Identifier not found in PMC
Bio-protocol-2073,https://elifesciences.org/articles/32579,,,,,no_pmc,
Bio-protocol-2074,http://www.ncbi.nlm.nih.gov/pubmed/29109277,https://pubmed.ncbi.nlm.nih.gov/29109277/,29109277,PMC5715749,10.1073/pnas.1708345114,low_conf,
Bio-protocol-2075,http://www.ncbi.nlm.nih.gov/pubmed/29337310,https://pubmed.ncbi.nlm.nih.gov/29337310/,29337310,PMC5785270,10.1172/JCI96160,low_conf,
Bio-protocol-2076,http://www.ncbi.nlm.nih.gov/pubmed/28801534,https://pubmed.ncbi.nlm.nih.gov/28801534/,28801534,PMC5623850,10.15252/embr.201744017,low_conf,
Bio-protocol-2078,http://www.ncbi.nlm.nih.gov/pubmed/28306505,https://pubmed.ncbi.nlm.nih.gov/28306505/,28306505,PMC5364375,10.1016/j.molcel.2017.02.022,low_conf,
Bio-protocol-2079,https://www.molbiolcell.org/doi/full/10.1091/mbc.E17-05-0288?url_ver=Z39.88-2003&rfr_id=ori:rid:crossref.org&rfr_dat=cr_pub%3dpubmed,https://www.molbiolcell.org/doi/full/10.1091/mbc.E17-05-0288?url_ver=Z39.88-2003&rfr_id=ori:rid:crossref.org&rfr_dat=cr_pub%3dpubmed,,,,no_pmc,
Bio-protocol-2080,http://www.ncbi.nlm.nih.gov/pubmed/28728009,https://pubmed.ncbi.nlm.nih.gov/28728009/,28728009,,,error,Identifier not found in PMC
Bio-protocol-2082,https://elifesciences.org/articles/34469,,,,,no_pmc,
Bio-protocol-2081,https://elifesciences.org/articles/34655,,,,,no_pmc,
Bio-protocol-2083,http://www.ncbi.nlm.nih.gov/pubmed/29457790,https://pubmed.ncbi.nlm.nih.gov/29457790/,29457790,PMC5824873,10.1172/JCI93025,low_conf,
Bio-protocol-2084,http://www.ncbi.nlm.nih.gov/pubmed/25829441,https://pubmed.ncbi.nlm.nih.gov/25829441/,25829441,PMC4558687,10.1105/tpc.114.134692,low_conf,
Bio-protocol-2086,http://www.ncbi.nlm.nih.gov/pubmed/26163574,https://pubmed.ncbi.nlm.nih.gov/26163574/,26163574,PMC4531360,10.1105/tpc.15.00390,low_conf,
Bio-protocol-2089,http://www.ncbi.nlm.nih.gov/pubmed/28306505,https://pubmed.ncbi.nlm.nih.gov/28306505/,28306505,PMC5364375,10.1016/j.molcel.2017.02.022,low_conf,
Bio-protocol-2085,http://www.ncbi.nlm.nih.gov/pubmed/26972009,https://pubmed.ncbi.nlm.nih.gov/26972009/,26972009,,,error,Identifier not found in PMC
Bio-protocol-2091,http://www.ncbi.nlm.nih.gov/pubmed/29357350,https://pubmed.ncbi.nlm.nih.gov/29357350/,29357350,PMC5794332,10.1371/journal.pbio.2002399,low_conf,
Bio-protocol-2088,http://www.ncbi.nlm.nih.gov/pubmed/29398363,https://pubmed.ncbi.nlm.nih.gov/29398363/,29398363,,,error,Identifier not found in PMC
Bio-protocol-2090,http://www.ncbi.nlm.nih.gov/pubmed/29752414,https://pubmed.ncbi.nlm.nih.gov/29752414/,29752414,PMC5987880,10.1085/jgp.201812023,low_conf,
Bio-protocol-2092,http://www.ncbi.nlm.nih.gov/pubmed/29357350,https://pubmed.ncbi.nlm.nih.gov/29357350/,29357350,PMC5794332,10.1371/journal.pbio.2002399,low_conf,
Bio-protocol-2095,https://elifesciences.org/articles/34460,,,,,no_pmc,
Bio-protocol-2093,http://www.ncbi.nlm.nih.gov/pubmed/29145843,https://pubmed.ncbi.nlm.nih.gov/29145843/,29145843,PMC5693361,10.1186/s12934-017-0815-5,low_conf,
Bio-protocol-2094,http://www.ncbi.nlm.nih.gov/pubmed/29141215,https://pubmed.ncbi.nlm.nih.gov/29141215/,29141215,PMC5693351,10.1016/j.celrep.2017.10.065,low_conf,
Bio-protocol-2097,https://elifesciences.org/articles/24419,,,,,no_pmc,
Bio-protocol-2098,https://elifesciences.org/articles/29539,,,,,no_pmc,
Bio-protocol-2100,http://www.nature.com/articles/s41467-018-03010-8,,,,,no_pmc,
Bio-protocol-2099,http://www.ncbi.nlm.nih.gov/pubmed/29556000,https://pubmed.ncbi.nlm.nih.gov/29556000/,29556000,,,error,Identifier not found in PMC
Bio-protocol-2102,https://elifesciences.org/articles/29815,,,,,no_pmc,
Bio-protocol-2101,http://www.ncbi.nlm.nih.gov/pubmed/29273334,https://pubmed.ncbi.nlm.nih.gov/29273334/,29273334,,,error,Identifier not found in PMC
Bio-protocol-2103,http://www.ncbi.nlm.nih.gov/pubmed/28951474,https://pubmed.ncbi.nlm.nih.gov/28951474/,28951474,PMC5615195,10.1128/mBio.00895-17,low_conf,
Bio-protocol-2096,https://www.ncbi.nlm.nih.gov/pubmed/29545540,https://pubmed.ncbi.nlm.nih.gov/29545540/,29545540,PMC5854709,10.1038/s41598-018-23056-4,low_conf,
Bio-protocol-2104,https://elifesciences.org/articles/32490,,,,,no_pmc,
Bio-protocol-2105,https://elifesciences.org/articles/31804,,,,,no_pmc,
Bio-protocol-2106,http://www.ncbi.nlm.nih.gov/pubmed/29346364,https://pubmed.ncbi.nlm.nih.gov/29346364/,29346364,PMC5773152,10.1371/journal.pgen.1007106,low_conf,
Bio-protocol-2108,http://www.ncbi.nlm.nih.gov/pubmed/28004701,https://pubmed.ncbi.nlm.nih.gov/28004701/,28004701,PMC5192165,10.1038/ncomms13721,low_conf,
Bio-protocol-2107,http://www.jneurosci.org/content/38/9/2189.long,,,,,no_pmc,
Bio-protocol-2109,https://elifesciences.org/articles/31872,,,,,no_pmc,
Bio-protocol-2110,http://www.ncbi.nlm.nih.gov/pubmed/29584619,https://pubmed.ncbi.nlm.nih.gov/29584619/,29584619,PMC5919880,10.1172/JCI99088,low_conf,
Bio-protocol-2111,http://www.ncbi.nlm.nih.gov/pubmed/26589433,https://pubmed.ncbi.nlm.nih.gov/26589433/,26589433,,,error,Identifier not found in PMC
Bio-protocol-2112,http://www.ncbi.nlm.nih.gov/pubmed/29298890,https://pubmed.ncbi.nlm.nih.gov/29298890/,29298890,PMC5827372,10.1128/JVI.01530-17,low_conf,
Bio-protocol-2113,http://www.ncbi.nlm.nih.gov/pubmed/29195076,https://pubmed.ncbi.nlm.nih.gov/29195076/,29195076,,,error,Identifier not found in PMC
Bio-protocol-2114,https://pubmed.ncbi.nlm.nih.gov/29084895/,https://pubmed.ncbi.nlm.nih.gov/29084895/,29084895,PMC5736804,10.1128/IAI.00644-17,low_conf,
Bio-protocol-2116,https://elifesciences.org/articles/35368,,,,,no_pmc,
Bio-protocol-2117,http://www.ncbi.nlm.nih.gov/pmc/articles/PMC4821064/,,,PMC4821064,,low_conf,
Bio-protocol-2120,http://www.ncbi.nlm.nih.gov/pubmed/28795780,https://pubmed.ncbi.nlm.nih.gov/28795780/,28795780,PMC5653425,10.1111/mmi.13768,low_conf,
Bio-protocol-2118,http://www.jneurosci.org/content/38/20/4623.long,,,,,no_pmc,
Bio-protocol-2122,http://www.ncbi.nlm.nih.gov/pubmed/22810896,https://pubmed.ncbi.nlm.nih.gov/22810896/,22810896,PMC3431157,10.1126/scisignal.2002581,low_conf,
Bio-protocol-2121,https://www.ncbi.nlm.nih.gov/pubmed/29125191,https://pubmed.ncbi.nlm.nih.gov/29125191/,29125191,,,error,Identifier not found in PMC
Bio-protocol-2119,http://www.ncbi.nlm.nih.gov/pubmed/29136238,https://pubmed.ncbi.nlm.nih.gov/29136238/,29136238,PMC5758876,10.1093/nar/gkx1010,low_conf,
Bio-protocol-2123,http://www.ncbi.nlm.nih.gov/pubmed/28615969,https://pubmed.ncbi.nlm.nih.gov/28615969/,28615969,PMC5462554,10.1177/1179069517705384,low_conf,
Bio-protocol-2124,http://www.ncbi.nlm.nih.gov/pubmed/28551743,https://pubmed.ncbi.nlm.nih.gov/28551743/,28551743,,,error,Identifier not found in PMC
Bio-protocol-2126,http://www.ncbi.nlm.nih.gov/pubmed/29298890,https://pubmed.ncbi.nlm.nih.gov/29298890/,29298890,PMC5827372,10.1128/JVI.01530-17,low_conf,
Bio-protocol-2125,https://elifesciences.org/articles/29087,,,,,no_pmc,
Bio-protocol-2127,http://www.ncbi.nlm.nih.gov/pubmed/29462141,https://pubmed.ncbi.nlm.nih.gov/29462141/,29462141,PMC5834202,10.1371/journal.pgen.1007232,low_conf,
Bio-protocol-2130,http://www.ncbi.nlm.nih.gov/pubmed/29463697,https://pubmed.ncbi.nlm.nih.gov/29463697/,29463697,PMC5877927,10.1073/pnas.1718377115,low_conf,
Bio-protocol-2129,http://www.ncbi.nlm.nih.gov/pubmed/28283522,https://pubmed.ncbi.nlm.nih.gov/28283522/,28283522,PMC5394308,10.1128/AEM.03478-16,low_conf,
Bio-protocol-2128,http://www.jbc.org/content/293/9/3399.long,,,,,no_pmc,
Bio-protocol-2131,http://www.ncbi.nlm.nih.gov/pmc/articles/PMC5364550/,,,PMC5364550,,low_conf,
Bio-protocol-2133,http://www.jneurosci.org/content/38/6/1408.long,,,,,no_pmc,
Bio-protocol-2135,https://elifesciences.org/articles/32293,,,,,no_pmc,
Bio-protocol-2137,http://www.ncbi.nlm.nih.gov/pubmed/29227281,https://pubmed.ncbi.nlm.nih.gov/29227281/,29227281,PMC5749500,10.1172/JCI92742,low_conf,
Bio-protocol-2136,https://elifesciences.org/articles/32860,,,,,no_pmc,
Bio-protocol-2141,http://www.ncbi.nlm.nih.gov/pubmed/26991322,https://pubmed.ncbi.nlm.nih.gov/26991322/,26991322,PMC5069595,10.1111/nph.13931,low_conf,
Bio-protocol-2138,http://www.ncbi.nlm.nih.gov/pubmed/29370757,https://pubmed.ncbi.nlm.nih.gov/29370757/,29370757,PMC5785808,10.1186/s12870-018-1240-6,low_conf,
Bio-protocol-2139,http://www.ncbi.nlm.nih.gov/pubmed/29070689,https://pubmed.ncbi.nlm.nih.gov/29070689/,29070689,PMC5730775,10.1128/JVI.01130-17,low_conf,
Bio-protocol-2140,https://www.ncbi.nlm.nih.gov/pubmed/29718345,https://pubmed.ncbi.nlm.nih.gov/29718345/,29718345,PMC6140786,10.1093/neuonc/noy068,low_conf,
Bio-protocol-2142,http://www.ncbi.nlm.nih.gov/pubmed/29529030,https://pubmed.ncbi.nlm.nih.gov/29529030/,29529030,PMC5864096,10.1371/journal.pgen.1007263,low_conf,
Bio-protocol-2143,http://www.ncbi.nlm.nih.gov/pubmed/28711172,https://pubmed.ncbi.nlm.nih.gov/28711172/,28711172,PMC5529328,10.1016/j.bpj.2017.06.038,low_conf,
Bio-protocol-2148,http://www.ncbi.nlm.nih.gov/pubmed/29070689,https://pubmed.ncbi.nlm.nih.gov/29070689/,29070689,PMC5730775,10.1128/JVI.01130-17,low_conf,
Bio-protocol-2147,https://elifesciences.org/articles/24419,,,,,no_pmc,
Bio-protocol-2144,http://www.ncbi.nlm.nih.gov/pubmed/29531038,https://pubmed.ncbi.nlm.nih.gov/29531038/,29531038,PMC5879711,10.1073/pnas.1800529115,low_conf,
Bio-protocol-2145,http://www.ncbi.nlm.nih.gov/pubmed/28686317,https://pubmed.ncbi.nlm.nih.gov/28686317/,28686317,,,error,Identifier not found in PMC
Bio-protocol-2152,http://www.jneurosci.org/content/37/25/6113.long,,,,,no_pmc,
Bio-protocol-2154,http://www.ncbi.nlm.nih.gov/pubmed/23173941,https://pubmed.ncbi.nlm.nih.gov/23173941/,23173941,,,error,Identifier not found in PMC
Bio-protocol-2150,https://elifesciences.org/articles/35368,,,,,no_pmc,
Bio-protocol-2153,http://www.ncbi.nlm.nih.gov/pubmed/29453406,https://pubmed.ncbi.nlm.nih.gov/29453406/,29453406,PMC5816594,10.1038/s41598-018-21575-8,low_conf,
Bio-protocol-2151,http://www.ncbi.nlm.nih.gov/pubmed/28396119,https://pubmed.ncbi.nlm.nih.gov/28396119/,28396119,,,error,Identifier not found in PMC
Bio-protocol-2156,http://www.ncbi.nlm.nih.gov/pubmed/29321321,https://pubmed.ncbi.nlm.nih.gov/29321321/,29321321,PMC5972875,10.1128/JVI.02085-17,low_conf,
Bio-protocol-2158,http://www.ncbi.nlm.nih.gov/pubmed/27743400,https://pubmed.ncbi.nlm.nih.gov/27743400/,27743400,,,error,Identifier not found in PMC
Bio-protocol-2159,https://www.molbiolcell.org/doi/full/10.1091/mbc.E16-08-0601?url_ver=Z39.88-2003&rfr_id=ori:rid:crossref.org&rfr_dat=cr_pub%3dpubmed,https://www.molbiolcell.org/doi/full/10.1091/mbc.E16-08-0601?url_ver=Z39.88-2003&rfr_id=ori:rid:crossref.org&rfr_dat=cr_pub%3dpubmed,,,,no_pmc,
Bio-protocol-2160,http://www.ncbi.nlm.nih.gov/pubmed/28792961,https://pubmed.ncbi.nlm.nih.gov/28792961/,28792961,PMC5549931,10.1371/journal.pone.0181913,low_conf,
Bio-protocol-2157,http://www.ncbi.nlm.nih.gov/pubmed/29298053,https://pubmed.ncbi.nlm.nih.gov/29298053/,29298053,,,error,Identifier not found in PMC
Bio-protocol-2161,https://elifesciences.org/articles/25950,,,,,no_pmc,
Bio-protocol-2164,http://www.ncbi.nlm.nih.gov/pubmed/22257268,https://pubmed.ncbi.nlm.nih.gov/22257268/,22257268,,,error,Identifier not found in PMC
Bio-protocol-2162,http://www.ncbi.nlm.nih.gov/pubmed/29273333,https://pubmed.ncbi.nlm.nih.gov/29273333/,29273333,,,error,Identifier not found in PMC
Bio-protocol-2163,http://www.ncbi.nlm.nih.gov/pubmed/29343288,https://pubmed.ncbi.nlm.nih.gov/29343288/,29343288,PMC5773162,10.1186/s13287-017-0753-5,low_conf,
Bio-protocol-2168,https://elifesciences.org/articles/22564,,,,,no_pmc,
Bio-protocol-2167,http://www.ncbi.nlm.nih.gov/pubmed/26083253,https://pubmed.ncbi.nlm.nih.gov/26083253/,26083253,PMC4470668,10.1371/journal.ppat.1004913,low_conf,
Bio-protocol-2165,http://www.ncbi.nlm.nih.gov/pubmed/29216280,https://pubmed.ncbi.nlm.nih.gov/29216280/,29216280,PMC5720811,10.1371/journal.pone.0189130,low_conf,
Bio-protocol-2169,http://www.ncbi.nlm.nih.gov/pubmed/27140400,https://pubmed.ncbi.nlm.nih.gov/27140400/,27140400,PMC4887170,10.1172/JCI84652,low_conf,
Bio-protocol-2172,http://www.ncbi.nlm.nih.gov/pubmed/25808508,https://pubmed.ncbi.nlm.nih.gov/25808508/,25808508,PMC4389793,10.1098/rsob.150014,low_conf,
Bio-protocol-2175,http://www.ncbi.nlm.nih.gov/pubmed/29432414,https://pubmed.ncbi.nlm.nih.gov/29432414/,29432414,PMC5825165,10.1371/journal.pgen.1007238,low_conf,
Bio-protocol-2173,http://www.ncbi.nlm.nih.gov/pubmed/29165230,https://pubmed.ncbi.nlm.nih.gov/29165230/,29165230,,,error,Identifier not found in PMC
Bio-protocol-2174,http://www.plantcell.org/content/29/10/2570.long,,,,,no_pmc,
Bio-protocol-2176,http://www.ncbi.nlm.nih.gov/pubmed/28447635,https://pubmed.ncbi.nlm.nih.gov/28447635/,28447635,,,error,Identifier not found in PMC
Bio-protocol-2177,http://www.ncbi.nlm.nih.gov/pubmed/27102667,https://pubmed.ncbi.nlm.nih.gov/27102667/,27102667,PMC4904666,10.1105/tpc.15.00721,low_conf,
Bio-protocol-2178,http://www.ncbi.nlm.nih.gov/pubmed/28893915,https://pubmed.ncbi.nlm.nih.gov/28893915/,28893915,PMC5695122,10.1128/IAI.00373-17,low_conf,
Bio-protocol-2180,https://www.jci.org/articles/view/91893,,,,,no_pmc,
Bio-protocol-2182,https://www.ncbi.nlm.nih.gov/pmc/articles/PMC5215325/,,,PMC5215325,,low_conf,
Bio-protocol-2184,https://www.sciencedirect.com/science/article/pii/S0020751915002209?via%3Dihub,,,,,no_pmc,
Bio-protocol-2183,https://onlinelibrary.wiley.com/doi/abs/10.1111/mmi.13848,,,,,no_pmc,
Bio-protocol-2188,https://elifesciences.org/articles/22153,,,,,no_pmc,
Bio-protocol-2185,https://onlinelibrary.wiley.com/doi/abs/10.1002/hipo.22533,,,,,no_pmc,
Bio-protocol-2181,http://www.ncbi.nlm.nih.gov/pubmed/29133373,https://pubmed.ncbi.nlm.nih.gov/29133373/,29133373,PMC5761796,10.1104/pp.17.01438,low_conf,
Bio-protocol-2187,http://www.ncbi.nlm.nih.gov/pubmed/28725235,https://pubmed.ncbi.nlm.nih.gov/28725235/,28725235,PMC5496963,10.3389/fpls.2017.01171,low_conf,
Bio-protocol-2190,http://www.ncbi.nlm.nih.gov/pubmed/28918091,https://pubmed.ncbi.nlm.nih.gov/28918091/,28918091,PMC5637163,10.1016/j.jmb.2017.09.005,low_conf,
Bio-protocol-2195,https://www.biorxiv.org/content/early/2017/11/13/218800,,,,,no_pmc,
Bio-protocol-2193,http://www.ncbi.nlm.nih.gov/pubmed/27304511,https://pubmed.ncbi.nlm.nih.gov/27304511/,27304511,PMC4911708,10.1016/j.cmet.2016.05.006,low_conf,
Bio-protocol-2194,http://www.ncbi.nlm.nih.gov/pubmed/27304511,https://pubmed.ncbi.nlm.nih.gov/27304511/,27304511,PMC4911708,10.1016/j.cmet.2016.05.006,low_conf,
Bio-protocol-2198,http://www.jbc.org/content/293/20/7864.long,,,,,no_pmc,
Bio-protocol-2197,https://elifesciences.org/articles/15545,,,,,no_pmc,
Bio-protocol-2196,http://www.ncbi.nlm.nih.gov/pubmed/29069631,https://pubmed.ncbi.nlm.nih.gov/29069631/,29069631,,,error,Identifier not found in PMC
Bio-protocol-2199,https://elifesciences.org/articles/34348,,,,,no_pmc,
Bio-protocol-2203,http://www.ncbi.nlm.nih.gov/pubmed/28089076,https://pubmed.ncbi.nlm.nih.gov/28089076/,28089076,,,error,Identifier not found in PMC
Bio-protocol-2201,http://www.ncbi.nlm.nih.gov/pubmed/29081740,https://pubmed.ncbi.nlm.nih.gov/29081740/,29081740,PMC5645514,10.3389/fnbeh.2017.00196,low_conf,
Bio-protocol-2202,https://academic.oup.com/cercor/article-abstract/doi/10.1093/cercor/bhx028/3064954/Reciprocal-Connections-Between-Cortex-and-Thalamus?redirectedFrom=fulltext#62860156,,,,,no_pmc,
Bio-protocol-2204,http://www.ncbi.nlm.nih.gov/pubmed/29554117,https://pubmed.ncbi.nlm.nih.gov/29554117/,29554117,PMC5875868,10.1371/journal.pgen.1007273,low_conf,
Bio-protocol-2205,http://www.ncbi.nlm.nih.gov/pubmed/29343440,https://pubmed.ncbi.nlm.nih.gov/29343440/,29343440,PMC5783319,10.1016/j.immuni.2017.11.026,low_conf,
Bio-protocol-2206,https://www.journals.elsevier.com/biochemical-and-biophysical-research-communications,,,,,no_pmc,
Bio-protocol-2207,http://www.ncbi.nlm.nih.gov/pubmed/29317660,https://pubmed.ncbi.nlm.nih.gov/29317660/,29317660,PMC5760624,10.1038/s41467-017-02651-5,low_conf,
Bio-protocol-2209,http://www.ncbi.nlm.nih.gov/pubmed/28778888,https://pubmed.ncbi.nlm.nih.gov/28778888/,28778888,PMC5626998,10.1128/AEM.01320-17,low_conf,
Bio-protocol-2210,https://elifesciences.org/articles/27601,,,,,no_pmc,
Bio-protocol-2211,http://www.ncbi.nlm.nih.gov/pubmed/26774787,https://pubmed.ncbi.nlm.nih.gov/26774787/,26774787,,,error,Identifier not found in PMC
Bio-protocol-2212,http://www.ncbi.nlm.nih.gov/pubmed/26548801,https://pubmed.ncbi.nlm.nih.gov/26548801/,26548801,PMC4643399,10.1038/ncomms9720,low_conf,
Bio-protocol-2214,http://www.ncbi.nlm.nih.gov/pubmed/27581301,https://pubmed.ncbi.nlm.nih.gov/27581301/,27581301,,,error,Identifier not found in PMC
Bio-protocol-2213,http://www.ncbi.nlm.nih.gov/pubmed/25220457,https://pubmed.ncbi.nlm.nih.gov/25220457/,25220457,,,error,Identifier not found in PMC
Bio-protocol-2215,http://www.ncbi.nlm.nih.gov/pubmed/28604703,https://pubmed.ncbi.nlm.nih.gov/28604703/,28604703,,,error,Identifier not found in PMC
Bio-protocol-2216,http://www.ncbi.nlm.nih.gov/pubmed/28232112,https://pubmed.ncbi.nlm.nih.gov/28232112/,28232112,,,error,Identifier not found in PMC
Bio-protocol-2217,http://www.ncbi.nlm.nih.gov/pmc/articles/PMC5399092/,,,PMC5399092,,low_conf,
Bio-protocol-2222,http://www.ncbi.nlm.nih.gov/pubmed/27870853,https://pubmed.ncbi.nlm.nih.gov/27870853/,27870853,PMC5147768,10.1371/journal.pgen.1006422,low_conf,
Bio-protocol-2218,http://www.ncbi.nlm.nih.gov/pubmed/28886012,https://pubmed.ncbi.nlm.nih.gov/28886012/,28886012,PMC5607217,10.1371/journal.pgen.1007004,low_conf,
Bio-protocol-2220,http://www.ncbi.nlm.nih.gov/pubmed/28803463,https://pubmed.ncbi.nlm.nih.gov/28803463/,28803463,,,error,Identifier not found in PMC
Bio-protocol-2219,http://www.ncbi.nlm.nih.gov/pubmed/29163617,https://pubmed.ncbi.nlm.nih.gov/29163617/,29163617,PMC5675896,10.3389/fpls.2017.01898,low_conf,
Bio-protocol-2224,https://www.ncbi.nlm.nih.gov/pubmed/27869172,https://pubmed.ncbi.nlm.nih.gov/27869172/,27869172,PMC5422712,10.1038/onc.2016.401,low_conf,
Bio-protocol-2223,http://www.ncbi.nlm.nih.gov/pubmed/27091097,https://pubmed.ncbi.nlm.nih.gov/27091097/,27091097,,,error,Identifier not found in PMC
Bio-protocol-2225,http://www.ncbi.nlm.nih.gov/pmc/articles/PMC5406782/,,,PMC5406782,,low_conf,
Bio-protocol-2228,https://doi.org/10.1074/jbc.M117.789669,,,,,no_pmc,
Bio-protocol-2226,http://www.jbc.org/content/292/47/19338.long,,,,,no_pmc,
Bio-protocol-2230,https://doi.org/10.1074/jbc.M117.789669,,,,,no_pmc,
Bio-protocol-2227,https://doi.org/10.1074/jbc.M117.789669,,,,,no_pmc,
Bio-protocol-2231,https://doi.org/10.1074/jbc.M117.789669,,,,,no_pmc,
Bio-protocol-2232,http://www.ncbi.nlm.nih.gov/pubmed/28980426,https://pubmed.ncbi.nlm.nih.gov/28980426/,28980426,,,error,Identifier not found in PMC
Bio-protocol-2235,http://www.ncbi.nlm.nih.gov/pubmed/29105969,https://pubmed.ncbi.nlm.nih.gov/29105969/,29105969,,,error,Identifier not found in PMC
Bio-protocol-2234,http://www.jneurosci.org/content/37/50/12202.long,,,,,no_pmc,
Bio-protocol-2233,http://www.ncbi.nlm.nih.gov/pubmed/28827391,https://pubmed.ncbi.nlm.nih.gov/28827391/,28827391,PMC5665483,10.1242/dev.152736,low_conf,
Bio-protocol-2236,http://www.ncbi.nlm.nih.gov/pubmed/29036481,https://pubmed.ncbi.nlm.nih.gov/29036481/,29036481,PMC5714215,10.1093/nar/gkx860,low_conf,
Bio-protocol-2237,http://www.ncbi.nlm.nih.gov/pubmed/27867105,https://pubmed.ncbi.nlm.nih.gov/27867105/,27867105,,,error,Identifier not found in PMC
Bio-protocol-2238,http://www.ncbi.nlm.nih.gov/pubmed/28803472,https://pubmed.ncbi.nlm.nih.gov/28803472/,28803472,,,error,Identifier not found in PMC
Bio-protocol-2239,http://www.ncbi.nlm.nih.gov/pubmed/28930664,https://pubmed.ncbi.nlm.nih.gov/28930664/,28930664,,,error,Identifier not found in PMC
Bio-protocol-2240,http://www.ncbi.nlm.nih.gov/pubmed/28289031,https://pubmed.ncbi.nlm.nih.gov/28289031/,28289031,PMC5404533,10.1128/AAC.02724-16,low_conf,
Bio-protocol-2242,http://www.ncbi.nlm.nih.gov/pubmed/28318016,https://pubmed.ncbi.nlm.nih.gov/28318016/,28318016,,,error,Identifier not found in PMC
Bio-protocol-2243,http://www.ncbi.nlm.nih.gov/pubmed/28874586,https://pubmed.ncbi.nlm.nih.gov/28874586/,28874586,PMC5617244,10.1073/pnas.1619657114,low_conf,
Bio-protocol-2241,http://www.ncbi.nlm.nih.gov/pubmed/28916264,https://pubmed.ncbi.nlm.nih.gov/28916264/,28916264,PMC5679266,10.1016/j.immuni.2017.08.007,low_conf,
Bio-protocol-2244,https://microbialcellfactories.biomedcentral.com/articles/10.1186/s12934-017-0658-0,,,,,no_pmc,
Bio-protocol-2245,http://www.ncbi.nlm.nih.gov/pubmed/29166588,https://pubmed.ncbi.nlm.nih.gov/29166588/,29166588,PMC5714502,10.1016/j.immuni.2017.10.017,low_conf,
Bio-protocol-2248,https://www.ncbi.nlm.nih.gov/pubmed/30700754,https://pubmed.ncbi.nlm.nih.gov/30700754/,30700754,PMC6353900,10.1038/s41598-018-37187-1,low_conf,
Bio-protocol-2247,http://www.ncbi.nlm.nih.gov/pubmed/25605935,https://pubmed.ncbi.nlm.nih.gov/25605935/,25605935,PMC4345613,10.1073/pnas.1414592112,low_conf,
Bio-protocol-2246,http://www.ncbi.nlm.nih.gov/pubmed/28275097,https://pubmed.ncbi.nlm.nih.gov/28275097/,28275097,PMC5373366,10.1073/pnas.1616148114,low_conf,
Bio-protocol-2249,http://www.ncbi.nlm.nih.gov/pubmed/28089909,https://pubmed.ncbi.nlm.nih.gov/28089909/,28089909,,,error,Identifier not found in PMC
Bio-protocol-2250,http://www.ncbi.nlm.nih.gov/pubmed/29370697,https://pubmed.ncbi.nlm.nih.gov/29370697/,29370697,,,error,Identifier not found in PMC
Bio-protocol-2251,http://www.ncbi.nlm.nih.gov/pubmed/28053229,https://pubmed.ncbi.nlm.nih.gov/28053229/,28053229,PMC5255614,10.1073/pnas.1616299114,low_conf,
Bio-protocol-2252,http://www.ncbi.nlm.nih.gov/pubmed/29156489,https://pubmed.ncbi.nlm.nih.gov/29156489/,29156489,,,error,Identifier not found in PMC
Bio-protocol-2255,http://www.ncbi.nlm.nih.gov/pubmed/26954548,https://pubmed.ncbi.nlm.nih.gov/26954548/,26954548,PMC4766004,10.1016/j.devcel.2016.02.012,low_conf,
Bio-protocol-2256,http://www.ncbi.nlm.nih.gov/pubmed/28892080,https://pubmed.ncbi.nlm.nih.gov/28892080/,28892080,,,error,Identifier not found in PMC
Bio-protocol-2258,http://www.ncbi.nlm.nih.gov/pubmed/28971870,https://pubmed.ncbi.nlm.nih.gov/28971870/,28971870,PMC5700329,10.1128/AAC.00891-17,low_conf,
Bio-protocol-2257,http://www.ncbi.nlm.nih.gov/pubmed/28381547,https://pubmed.ncbi.nlm.nih.gov/28381547/,28381547,PMC5392372,10.1158/0008-5472.CAN-16-2594,low_conf,
Bio-protocol-2254,http://www.ncbi.nlm.nih.gov/pubmed/28887431,https://pubmed.ncbi.nlm.nih.gov/28887431/,28887431,PMC5636676,10.4049/jimmunol.1700539,low_conf,
Bio-protocol-2260,http://www.jneurosci.org/content/37/20/5099.long,,,,,no_pmc,
Bio-protocol-2259,http://www.ncbi.nlm.nih.gov/pubmed/29105969,https://pubmed.ncbi.nlm.nih.gov/29105969/,29105969,,,error,Identifier not found in PMC
Bio-protocol-2261,http://www.ncbi.nlm.nih.gov/pubmed/26123082,https://pubmed.ncbi.nlm.nih.gov/26123082/,26123082,,,error,Identifier not found in PMC
Bio-protocol-2264,http://www.ncbi.nlm.nih.gov/pubmed/28666354,https://pubmed.ncbi.nlm.nih.gov/28666354/,28666354,PMC5587780,10.1093/nar/gkx568,low_conf,
Bio-protocol-2262,http://www.ncbi.nlm.nih.gov/pubmed/26940049,https://pubmed.ncbi.nlm.nih.gov/26940049/,26940049,,,error,Identifier not found in PMC
Bio-protocol-2263,http://www.ncbi.nlm.nih.gov/pubmed/28666354,https://pubmed.ncbi.nlm.nih.gov/28666354/,28666354,PMC5587780,10.1093/nar/gkx568,low_conf,
Bio-protocol-2266,http://www.ncbi.nlm.nih.gov/pubmed/28232112,https://pubmed.ncbi.nlm.nih.gov/28232112/,28232112,,,error,Identifier not found in PMC
Bio-protocol-2268,http://www.ncbi.nlm.nih.gov/pubmed/23944999,https://pubmed.ncbi.nlm.nih.gov/23944999/,23944999,,,error,Identifier not found in PMC
Bio-protocol-2269,http://www.jneurosci.org/content/37/45/10983.long,,,,,no_pmc,
Bio-protocol-2272,http://www.ncbi.nlm.nih.gov/pubmed/17722696,https://pubmed.ncbi.nlm.nih.gov/17722696/,17722696,,,error,Identifier not found in PMC
Bio-protocol-2270,http://www.jneurosci.org/content/37/45/10983.long,,,,,no_pmc,
Bio-protocol-2271,https://elifesciences.org/articles/30107,,,,,no_pmc,
Bio-protocol-2273,http://www.ncbi.nlm.nih.gov/pubmed/26801976,https://pubmed.ncbi.nlm.nih.gov/26801976/,26801976,PMC4794354,10.1158/0008-5472.CAN-15-2092,low_conf,
Bio-protocol-2275,http://www.ncbi.nlm.nih.gov/pubmed/28694802,https://pubmed.ncbi.nlm.nih.gov/28694802/,28694802,PMC5483463,10.3389/fmicb.2017.01176,low_conf,
Bio-protocol-2277,http://www.ncbi.nlm.nih.gov/pubmed/28583742,https://pubmed.ncbi.nlm.nih.gov/28583742/,28583742,PMC5478201,10.1016/j.ebiom.2017.04.029,low_conf,
Bio-protocol-2278,http://www.ncbi.nlm.nih.gov/pubmed/27590137,https://pubmed.ncbi.nlm.nih.gov/27590137/,27590137,,,error,Identifier not found in PMC
Bio-protocol-2274,http://www.ncbi.nlm.nih.gov/pubmed/28973896,https://pubmed.ncbi.nlm.nih.gov/28973896/,28973896,PMC5642705,10.1073/pnas.1707792114,low_conf,
Bio-protocol-2276,http://www.ncbi.nlm.nih.gov/pubmed/29162867,https://pubmed.ncbi.nlm.nih.gov/29162867/,29162867,PMC5698466,10.1038/s41598-017-16130-w,low_conf,
Bio-protocol-2279,http://www.ncbi.nlm.nih.gov/pubmed/28619823,https://pubmed.ncbi.nlm.nih.gov/28619823/,28619823,PMC5536929,10.1242/dev.149708,low_conf,
Bio-protocol-2280,http://www.ncbi.nlm.nih.gov/pubmed/28650480,https://pubmed.ncbi.nlm.nih.gov/28650480/,28650480,PMC5743223,10.1038/ni.3789,low_conf,
Bio-protocol-2283,http://www.ncbi.nlm.nih.gov/pubmed/20957740,https://pubmed.ncbi.nlm.nih.gov/20957740/,20957740,PMC3711469,10.1002/stem.550,low_conf,
Bio-protocol-2284,http://www.ncbi.nlm.nih.gov/pubmed/26350134,https://pubmed.ncbi.nlm.nih.gov/26350134/,26350134,PMC4626903,10.1128/JB.00277-15,low_conf,
Bio-protocol-2281,http://www.jbc.org/content/292/51/21102.long,,,,,no_pmc,
Bio-protocol-2282,http://www.ncbi.nlm.nih.gov/pubmed/20957740,https://pubmed.ncbi.nlm.nih.gov/20957740/,20957740,PMC3711469,10.1002/stem.550,low_conf,
Bio-protocol-2290,http://www.ncbi.nlm.nih.gov/pubmed/26220272,https://pubmed.ncbi.nlm.nih.gov/26220272/,26220272,PMC4754536,10.1038/mt.2015.134,low_conf,
Bio-protocol-2285,https://elifesciences.org/articles/29887,,,,,no_pmc,
Bio-protocol-2286,http://www.ncbi.nlm.nih.gov/pubmed/28874471,https://pubmed.ncbi.nlm.nih.gov/28874471/,28874471,PMC5587910,10.1128/mBio.01169-17,low_conf,
Bio-protocol-2291,http://www.ncbi.nlm.nih.gov/pubmed/28977024,https://pubmed.ncbi.nlm.nih.gov/28977024/,28977024,PMC5658190,10.1371/journal.ppat.1006662,low_conf,
Bio-protocol-2289,http://www.ncbi.nlm.nih.gov/pubmed/28431230,https://pubmed.ncbi.nlm.nih.gov/28431230/,28431230,PMC6879319,10.1016/j.molcel.2017.03.016,low_conf,
Bio-protocol-2287,http://www.ncbi.nlm.nih.gov/pubmed/26798028,https://pubmed.ncbi.nlm.nih.gov/26798028/,26798028,,,error,Identifier not found in PMC
Bio-protocol-2296,http://www.jbc.org/content/292/48/19656,,,,,no_pmc,
Bio-protocol-2292,http://www.ncbi.nlm.nih.gov/pubmed/23594349,https://pubmed.ncbi.nlm.nih.gov/23594349/,23594349,,,error,Identifier not found in PMC
Bio-protocol-2297,http://www.ncbi.nlm.nih.gov/pubmed/25723341,https://pubmed.ncbi.nlm.nih.gov/25723341/,25723341,,,error,Identifier not found in PMC
Bio-protocol-2295,http://www.ncbi.nlm.nih.gov/pubmed/23970164,https://pubmed.ncbi.nlm.nih.gov/23970164/,23970164,,,error,Identifier not found in PMC
Bio-protocol-2298,http://www.ncbi.nlm.nih.gov/pubmed/24642938,https://pubmed.ncbi.nlm.nih.gov/24642938/,24642938,PMC4001389,10.1105/tpc.114.123588,low_conf,
Bio-protocol-2300,http://www.ncbi.nlm.nih.gov/pubmed/26711754,https://pubmed.ncbi.nlm.nih.gov/26711754/,26711754,PMC4776014,10.1128/AAC.02198-15,low_conf,
Bio-protocol-2303,http://www.ncbi.nlm.nih.gov/pubmed/29016661,https://pubmed.ncbi.nlm.nih.gov/29016661/,29016661,PMC5634646,10.1371/journal.pone.0186161,low_conf,
Bio-protocol-2302,http://www.ncbi.nlm.nih.gov/pubmed/24010775,https://pubmed.ncbi.nlm.nih.gov/24010775/,24010775,PMC3847706,10.1186/1756-0500-6-360,low_conf,
Bio-protocol-2301,http://www.ncbi.nlm.nih.gov/pubmed/29162867,https://pubmed.ncbi.nlm.nih.gov/29162867/,29162867,PMC5698466,10.1038/s41598-017-16130-w,low_conf,
Bio-protocol-2304,http://www.ncbi.nlm.nih.gov/pubmed/28913845,https://pubmed.ncbi.nlm.nih.gov/28913845/,28913845,,,error,Identifier not found in PMC
Bio-protocol-2305,http://www.ncbi.nlm.nih.gov/pubmed/27582046,https://pubmed.ncbi.nlm.nih.gov/27582046/,27582046,PMC5007503,10.1038/srep32507,low_conf,
Bio-protocol-2306,http://www.jbc.org/content/292/51/21159.long,,,,,no_pmc,
Bio-protocol-2307,http://www.ncbi.nlm.nih.gov/pubmed/26212365,https://pubmed.ncbi.nlm.nih.gov/26212365/,26212365,PMC4618082,10.1002/stem.2100,low_conf,
Bio-protocol-2308,http://www.ncbi.nlm.nih.gov/pubmed/27590140,https://pubmed.ncbi.nlm.nih.gov/27590140/,27590140,,,error,Identifier not found in PMC
Bio-protocol-2310,http://www.jbc.org/content/293/7/2358.long,,,,,no_pmc,
Bio-protocol-2309,http://www.ncbi.nlm.nih.gov/pubmed/27026525,https://pubmed.ncbi.nlm.nih.gov/27026525/,27026525,,,error,Identifier not found in PMC
Bio-protocol-2311,http://www.ncbi.nlm.nih.gov/pubmed/28705801,https://pubmed.ncbi.nlm.nih.gov/28705801/,28705801,PMC5579393,10.15252/embr.201643735,low_conf,
Bio-protocol-2314,http://www.ncbi.nlm.nih.gov/pubmed/26649979,https://pubmed.ncbi.nlm.nih.gov/26649979/,26649979,PMC4701545,10.1172/JCI76566,low_conf,
Bio-protocol-2315,http://www.jbc.org/content/292/41/16833.long,,,,,no_pmc,
Bio-protocol-2312,https://elifesciences.org/articles/29738,,,,,no_pmc,
Bio-protocol-2317,http://www.ncbi.nlm.nih.gov/pubmed/28435892,https://pubmed.ncbi.nlm.nih.gov/28435892/,28435892,PMC5397569,10.1128/mSphere.00385-16,low_conf,
Bio-protocol-2316,http://www.ncbi.nlm.nih.gov/pubmed/27721235,https://pubmed.ncbi.nlm.nih.gov/27721235/,27721235,PMC5096908,10.1172/JCI87252,low_conf,
Bio-protocol-2318,http://www.ncbi.nlm.nih.gov/pubmed/27076641,https://pubmed.ncbi.nlm.nih.gov/27076641/,27076641,PMC4886785,10.1128/JVI.00394-16,low_conf,
Bio-protocol-2320,http://www.jneurosci.org/content/36/18/5034.long,,,,,no_pmc,
Bio-protocol-2319,http://www.ncbi.nlm.nih.gov/pubmed/28694802,https://pubmed.ncbi.nlm.nih.gov/28694802/,28694802,PMC5483463,10.3389/fmicb.2017.01176,low_conf,
Bio-protocol-2321,http://www.ncbi.nlm.nih.gov/pubmed/28733419,https://pubmed.ncbi.nlm.nih.gov/28733419/,28733419,PMC5590496,10.1105/tpc.16.00953,low_conf,
Bio-protocol-2323,http://www.ncbi.nlm.nih.gov/pubmed/28754707,https://pubmed.ncbi.nlm.nih.gov/28754707/,28754707,PMC5601338,10.1128/AEM.01148-17,low_conf,
Bio-protocol-2325,https://onlinelibrary.wiley.com/doi/abs/10.1111/eea.12682,,,,,no_pmc,
Bio-protocol-2324,http://www.ncbi.nlm.nih.gov/pubmed/28448589,https://pubmed.ncbi.nlm.nih.gov/28448589/,28448589,PMC5407633,10.1371/journal.pone.0176357,low_conf,
Bio-protocol-2328,http://www.ncbi.nlm.nih.gov/pubmed/28800600,https://pubmed.ncbi.nlm.nih.gov/28800600/,28800600,PMC5568444,10.1371/journal.ppat.1006567,low_conf,
Bio-protocol-2327,http://www.ncbi.nlm.nih.gov/pubmed/28489917,https://pubmed.ncbi.nlm.nih.gov/28489917/,28489917,PMC5440049,10.1371/journal.ppat.1006392,low_conf,
Bio-protocol-2329,http://www.ncbi.nlm.nih.gov/pubmed/28588132,https://pubmed.ncbi.nlm.nih.gov/28588132/,28588132,PMC5461410,10.1128/mBio.00717-17,low_conf,
Bio-protocol-2331,http://www.ncbi.nlm.nih.gov/pubmed/26500256,https://pubmed.ncbi.nlm.nih.gov/26500256/,26500256,PMC4676538,10.1534/genetics.115.182808,low_conf,
Bio-protocol-2330,http://www.ncbi.nlm.nih.gov/pubmed/26500256,https://pubmed.ncbi.nlm.nih.gov/26500256/,26500256,PMC4676538,10.1534/genetics.115.182808,low_conf,
Bio-protocol-2333,http://www.ncbi.nlm.nih.gov/pubmed/28696461,https://pubmed.ncbi.nlm.nih.gov/28696461/,28696461,,,error,Identifier not found in PMC
Bio-protocol-2334,https://elifesciences.org/articles/21629,,,,,no_pmc,
Bio-protocol-2332,http://www.ncbi.nlm.nih.gov/pubmed/28747322,https://pubmed.ncbi.nlm.nih.gov/28747322/,28747322,PMC5602116,10.1261/rna.062166.117,low_conf,
Bio-protocol-2336,http://www.ncbi.nlm.nih.gov/pubmed/28625565,https://pubmed.ncbi.nlm.nih.gov/28625565/,28625565,PMC5556974,10.1016/j.devcel.2017.05.016,low_conf,
Bio-protocol-2335,http://www.ncbi.nlm.nih.gov/pubmed/29028796,https://pubmed.ncbi.nlm.nih.gov/29028796/,29028796,PMC5656322,10.1371/journal.pgen.1007053,low_conf,
Bio-protocol-2337,http://www.ncbi.nlm.nih.gov/pubmed/28781079,https://pubmed.ncbi.nlm.nih.gov/28781079/,28781079,PMC5599229,10.1016/j.stemcr.2017.07.003,low_conf,
Bio-protocol-2338,http://www.ncbi.nlm.nih.gov/pubmed/28484037,https://pubmed.ncbi.nlm.nih.gov/28484037/,28484037,PMC5448231,10.1073/pnas.1619928114,low_conf,
Bio-protocol-2339,http://www.ncbi.nlm.nih.gov/pubmed/28167779,https://pubmed.ncbi.nlm.nih.gov/28167779/,28167779,PMC5338446,10.1073/pnas.1615133114,low_conf,
Bio-protocol-2340,https://elifesciences.org/articles/26023,,,,,no_pmc,
Bio-protocol-2342,http://www.ncbi.nlm.nih.gov/pubmed/28220044,https://pubmed.ncbi.nlm.nih.gov/28220044/,28220044,PMC5447368,10.1038/mp.2017.4,low_conf,
Bio-protocol-2341,http://www.ncbi.nlm.nih.gov/pubmed/27514754,https://pubmed.ncbi.nlm.nih.gov/27514754/,27514754,,,error,Identifier not found in PMC
Bio-protocol-2344,http://www.ncbi.nlm.nih.gov/pubmed/29028003,https://pubmed.ncbi.nlm.nih.gov/29028003/,29028003,PMC5776457,10.1038/ismej.2017.176,low_conf,
Bio-protocol-2345,https://elifesciences.org/articles/29107,,,,,no_pmc,
Bio-protocol-2343,http://www.ncbi.nlm.nih.gov/pubmed/28389069,https://pubmed.ncbi.nlm.nih.gov/28389069/,28389069,PMC5442880,10.1016/j.immuni.2017.03.011,low_conf,
Bio-protocol-2347,https://elifesciences.org/articles/23011,,,,,no_pmc,
Bio-protocol-2348,https://elifesciences.org/articles/20340,,,,,no_pmc,
Bio-protocol-2346,http://www.ncbi.nlm.nih.gov/pubmed/21772271,https://pubmed.ncbi.nlm.nih.gov/21772271/,21772271,PMC3160146,10.1038/ncomms1408,low_conf,
Bio-protocol-2351,http://www.ncbi.nlm.nih.gov/pubmed/28667114,https://pubmed.ncbi.nlm.nih.gov/28667114/,28667114,PMC5561281,10.1128/AEM.01107-17,low_conf,
Bio-protocol-2350,http://www.ncbi.nlm.nih.gov/pubmed/28678843,https://pubmed.ncbi.nlm.nih.gov/28678843/,28678843,PMC5513536,10.1371/journal.ppat.1006482,low_conf,
Bio-protocol-2352,http://www.ncbi.nlm.nih.gov/pubmed/26714206,https://pubmed.ncbi.nlm.nih.gov/26714206/,26714206,,,error,Identifier not found in PMC
Bio-protocol-2353,https://epigeneticsandchromatin.biomedcentral.com/articles/10.1186/s13072-017-0148-y,,,,,no_pmc,
Bio-protocol-2355,http://www.ncbi.nlm.nih.gov/pubmed/26148841,https://pubmed.ncbi.nlm.nih.gov/26148841/,26148841,,,error,Identifier not found in PMC
Bio-protocol-2354,http://www.ncbi.nlm.nih.gov/pubmed/28671692,https://pubmed.ncbi.nlm.nih.gov/28671692/,28671692,PMC5559271,10.1038/nn.4595,low_conf,
Bio-protocol-2358,http://www.ncbi.nlm.nih.gov/pubmed/28607034,https://pubmed.ncbi.nlm.nih.gov/28607034/,28607034,PMC5538770,10.15252/embr.201744204,low_conf,
Bio-protocol-2361,https://elifesciences.org/articles/28836,,,,,no_pmc,
Bio-protocol-2357,http://www.ncbi.nlm.nih.gov/pubmed/28974696,https://pubmed.ncbi.nlm.nih.gov/28974696/,28974696,PMC5626723,10.1038/s41598-017-12719-3,low_conf,
Bio-protocol-2360,http://www.ncbi.nlm.nih.gov/pubmed/28637194,https://pubmed.ncbi.nlm.nih.gov/28637194/,28637194,,,error,Identifier not found in PMC
Bio-protocol-2362,http://www.ncbi.nlm.nih.gov/pubmed/28993252,https://pubmed.ncbi.nlm.nih.gov/28993252/,28993252,,,error,Identifier not found in PMC
Bio-protocol-2359,https://www.ncbi.nlm.nih.gov/pubmed/27852864,https://pubmed.ncbi.nlm.nih.gov/27852864/,27852864,PMC5244351,10.1128/JVI.02000-16,low_conf,
Bio-protocol-2356,http://www.ncbi.nlm.nih.gov/pubmed/28444238,https://pubmed.ncbi.nlm.nih.gov/28444238/,28444238,PMC5499592,10.1093/nar/gkx297,low_conf,
Bio-protocol-2364,http://www.ncbi.nlm.nih.gov/pubmed/28981715,https://pubmed.ncbi.nlm.nih.gov/28981715/,28981715,PMC5737702,10.1093/nar/gkx801,low_conf,
Bio-protocol-2363,http://www.ncbi.nlm.nih.gov/pubmed/28475612,https://pubmed.ncbi.nlm.nih.gov/28475612/,28475612,PMC5435356,10.1371/journal.ppat.1006379,low_conf,
Bio-protocol-2365,http://www.ncbi.nlm.nih.gov/pubmed/29034957,https://pubmed.ncbi.nlm.nih.gov/29034957/,29034957,,,error,Identifier not found in PMC
Bio-protocol-2369,https://elifesciences.org/articles/26509,,,,,no_pmc,
Bio-protocol-2366,https://elifesciences.org/articles/25093,,,,,no_pmc,
Bio-protocol-2367,https://www.ncbi.nlm.nih.gov/pubmed/21690374,https://pubmed.ncbi.nlm.nih.gov/21690374/,21690374,PMC3131330,10.1073/pnas.1101109108,low_conf,
Bio-protocol-2368,http://inventi.in/journal/article/64/11127/Inventi%20Impact:%20Pharm%20Biotech%20&%20Microbio/Pharmaceutical#,,,,,no_pmc,
Bio-protocol-2370,https://elifesciences.org/articles/26938,,,,,no_pmc,
Bio-protocol-2371,http://www.ncbi.nlm.nih.gov/pubmed/26796962,https://pubmed.ncbi.nlm.nih.gov/26796962/,26796962,PMC4722987,10.1371/journal.pgen.1005811,low_conf,
Bio-protocol-2372,http://www.ncbi.nlm.nih.gov/pubmed/28800600,https://pubmed.ncbi.nlm.nih.gov/28800600/,28800600,PMC5568444,10.1371/journal.ppat.1006567,low_conf,
Bio-protocol-2374,http://www.ncbi.nlm.nih.gov/pubmed/28530714,https://pubmed.ncbi.nlm.nih.gov/28530714/,28530714,PMC5505317,10.1038/ni.3751,low_conf,
Bio-protocol-2373,http://www.ncbi.nlm.nih.gov/pubmed/28811287,https://pubmed.ncbi.nlm.nih.gov/28811287/,28811287,PMC5599791,10.15252/embj.201796529,low_conf,
Bio-protocol-2375,https://elifesciences.org/articles/28129,,,,,no_pmc,
Bio-protocol-2376,http://www.ncbi.nlm.nih.gov/pubmed/28341806,https://pubmed.ncbi.nlm.nih.gov/28341806/,28341806,PMC5435427,10.1105/tpc.16.00825,low_conf,
Bio-protocol-2377,http://www.ncbi.nlm.nih.gov/pubmed/27043286,https://pubmed.ncbi.nlm.nih.gov/27043286/,27043286,PMC4855944,10.1172/JCI83669,low_conf,
Bio-protocol-2378,http://www.ncbi.nlm.nih.gov/pubmed/28652301,https://pubmed.ncbi.nlm.nih.gov/28652301/,28652301,PMC5573086,10.1128/JB.00179-17,low_conf,
Bio-protocol-2379,https://www.ncbi.nlm.nih.gov/pubmed/26045496,https://pubmed.ncbi.nlm.nih.gov/26045496/,26045496,PMC4475948,10.1073/pnas.1424683112,low_conf,
Bio-protocol-2381,http://rnajournal.cshlp.org/content/early/2017/07/11/rna.061184.117.abstract,,,,,no_pmc,
Bio-protocol-2382,https://elifesciences.org/articles/25290,,,,,no_pmc,
Bio-protocol-2380,https://elifesciences.org/articles/29839,,,,,no_pmc,
Bio-protocol-2383,http://www.ncbi.nlm.nih.gov/pubmed/27810883,https://pubmed.ncbi.nlm.nih.gov/27810883/,27810883,PMC5175184,10.1093/femsle/fnw249,low_conf,
Bio-protocol-2384,http://www.ncbi.nlm.nih.gov/pubmed/27025842,https://pubmed.ncbi.nlm.nih.gov/27025842/,27025842,PMC4810514,10.1186/s13059-016-0919-y,low_conf,
Bio-protocol-2385,http://www.ncbi.nlm.nih.gov/pubmed/27525512,https://pubmed.ncbi.nlm.nih.gov/27525512/,27525512,,,error,Identifier not found in PMC
Bio-protocol-2390,http://www.ncbi.nlm.nih.gov/pubmed/28683322,https://pubmed.ncbi.nlm.nih.gov/28683322/,28683322,,,error,Identifier not found in PMC
Bio-protocol-2388,http://diabetes.diabetesjournals.org/content/55/1,,,,,no_pmc,
Bio-protocol-2386,http://www.ncbi.nlm.nih.gov/pubmed/21217757,https://pubmed.ncbi.nlm.nih.gov/21217757/,21217757,,,error,Identifier not found in PMC
Bio-protocol-2394,http://www.ncbi.nlm.nih.gov/pubmed/28604684,https://pubmed.ncbi.nlm.nih.gov/28604684/,28604684,PMC5931224,10.1038/nn.4580,low_conf,
Bio-protocol-2387,http://www.jneurosci.org/content/35/46/15326.long,,,,,no_pmc,
Bio-protocol-2392,https://pubmed.ncbi.nlm.nih.gov/28522456/,https://pubmed.ncbi.nlm.nih.gov/28522456/,28522456,PMC5490902,10.1104/pp.17.00318,low_conf,
Bio-protocol-2393,https://link.springer.com/article/10.1134%2FS1021443717040173,,,,,no_pmc,
Bio-protocol-2391,http://www.ncbi.nlm.nih.gov/pubmed/28507513,https://pubmed.ncbi.nlm.nih.gov/28507513/,28507513,PMC5410607,10.3389/fnbeh.2017.00080,low_conf,
Bio-protocol-2389,http://www.jneurosci.org/content/35/40/13784.long,,,,,no_pmc,
Bio-protocol-2395,http://www.ncbi.nlm.nih.gov/pubmed/28604684,https://pubmed.ncbi.nlm.nih.gov/28604684/,28604684,PMC5931224,10.1038/nn.4580,low_conf,
Bio-protocol-2397,https://elifesciences.org/articles/26969,,,,,no_pmc,
Bio-protocol-2398,http://www.ncbi.nlm.nih.gov/pubmed/28629029,https://pubmed.ncbi.nlm.nih.gov/28629029/,28629029,,,error,Identifier not found in PMC
Bio-protocol-2401,http://www.ncbi.nlm.nih.gov/pubmed/20479933,https://pubmed.ncbi.nlm.nih.gov/20479933/,20479933,PMC2866658,10.1371/journal.pone.0010550,low_conf,
Bio-protocol-2399,http://www.ncbi.nlm.nih.gov/pubmed/28629029,https://pubmed.ncbi.nlm.nih.gov/28629029/,28629029,,,error,Identifier not found in PMC
Bio-protocol-2396,https://www.hindawi.com/journals/sci/2017/5259849/,,,,,no_pmc,
Bio-protocol-2400,https://elifesciences.org/articles/18372,,,,,no_pmc,
Bio-protocol-2403,https://www.ncbi.nlm.nih.gov/pubmed/28465425,https://pubmed.ncbi.nlm.nih.gov/28465425/,28465425,PMC5414004,10.1128/mBio.00375-17,low_conf,
Bio-protocol-2407,http://www.ncbi.nlm.nih.gov/pubmed/26596346,https://pubmed.ncbi.nlm.nih.gov/26596346/,26596346,PMC4788239,10.1534/genetics.115.182485,low_conf,
Bio-protocol-2405,http://www.ncbi.nlm.nih.gov/pubmed/28899358,https://pubmed.ncbi.nlm.nih.gov/28899358/,28899358,PMC5596468,10.1186/s12870-017-1102-7,low_conf,
Bio-protocol-2402,http://journals.plos.org/plospathogens/article?id=10.1371/journal.ppat.1006302,,,,,no_pmc,
Bio-protocol-2406,https://dev.biologists.org/content/146/13/dev164145,,,,,no_pmc,
Bio-protocol-2404,https://elifesciences.org/articles/27601,,,,,no_pmc,
Bio-protocol-2408,http://www.ncbi.nlm.nih.gov/pubmed/26870048,https://pubmed.ncbi.nlm.nih.gov/26870048/,26870048,PMC4735556,10.3389/fpls.2016.00016,low_conf,
Bio-protocol-2411,http://www.ncbi.nlm.nih.gov/pubmed/28406994,https://pubmed.ncbi.nlm.nih.gov/28406994/,28406994,PMC5391109,10.1371/journal.ppat.1006269,low_conf,
Bio-protocol-2412,https://pubmed.ncbi.nlm.nih.gov/28275146/,https://pubmed.ncbi.nlm.nih.gov/28275146/,28275146,PMC5411159,10.1104/pp.17.00265,low_conf,
Bio-protocol-2409,http://www.ncbi.nlm.nih.gov/pubmed/27002861,https://pubmed.ncbi.nlm.nih.gov/27002861/,27002861,PMC4802314,10.1038/srep23523,low_conf,
Bio-protocol-2413,http://www.ncbi.nlm.nih.gov/pubmed/28142200,https://pubmed.ncbi.nlm.nih.gov/28142200/,28142200,,,error,Identifier not found in PMC
Bio-protocol-2410,http://www.sciencedirect.com/science/article/pii/S0006291X17310628,,,,,no_pmc,
Bio-protocol-2414,http://www.ncbi.nlm.nih.gov/pubmed/28584122,https://pubmed.ncbi.nlm.nih.gov/28584122/,28584122,PMC5488920,10.1073/pnas.1618732114,low_conf,
Bio-protocol-2415,http://www.ncbi.nlm.nih.gov/pubmed/28694996,https://pubmed.ncbi.nlm.nih.gov/28694996/,28694996,PMC5500998,10.1186/s40851-017-0071-x,low_conf,
Bio-protocol-2416,http://www.ncbi.nlm.nih.gov/pubmed/28380384,https://pubmed.ncbi.nlm.nih.gov/28380384/,28380384,PMC5479132,10.1016/j.cmet.2017.03.019,low_conf,
Bio-protocol-2418,https://elifesciences.org/articles/22799,,,,,no_pmc,
Bio-protocol-2419,http://www.cell.com/stem-cell-reports/abstract/S2213-6711(17)30216-3,,,,,no_pmc,
Bio-protocol-2417,https://elifesciences.org/articles/22799,,,,,no_pmc,
Bio-protocol-2423,http://www.ncbi.nlm.nih.gov/pubmed/27520276,https://pubmed.ncbi.nlm.nih.gov/27520276/,27520276,PMC5533861,10.1007/s12035-016-0026-9,low_conf,
Bio-protocol-2421,https://elifesciences.org/articles/27451,,,,,no_pmc,
Bio-protocol-2420,http://www.ncbi.nlm.nih.gov/pubmed/28470788,https://pubmed.ncbi.nlm.nih.gov/28470788/,28470788,,,error,Identifier not found in PMC
Bio-protocol-2422,http://www.ncbi.nlm.nih.gov/pubmed/28384279,https://pubmed.ncbi.nlm.nih.gov/28384279/,28384279,PMC5383330,10.1371/journal.ppat.1006251,low_conf,
Bio-protocol-2424,http://www.ncbi.nlm.nih.gov/pubmed/28801232,https://pubmed.ncbi.nlm.nih.gov/28801232/,28801232,,,error,Identifier not found in PMC
Bio-protocol-2425,https://www.ncbi.nlm.nih.gov/pubmed/22281778,https://pubmed.ncbi.nlm.nih.gov/22281778/,22281778,,,error,Identifier not found in PMC
Bio-protocol-2428,http://onlinelibrary.wiley.com/doi/10.1002/(SICI)1522-2624(199901)162:1%3C15::AID-JPLN15%3E3.0.CO;2-P/full,,,,,no_pmc,
Bio-protocol-2429,http://www.ncbi.nlm.nih.gov/pubmed/27974729,https://pubmed.ncbi.nlm.nih.gov/27974729/,27974729,,,error,Identifier not found in PMC
Bio-protocol-2426,http://www.ncbi.nlm.nih.gov/pubmed/27138568,https://pubmed.ncbi.nlm.nih.gov/27138568/,27138568,PMC4864890,10.15252/emmm.201606255,low_conf,
Bio-protocol-2430,http://www.ncbi.nlm.nih.gov/pubmed/26699639,https://pubmed.ncbi.nlm.nih.gov/26699639/,26699639,PMC4810687,10.1128/JVI.02997-15,low_conf,
Bio-protocol-2427,http://www.ncbi.nlm.nih.gov/pubmed/26984601,https://pubmed.ncbi.nlm.nih.gov/26984601/,26984601,,,error,Identifier not found in PMC
Bio-protocol-2431,http://www.ncbi.nlm.nih.gov/pubmed/26699639,https://pubmed.ncbi.nlm.nih.gov/26699639/,26699639,PMC4810687,10.1128/JVI.02997-15,low_conf,
Bio-protocol-2436,http://www.ncbi.nlm.nih.gov/pubmed/28384279,https://pubmed.ncbi.nlm.nih.gov/28384279/,28384279,PMC5383330,10.1371/journal.ppat.1006251,low_conf,
Bio-protocol-2433,http://www.ncbi.nlm.nih.gov/pubmed/28479102,https://pubmed.ncbi.nlm.nih.gov/28479102/,28479102,PMC5484087,10.1016/j.neuron.2017.04.021,low_conf,
Bio-protocol-2432,http://www.ncbi.nlm.nih.gov/pubmed/28479102,https://pubmed.ncbi.nlm.nih.gov/28479102/,28479102,PMC5484087,10.1016/j.neuron.2017.04.021,low_conf,
Bio-protocol-2434,http://www.ncbi.nlm.nih.gov/pubmed/28900026,https://pubmed.ncbi.nlm.nih.gov/28900026/,28900026,PMC5596342,10.1128/mBio.01089-17,low_conf,
Bio-protocol-2435,http://www.ncbi.nlm.nih.gov/pubmed/28436144,https://pubmed.ncbi.nlm.nih.gov/28436144/,28436144,,,error,Identifier not found in PMC
Bio-protocol-2437,https://www.nature.com/articles/s41467-017-00529-0,,,,,no_pmc,
Bio-protocol-2438,http://www.ncbi.nlm.nih.gov/pubmed/26427854,https://pubmed.ncbi.nlm.nih.gov/26427854/,26427854,,,error,Identifier not found in PMC
Bio-protocol-2441,http://www.ncbi.nlm.nih.gov/pubmed/28698583,https://pubmed.ncbi.nlm.nih.gov/28698583/,28698583,PMC5505971,10.1038/s41598-017-05338-5,low_conf,
Bio-protocol-2439,http://www.ncbi.nlm.nih.gov/pubmed/28376567,https://pubmed.ncbi.nlm.nih.gov/28376567/,28376567,,,error,Identifier not found in PMC
Bio-protocol-2440,http://www.ncbi.nlm.nih.gov/pubmed/27302758,https://pubmed.ncbi.nlm.nih.gov/27302758/,27302758,PMC4916379,10.1128/mBio.00667-16,low_conf,
Bio-protocol-2443,http://www.ncbi.nlm.nih.gov/pubmed/28438207,https://pubmed.ncbi.nlm.nih.gov/28438207/,28438207,PMC5404680,10.1186/s12934-017-0681-1,low_conf,
Bio-protocol-2444,http://www.ncbi.nlm.nih.gov/pubmed/25964651,https://pubmed.ncbi.nlm.nih.gov/25964651/,25964651,,,error,Identifier not found in PMC
Bio-protocol-2442,http://www.ncbi.nlm.nih.gov/pubmed/27840021,https://pubmed.ncbi.nlm.nih.gov/27840021/,27840021,,,error,Identifier not found in PMC
Bio-protocol-2445,http://www.ncbi.nlm.nih.gov/pubmed/28389538,https://pubmed.ncbi.nlm.nih.gov/28389538/,28389538,PMC5452807,10.1128/AEM.00450-17,low_conf,
Bio-protocol-2447,http://www.ncbi.nlm.nih.gov/pubmed/28250424,https://pubmed.ncbi.nlm.nih.gov/28250424/,28250424,PMC5807080,10.1038/ni.3692,low_conf,
Bio-protocol-2446,https://elifesciences.org/articles/19048,,,,,no_pmc,
Bio-protocol-2448,http://www.ncbi.nlm.nih.gov/pubmed/28346408,https://pubmed.ncbi.nlm.nih.gov/28346408/,28346408,,,error,Identifier not found in PMC
Bio-protocol-2449,http://www.ncbi.nlm.nih.gov/pubmed/28381444,https://pubmed.ncbi.nlm.nih.gov/28381444/,28381444,PMC5466031,10.1105/tpc.16.00967,low_conf,
Bio-protocol-2450,http://www.ncbi.nlm.nih.gov/pubmed/28604682,https://pubmed.ncbi.nlm.nih.gov/28604682/,28604682,,,error,Identifier not found in PMC
Bio-protocol-2451,http://jcb.rupress.org/content/216/7/2151.long,,,,,no_pmc,
Bio-protocol-2452,http://www.ncbi.nlm.nih.gov/pubmed/28779171,https://pubmed.ncbi.nlm.nih.gov/28779171/,28779171,PMC5544745,10.1038/s41598-017-07876-4,low_conf,
Bio-protocol-2453,https://pubmed.ncbi.nlm.nih.gov/28747494/,https://pubmed.ncbi.nlm.nih.gov/28747494/,28747494,PMC5599771,10.1128/JVI.00870-17,low_conf,
Bio-protocol-2454,http://www.ncbi.nlm.nih.gov/pubmed/28258158,https://pubmed.ncbi.nlm.nih.gov/28258158/,28258158,PMC5435421,10.1105/tpc.16.00573,low_conf,
Bio-protocol-2456,http://www.jneurosci.org/content/37/37/9000.long,,,,,no_pmc,
Bio-protocol-2455,http://www.ncbi.nlm.nih.gov/pubmed/27184595,https://pubmed.ncbi.nlm.nih.gov/27184595/,27184595,PMC4869002,10.1038/srep25825,low_conf,
Bio-protocol-2457,http://www.ncbi.nlm.nih.gov/pubmed/28324650,https://pubmed.ncbi.nlm.nih.gov/28324650/,28324650,,,error,Identifier not found in PMC
Bio-protocol-2458,http://www.ncbi.nlm.nih.gov/pubmed/28319057,https://pubmed.ncbi.nlm.nih.gov/28319057/,28319057,,,error,Identifier not found in PMC
Bio-protocol-2459,http://www.mdpi.com/1999-4915/8/7/188,,,,,no_pmc,
Bio-protocol-2460,https://elifesciences.org/articles/23545,,,,,no_pmc,
Bio-protocol-2462,http://jcb.rupress.org/content/197/1/45.long,,,,,no_pmc,
Bio-protocol-2461,http://jcb.rupress.org/content/197/1/45.long,,,,,no_pmc,
Bio-protocol-2465,http://www.ncbi.nlm.nih.gov/pubmed/28213541,https://pubmed.ncbi.nlm.nih.gov/28213541/,28213541,PMC5394322,10.1128/AEM.03389-16,low_conf,
Bio-protocol-2464,http://www.ncbi.nlm.nih.gov/pubmed/27825349,https://pubmed.ncbi.nlm.nih.gov/27825349/,27825349,PMC5101802,10.1186/s12934-016-0587-3,low_conf,
Bio-protocol-2463,http://www.ncbi.nlm.nih.gov/pubmed/26993299,https://pubmed.ncbi.nlm.nih.gov/26993299/,26993299,,,error,Identifier not found in PMC
Bio-protocol-2467,http://www.ncbi.nlm.nih.gov/pubmed/26780456,https://pubmed.ncbi.nlm.nih.gov/26780456/,26780456,,,error,Identifier not found in PMC
Bio-protocol-2466,http://www.ncbi.nlm.nih.gov/pubmed/28694996,https://pubmed.ncbi.nlm.nih.gov/28694996/,28694996,PMC5500998,10.1186/s40851-017-0071-x,low_conf,
Bio-protocol-2468,http://www.ncbi.nlm.nih.gov/pubmed/28452358,https://pubmed.ncbi.nlm.nih.gov/28452358/,28452358,PMC5414355,10.1038/ncomms15172,low_conf,
Bio-protocol-2469,http://www.ncbi.nlm.nih.gov/pubmed/28452988,https://pubmed.ncbi.nlm.nih.gov/28452988/,28452988,PMC5478883,10.1038/nplants.2017.56,low_conf,
Bio-protocol-2471,http://www.ncbi.nlm.nih.gov/pubmed/27299700,https://pubmed.ncbi.nlm.nih.gov/27299700/,27299700,PMC5572139,10.1002/stem.2417,low_conf,
Bio-protocol-2472,http://www.ncbi.nlm.nih.gov/pubmed/28434940,https://pubmed.ncbi.nlm.nih.gov/28434940/,28434940,PMC5425658,10.1016/j.stemcr.2017.03.019,low_conf,
Bio-protocol-2470,https://www.ncbi.nlm.nih.gov/pubmed/28614657,https://pubmed.ncbi.nlm.nih.gov/28614657/,28614657,PMC5766003,10.1021/acsnano.7b02884,low_conf,
Bio-protocol-2473,https://pubmed.ncbi.nlm.nih.gov/26530315/,https://pubmed.ncbi.nlm.nih.gov/26530315/,26530315,PMC4704589,10.1104/pp.15.01409,low_conf,
Bio-protocol-2474,https://pubmed.ncbi.nlm.nih.gov/26530315/,https://pubmed.ncbi.nlm.nih.gov/26530315/,26530315,PMC4704589,10.1104/pp.15.01409,low_conf,
Bio-protocol-2475,https://pubmed.ncbi.nlm.nih.gov/26530315/,https://pubmed.ncbi.nlm.nih.gov/26530315/,26530315,PMC4704589,10.1104/pp.15.01409,low_conf,
Bio-protocol-2477,http://www.ncbi.nlm.nih.gov/pubmed/28544616,https://pubmed.ncbi.nlm.nih.gov/28544616/,28544616,PMC5506426,10.1111/acel.12604,low_conf,
Bio-protocol-2476,http://www.ncbi.nlm.nih.gov/pubmed/28087239,https://pubmed.ncbi.nlm.nih.gov/28087239/,28087239,PMC5263257,10.1016/j.immuni.2016.12.010,low_conf,
Bio-protocol-2478,https://pubmed.ncbi.nlm.nih.gov/27261063/,https://pubmed.ncbi.nlm.nih.gov/27261063/,27261063,PMC4972258,10.1104/pp.16.01581,low_conf,
Bio-protocol-2479,http://www.ncbi.nlm.nih.gov/pubmed/27807143,https://pubmed.ncbi.nlm.nih.gov/27807143/,27807143,PMC5135375,10.1073/pnas.1612626113,low_conf,
Bio-protocol-2480,http://www.ncbi.nlm.nih.gov/pubmed/25535197,https://pubmed.ncbi.nlm.nih.gov/25535197/,25535197,,,error,Identifier not found in PMC
Bio-protocol-2481,https://elifesciences.org/articles/23013,,,,,no_pmc,
Bio-protocol-2483,http://www.ncbi.nlm.nih.gov/pubmed/28253371,https://pubmed.ncbi.nlm.nih.gov/28253371/,28253371,PMC5349695,10.1371/journal.ppat.1006262,low_conf,
Bio-protocol-2482,https://elifesciences.org/articles/23013,,,,,no_pmc,
Bio-protocol-2484,http://www.ncbi.nlm.nih.gov/pubmed/28452988,https://pubmed.ncbi.nlm.nih.gov/28452988/,28452988,PMC5478883,10.1038/nplants.2017.56,low_conf,
Bio-protocol-2485,http://jcb.rupress.org/content/216/4/1107.long,,,,,no_pmc,
Bio-protocol-2487,https://www.ncbi.nlm.nih.gov/pubmed/27859288,https://pubmed.ncbi.nlm.nih.gov/27859288/,27859288,,,error,Identifier not found in PMC
Bio-protocol-2489,http://www.ncbi.nlm.nih.gov/pubmed/28487523,https://pubmed.ncbi.nlm.nih.gov/28487523/,28487523,PMC5431616,10.1038/s41598-017-01790-5,low_conf,
Bio-protocol-2488,http://www.ncbi.nlm.nih.gov/pubmed/21925107,https://pubmed.ncbi.nlm.nih.gov/21925107/,21925107,PMC3182769,10.1016/j.chom.2011.08.004,low_conf,
Bio-protocol-2486,https://academic.oup.com/nar/advance-article/doi/10.1093/nar/gkx1194/4653540,,,,,no_pmc,
Bio-protocol-2490,http://www.ncbi.nlm.nih.gov/pubmed/28769044,https://pubmed.ncbi.nlm.nih.gov/28769044/,28769044,PMC5540929,10.1038/s41598-017-06310-z,low_conf,
Bio-protocol-2491,http://www.ncbi.nlm.nih.gov/pubmed/27280707,https://pubmed.ncbi.nlm.nih.gov/27280707/,27280707,PMC4900624,10.1371/journal.ppat.1005669,low_conf,
Bio-protocol-2492,http://www.ncbi.nlm.nih.gov/pubmed/27859364,https://pubmed.ncbi.nlm.nih.gov/27859364/,27859364,,,error,Identifier not found in PMC
Bio-protocol-2493,http://www.ncbi.nlm.nih.gov/pubmed/28167519,https://pubmed.ncbi.nlm.nih.gov/28167519/,28167519,PMC5370414,10.1128/JB.00776-16,low_conf,
Bio-protocol-2496,http://www.ncbi.nlm.nih.gov/pubmed/27895104,https://pubmed.ncbi.nlm.nih.gov/27895104/,27895104,PMC5210085,10.15252/embr.201642738,low_conf,
Bio-protocol-2494,https://elifesciences.org/articles/24419,,,,,no_pmc,
Bio-protocol-2497,http://www.ncbi.nlm.nih.gov/pubmed/27920297,https://pubmed.ncbi.nlm.nih.gov/27920297/,27920297,PMC5287397,10.1128/JB.00715-16,low_conf,
Bio-protocol-2495,http://www.ncbi.nlm.nih.gov/pubmed/28181357,https://pubmed.ncbi.nlm.nih.gov/28181357/,28181357,,,error,Identifier not found in PMC
Bio-protocol-2498,http://www.ncbi.nlm.nih.gov/pubmed/28077652,https://pubmed.ncbi.nlm.nih.gov/28077652/,28077652,PMC5331806,10.1128/JVI.02225-16,low_conf,
Bio-protocol-2502,http://www.ncbi.nlm.nih.gov/pubmed/27895104,https://pubmed.ncbi.nlm.nih.gov/27895104/,27895104,PMC5210085,10.15252/embr.201642738,low_conf,
Bio-protocol-2500,http://www.ebiomedicine.com/article/S2352-3964(17)30230-X/fulltext#s0040,,,,,no_pmc,
Bio-protocol-2499,http://www.ncbi.nlm.nih.gov/pubmed/28351991,https://pubmed.ncbi.nlm.nih.gov/28351991/,28351991,PMC5435424,10.1105/tpc.16.00735,low_conf,
Bio-protocol-2501,http://www.ncbi.nlm.nih.gov/pubmed/27217018,https://pubmed.ncbi.nlm.nih.gov/27217018/,27217018,PMC4877573,10.1038/srep25994,low_conf,
Bio-protocol-2503,https://elifesciences.org/articles/23545,,,,,no_pmc,
Bio-protocol-2504,http://www.ncbi.nlm.nih.gov/pubmed/28394257,https://pubmed.ncbi.nlm.nih.gov/28394257/,28394257,PMC5409830,10.1172/JCI91406,low_conf,
Bio-protocol-2505,http://www.ncbi.nlm.nih.gov/pubmed/28394257,https://pubmed.ncbi.nlm.nih.gov/28394257/,28394257,PMC5409830,10.1172/JCI91406,low_conf,
Bio-protocol-2509,http://www.ncbi.nlm.nih.gov/pubmed/27899609,https://pubmed.ncbi.nlm.nih.gov/27899609/,27899609,PMC5224473,10.1093/nar/gkw1027,low_conf,
Bio-protocol-2508,https://pubmed.ncbi.nlm.nih.gov/28153926/,https://pubmed.ncbi.nlm.nih.gov/28153926/,28153926,PMC5338678,10.1104/pp.16.01895,low_conf,
Bio-protocol-2507,http://www.ncbi.nlm.nih.gov/pubmed/27703214,https://pubmed.ncbi.nlm.nih.gov/27703214/,27703214,PMC5050455,10.1038/srep34727,low_conf,
Bio-protocol-2506,http://www.ncbi.nlm.nih.gov/pubmed/27904648,https://pubmed.ncbi.nlm.nih.gov/27904648/,27904648,PMC5121945,10.1186/s13007-016-0148-0,low_conf,
Bio-protocol-2512,http://www.ncbi.nlm.nih.gov/pubmed/28490440,https://pubmed.ncbi.nlm.nih.gov/28490440/,28490440,PMC5461005,10.1084/jem.20161760,low_conf,
Bio-protocol-2513,http://www.ncbi.nlm.nih.gov/pubmed/28002730,https://pubmed.ncbi.nlm.nih.gov/28002730/,28002730,,,error,Identifier not found in PMC
Bio-protocol-2517,http://www.ncbi.nlm.nih.gov/pubmed/28490657,https://pubmed.ncbi.nlm.nih.gov/28490657/,28490657,PMC5451546,10.1098/rsob.170066,low_conf,
Bio-protocol-2514,http://www.ncbi.nlm.nih.gov/pubmed/28262484,https://pubmed.ncbi.nlm.nih.gov/28262484/,28262484,PMC5446062,10.1016/j.cub.2017.02.004,low_conf,
Bio-protocol-2516,https://elifesciences.org/articles/19466,,,,,no_pmc,
Bio-protocol-2515,http://www.ncbi.nlm.nih.gov/pubmed/27869652,https://pubmed.ncbi.nlm.nih.gov/27869652/,27869652,PMC5199715,10.1172/JCI88736,low_conf,
Bio-protocol-2518,http://www.ncbi.nlm.nih.gov/pubmed/28356392,https://pubmed.ncbi.nlm.nih.gov/28356392/,28356392,PMC5413328,10.1084/jem.20161076,low_conf,
Bio-protocol-2520,http://www.ncbi.nlm.nih.gov/pubmed/28103403,https://pubmed.ncbi.nlm.nih.gov/28103403/,28103403,,,error,Identifier not found in PMC
Bio-protocol-2519,https://www.ncbi.nlm.nih.gov/pubmed/28586432,https://pubmed.ncbi.nlm.nih.gov/28586432/,28586432,PMC5737561,10.1093/dnares/dsx023,low_conf,
Bio-protocol-2521,http://www.jneurosci.org/content/35/25/9424.long,,,,,no_pmc,
Bio-protocol-2522,http://www.ncbi.nlm.nih.gov/pubmed/28238795,https://pubmed.ncbi.nlm.nih.gov/28238795/,28238795,PMC5355646,10.1016/j.stemcr.2017.01.022,low_conf,
Bio-protocol-2523,http://www.ncbi.nlm.nih.gov/pubmed/28340575,https://pubmed.ncbi.nlm.nih.gov/28340575/,28340575,PMC5366128,10.1186/s12974-017-0843-4,low_conf,
Bio-protocol-2525,https://www.ncbi.nlm.nih.gov/pubmed/28732005,https://pubmed.ncbi.nlm.nih.gov/28732005/,28732005,PMC5521747,10.1371/journal.pgen.1006880,low_conf,
Bio-protocol-2524,http://www.ncbi.nlm.nih.gov/pubmed/27621091,https://pubmed.ncbi.nlm.nih.gov/27621091/,27621091,,,error,Identifier not found in PMC
Bio-protocol-2528,http://www.ncbi.nlm.nih.gov/pubmed/27790794,https://pubmed.ncbi.nlm.nih.gov/27790794/,27790794,,,error,Identifier not found in PMC
Bio-protocol-2526,https://www.ncbi.nlm.nih.gov/pubmed/27170753,https://pubmed.ncbi.nlm.nih.gov/27170753/,27170753,PMC4944277,10.1128/JVI.00602-16,low_conf,
Bio-protocol-2527,http://www.ncbi.nlm.nih.gov/pubmed/28416706,https://pubmed.ncbi.nlm.nih.gov/28416706/,28416706,PMC5472818,10.1128/JB.00141-17,low_conf,
Bio-protocol-2531,http://www.ncbi.nlm.nih.gov/pubmed/27647934,https://pubmed.ncbi.nlm.nih.gov/27647934/,27647934,PMC5103875,10.1042/BCJ20160655,low_conf,
Bio-protocol-2529,http://www.ncbi.nlm.nih.gov/pubmed/26072707,https://pubmed.ncbi.nlm.nih.gov/26072707/,26072707,PMC4466887,10.1038/srep11384,low_conf,
Bio-protocol-2530,http://www.ncbi.nlm.nih.gov/pubmed/28210216,https://pubmed.ncbi.nlm.nih.gov/28210216/,28210216,PMC5288368,10.3389/fnbeh.2017.00007,low_conf,
Bio-protocol-2533,http://www.ncbi.nlm.nih.gov/pubmed/27909244,https://pubmed.ncbi.nlm.nih.gov/27909244/,27909244,,,error,Identifier not found in PMC
Bio-protocol-2532,https://pubmed.ncbi.nlm.nih.gov/28584065/,https://pubmed.ncbi.nlm.nih.gov/28584065/,28584065,PMC5462037,10.1104/pp.17.00156,low_conf,
Bio-protocol-2534,http://www.ncbi.nlm.nih.gov/pubmed/26585422,https://pubmed.ncbi.nlm.nih.gov/26585422/,26585422,PMC5063192,10.1111/nph.13747,low_conf,
Bio-protocol-2536,https://elifesciences.org/articles/25302,,,,,no_pmc,
Bio-protocol-2535,http://www.ncbi.nlm.nih.gov/pubmed/27771431,https://pubmed.ncbi.nlm.nih.gov/27771431/,27771431,,,error,Identifier not found in PMC
Bio-protocol-2537,https://www.ncbi.nlm.nih.gov/pubmed/28246385,https://pubmed.ncbi.nlm.nih.gov/28246385/,28246385,PMC5428321,10.1038/s41598-017-00079-x,low_conf,
Bio-protocol-2539,http://www.ncbi.nlm.nih.gov/pubmed/27583406,https://pubmed.ncbi.nlm.nih.gov/27583406/,27583406,PMC5008812,10.1371/journal.ppat.1005816,low_conf,
Bio-protocol-2540,http://www.ncbi.nlm.nih.gov/pubmed/27641304,https://pubmed.ncbi.nlm.nih.gov/27641304/,27641304,PMC5135584,10.1016/j.stem.2016.08.006,low_conf,
Bio-protocol-2543,http://www.ncbi.nlm.nih.gov/pubmed/26820678,https://pubmed.ncbi.nlm.nih.gov/26820678/,26820678,,,error,Identifier not found in PMC
Bio-protocol-2538,http://www.ncbi.nlm.nih.gov/pubmed/27979972,https://pubmed.ncbi.nlm.nih.gov/27979972/,27979972,PMC5210122,10.15252/embr.201642683,low_conf,
Bio-protocol-2542,http://www.bio-protocol.org/archive.aspx?issid=1179,,,,,no_pmc,
Bio-protocol-2544,http://www.ncbi.nlm.nih.gov/pubmed/28045376,https://pubmed.ncbi.nlm.nih.gov/28045376/,28045376,,,error,Identifier not found in PMC
Bio-protocol-2548,http://www.ncbi.nlm.nih.gov/pubmed/28197083,https://pubmed.ncbi.nlm.nih.gov/28197083/,28197083,PMC5281608,10.3389/fnbeh.2017.00016,low_conf,
Bio-protocol-2549,https://elifesciences.org/articles/24419,,,,,no_pmc,
Bio-protocol-2545,http://www.ncbi.nlm.nih.gov/pubmed/28129503,https://pubmed.ncbi.nlm.nih.gov/28129503/,28129503,PMC5848212,10.1021/acsnano.6b07600,low_conf,
Bio-protocol-2546,http://www.ncbi.nlm.nih.gov/pubmed/28306723,https://pubmed.ncbi.nlm.nih.gov/28306723/,28306723,PMC5371381,10.1371/journal.ppat.1006280,low_conf,
Bio-protocol-2550,https://elifesciences.org/articles/19466,,,,,no_pmc,
Bio-protocol-2547,http://www.ncbi.nlm.nih.gov/pubmed/24672043,https://pubmed.ncbi.nlm.nih.gov/24672043/,24672043,PMC4054383,10.1128/JVI.00704-14,low_conf,
Bio-protocol-2551,https://pubmed.ncbi.nlm.nih.gov/27613852/,https://pubmed.ncbi.nlm.nih.gov/27613852/,27613852,PMC5100766,10.1104/pp.16.01079,low_conf,
Bio-protocol-2552,http://www.ncbi.nlm.nih.gov/pubmed/28400491,https://pubmed.ncbi.nlm.nih.gov/28400491/,28400491,PMC5466027,10.1105/tpc.16.00886,low_conf,
Bio-protocol-2553,http://www.ncbi.nlm.nih.gov/pubmed/28650315,https://pubmed.ncbi.nlm.nih.gov/28650315/,28650315,PMC5484615,10.7554/eLife.22564,low_conf,
Bio-protocol-2554,http://www.ncbi.nlm.nih.gov/pubmed/27743400,https://pubmed.ncbi.nlm.nih.gov/27743400/,27743400,,,error,Identifier not found in PMC
Bio-protocol-2555,http://www.ncbi.nlm.nih.gov/pubmed/27743400,https://pubmed.ncbi.nlm.nih.gov/27743400/,27743400,,,error,Identifier not found in PMC
Bio-protocol-2556,http://www.ncbi.nlm.nih.gov/pubmed/28103403,https://pubmed.ncbi.nlm.nih.gov/28103403/,28103403,,,error,Identifier not found in PMC
Bio-protocol-2557,http://www.ncbi.nlm.nih.gov/pubmed/27996021,https://pubmed.ncbi.nlm.nih.gov/27996021/,27996021,PMC5171832,10.1038/srep39076,low_conf,
Bio-protocol-2561,https://pubmed.ncbi.nlm.nih.gov/28584065/,https://pubmed.ncbi.nlm.nih.gov/28584065/,28584065,PMC5462037,10.1104/pp.17.00156,low_conf,
Bio-protocol-2559,http://www.ncbi.nlm.nih.gov/pubmed/26820678,https://pubmed.ncbi.nlm.nih.gov/26820678/,26820678,,,error,Identifier not found in PMC
Bio-protocol-2560,http://jcb.rupress.org/content/216/4/1051.long,,,,,no_pmc,
Bio-protocol-2558,https://elifesciences.org/articles/20069,,,,,no_pmc,
Bio-protocol-2562,https://pubmed.ncbi.nlm.nih.gov/27956490/,https://pubmed.ncbi.nlm.nih.gov/27956490/,27956490,PMC5291047,10.1104/pp.16.01713,low_conf,
Bio-protocol-2563,https://elifesciences.org/articles/19605,,,,,no_pmc,
Bio-protocol-2564,http://www.ncbi.nlm.nih.gov/pubmed/26124097,https://pubmed.ncbi.nlm.nih.gov/26124097/,26124097,PMC4507197,10.1073/pnas.1502522112,low_conf,
Bio-protocol-2565,http://www.ncbi.nlm.nih.gov/pubmed/27304213,https://pubmed.ncbi.nlm.nih.gov/27304213/,27304213,PMC4909225,10.1371/journal.pone.0155794,low_conf,
Bio-protocol-2566,https://www.ncbi.nlm.nih.gov/pubmed/19504062,https://pubmed.ncbi.nlm.nih.gov/19504062/,19504062,,,error,Identifier not found in PMC
Bio-protocol-2567,https://www.ncbi.nlm.nih.gov/pubmed/16988337,https://pubmed.ncbi.nlm.nih.gov/16988337/,16988337,,,error,Identifier not found in PMC
Bio-protocol-2568,http://www.ncbi.nlm.nih.gov/pubmed/27339980,https://pubmed.ncbi.nlm.nih.gov/27339980/,27339980,PMC5373496,10.1126/science.aaf5023,low_conf,
Bio-protocol-2569,http://www.ncbi.nlm.nih.gov/pubmed/27623739,https://pubmed.ncbi.nlm.nih.gov/27623739/,27623739,,,error,Identifier not found in PMC
Bio-protocol-2570,http://www.ncbi.nlm.nih.gov/pubmed/27655840,https://pubmed.ncbi.nlm.nih.gov/27655840/,27655840,PMC5134989,10.1105/tpc.16.00630,low_conf,
Bio-protocol-2572,https://www.ncbi.nlm.nih.gov/labs/articles/28039071,,,,,no_pmc,
Bio-protocol-2573,http://www.ncbi.nlm.nih.gov/pubmed/28214225,https://pubmed.ncbi.nlm.nih.gov/28214225/,28214225,PMC5337620,10.1016/j.immuni.2017.01.005,low_conf,
Bio-protocol-2571,http://www.ncbi.nlm.nih.gov/pubmed/28246211,https://pubmed.ncbi.nlm.nih.gov/28246211/,28246211,,,error,Identifier not found in PMC
Bio-protocol-2574,https://www.ncbi.nlm.nih.gov/pubmed/27185399,https://pubmed.ncbi.nlm.nih.gov/27185399/,27185399,PMC4938667,10.1534/g3.116.029801,low_conf,
Bio-protocol-2575,https://elifesciences.org/articles/25960,,,,,no_pmc,
Bio-protocol-2576,https://www.ncbi.nlm.nih.gov/pubmed/26861753,https://pubmed.ncbi.nlm.nih.gov/26861753/,26861753,PMC4748219,10.1038/srep20508,low_conf,
Bio-protocol-2577,http://www.ncbi.nlm.nih.gov/pubmed/28079896,https://pubmed.ncbi.nlm.nih.gov/28079896/,28079896,PMC5386372,10.1038/cddis.2016.463,low_conf,
Bio-protocol-2578,http://www.ncbi.nlm.nih.gov/pubmed/27918308,https://pubmed.ncbi.nlm.nih.gov/27918308/,27918308,PMC5199696,10.1172/JCI83822,low_conf,
Bio-protocol-2579,http://www.ncbi.nlm.nih.gov/pubmed/27918308,https://pubmed.ncbi.nlm.nih.gov/27918308/,27918308,PMC5199696,10.1172/JCI83822,low_conf,
Bio-protocol-2580,http://www.ncbi.nlm.nih.gov/pubmed/26732589,https://pubmed.ncbi.nlm.nih.gov/26732589/,26732589,,,error,Identifier not found in PMC
Bio-protocol-2585,http://www.ncbi.nlm.nih.gov/pubmed/27212389,https://pubmed.ncbi.nlm.nih.gov/27212389/,27212389,,,error,Identifier not found in PMC
Bio-protocol-2583,http://www.ncbi.nlm.nih.gov/pubmed/28069954,https://pubmed.ncbi.nlm.nih.gov/28069954/,28069954,PMC5278475,10.1073/pnas.1619748114,low_conf,
Bio-protocol-2581,https://elifesciences.org/articles/25260,,,,,no_pmc,
Bio-protocol-2582,https://elifesciences.org/content/6/e20975,,,,,no_pmc,
Bio-protocol-2584,http://www.ncbi.nlm.nih.gov/pubmed/24014528,https://pubmed.ncbi.nlm.nih.gov/24014528/,24014528,PMC3811555,10.1128/AEM.01903-13,low_conf,
Bio-protocol-2586,http://www.ncbi.nlm.nih.gov/pubmed/20570649,https://pubmed.ncbi.nlm.nih.gov/20570649/,20570649,,,error,Identifier not found in PMC
Bio-protocol-2587,https://elifesciences.org/articles/22153,,,,,no_pmc,
Bio-protocol-2589,http://www.ncbi.nlm.nih.gov/pubmed/27310141,https://pubmed.ncbi.nlm.nih.gov/27310141/,27310141,PMC4911004,10.1371/journal.ppat.1005676,low_conf,
Bio-protocol-2591,https://elifesciences.org/articles/23063,,,,,no_pmc,
Bio-protocol-2588,http://www.ncbi.nlm.nih.gov/pubmed/27926942,https://pubmed.ncbi.nlm.nih.gov/27926942/,27926942,PMC5142808,10.1371/journal.ppat.1006062,low_conf,
Bio-protocol-2592,http://www.ncbi.nlm.nih.gov/pubmed/27180903,https://pubmed.ncbi.nlm.nih.gov/27180903/,27180903,PMC4867602,10.1038/srep25731,low_conf,
Bio-protocol-2590,http://www.ncbi.nlm.nih.gov/pubmed/28235049,https://pubmed.ncbi.nlm.nih.gov/28235049/,28235049,PMC5325610,10.1371/journal.pone.0173050,low_conf,
Bio-protocol-2594,http://www.bio-protocol.org/e2537,,,,,no_pmc,
Bio-protocol-2596,http://www.ncbi.nlm.nih.gov/pubmed/26732598,https://pubmed.ncbi.nlm.nih.gov/26732598/,26732598,,,error,Identifier not found in PMC
Bio-protocol-2597,http://www.jneurosci.org/content/36/46/11801.long,,,,,no_pmc,
Bio-protocol-2593,http://www.bio-protocol.org/e2538,,,,,no_pmc,
Bio-protocol-2595,http://jcb.rupress.org/content/216/2/331.long,,,,,no_pmc,
Bio-protocol-2599,https://pubmed.ncbi.nlm.nih.gov/27613851/,https://pubmed.ncbi.nlm.nih.gov/27613851/,27613851,PMC5100764,10.1104/pp.16.00808,low_conf,
Bio-protocol-2600,http://www.ncbi.nlm.nih.gov/pubmed/28434942,https://pubmed.ncbi.nlm.nih.gov/28434942/,28434942,PMC5425686,10.1016/j.stemcr.2017.03.020,low_conf,
Bio-protocol-2601,http://www.ncbi.nlm.nih.gov/pubmed/26552887,https://pubmed.ncbi.nlm.nih.gov/26552887/,26552887,PMC4725203,10.1242/dev.125286,low_conf,
Bio-protocol-2602,http://www.ncbi.nlm.nih.gov/pubmed/27923921,https://pubmed.ncbi.nlm.nih.gov/27923921/,27923921,PMC5142619,10.1128/mBio.01911-16,low_conf,
Bio-protocol-2603,http://www.ncbi.nlm.nih.gov/pubmed/27956147,https://pubmed.ncbi.nlm.nih.gov/27956147/,27956147,PMC5240790,10.1016/j.jmb.2016.12.006,low_conf,
Bio-protocol-2598,https://pubmed.ncbi.nlm.nih.gov/27837092/,https://pubmed.ncbi.nlm.nih.gov/27837092/,27837092,PMC5210723,10.1104/pp.16.01253,low_conf,
Bio-protocol-2604,http://www.ncbi.nlm.nih.gov/pubmed/27668979,https://pubmed.ncbi.nlm.nih.gov/27668979/,27668979,,,error,Identifier not found in PMC
Bio-protocol-2605,https://elifesciences.org/articles/17667,,,,,no_pmc,
Bio-protocol-2606,http://www.ncbi.nlm.nih.gov/pubmed/28306503,https://pubmed.ncbi.nlm.nih.gov/28306503/,28306503,PMC5364369,10.1016/j.molcel.2017.02.013,low_conf,
Bio-protocol-2609,http://www.ncbi.nlm.nih.gov/pubmed/26209430,https://pubmed.ncbi.nlm.nih.gov/26209430/,26209430,PMC4757951,10.1093/bioinformatics/btv423,low_conf,
Bio-protocol-2607,https://elifesciences.org/articles/22914,,,,,no_pmc,
Bio-protocol-2608,http://www.jneurosci.org/content/37/2/383.long,,,,,no_pmc,
Bio-protocol-2611,http://www.ncbi.nlm.nih.gov/pubmed/26560421,https://pubmed.ncbi.nlm.nih.gov/26560421/,26560421,,,error,Identifier not found in PMC
Bio-protocol-2610,http://www.ncbi.nlm.nih.gov/pubmed/27733491,https://pubmed.ncbi.nlm.nih.gov/27733491/,27733491,PMC5283585,10.15252/embr.201541499,low_conf,
Bio-protocol-2612,https://www.ncbi.nlm.nih.gov/pubmed/28222349,https://pubmed.ncbi.nlm.nih.gov/28222349/,28222349,,,error,Identifier not found in PMC
Bio-protocol-2613,http://www.ncbi.nlm.nih.gov/pubmed/27161380,https://pubmed.ncbi.nlm.nih.gov/27161380/,27161380,PMC4866046,10.1038/ncomms11471,low_conf,
Bio-protocol-2614,https://www.ncbi.nlm.nih.gov/pmc/articles/PMC4760828/,,,PMC4760828,,low_conf,
Bio-protocol-2615,http://www.ncbi.nlm.nih.gov/pubmed/27612648,https://pubmed.ncbi.nlm.nih.gov/27612648/,27612648,,,error,Identifier not found in PMC
Bio-protocol-2617,https://www.ncbi.nlm.nih.gov/pmc/articles/PMC3298259/,,,PMC3298259,,low_conf,
Bio-protocol-2618,http://www.ncbi.nlm.nih.gov/pubmed/28181347,https://pubmed.ncbi.nlm.nih.gov/28181347/,28181347,PMC5405000,10.1002/stem.2587,low_conf,
Bio-protocol-2619,http://www.ncbi.nlm.nih.gov/pubmed/23077293,https://pubmed.ncbi.nlm.nih.gov/23077293/,23077293,PMC3536409,10.1128/JVI.01853-12,low_conf,
Bio-protocol-2620,http://www.ncbi.nlm.nih.gov/pubmed/27681436,https://pubmed.ncbi.nlm.nih.gov/27681436/,27681436,PMC5079290,10.1016/j.celrep.2016.08.081,low_conf,
Bio-protocol-2622,http://www.ncbi.nlm.nih.gov/pubmed/27593513,https://pubmed.ncbi.nlm.nih.gov/27593513/,27593513,PMC5493041,10.1016/j.chom.2016.08.001,low_conf,
Bio-protocol-2616,http://www.ncbi.nlm.nih.gov/pubmed/26364605,https://pubmed.ncbi.nlm.nih.gov/26364605/,26364605,PMC5555307,10.1038/onc.2015.327,low_conf,
Bio-protocol-2621,https://elifesciences.org/articles/21422,,,,,no_pmc,
Bio-protocol-2625,http://www.jneurosci.org/content/36/27/7283.long,,,,,no_pmc,
Bio-protocol-2623,http://www.ncbi.nlm.nih.gov/pubmed/27957393,https://pubmed.ncbi.nlm.nih.gov/27957393/,27957393,PMC5144741,10.7717/peerj.2748,low_conf,
Bio-protocol-2624,http://jcb.rupress.org/content/216/2/355.long,,,,,no_pmc,
Bio-protocol-2628,https://www.ncbi.nlm.nih.gov/pubmed/27483347,https://pubmed.ncbi.nlm.nih.gov/27483347/,27483347,PMC5087831,10.1242/dmm.025247,low_conf,
Bio-protocol-2626,http://www.ncbi.nlm.nih.gov/pubmed/27116222,https://pubmed.ncbi.nlm.nih.gov/27116222/,27116222,PMC4846010,10.1371/journal.pone.0154529,low_conf,
Bio-protocol-2627,http://www.ncbi.nlm.nih.gov/pubmed/26489938,https://pubmed.ncbi.nlm.nih.gov/26489938/,26489938,,,error,Identifier not found in PMC
Bio-protocol-2629,https://pubmed.ncbi.nlm.nih.gov/27342307/,https://pubmed.ncbi.nlm.nih.gov/27342307/,27342307,PMC4972273,10.1104/pp.16.00408,low_conf,
Bio-protocol-2630,http://www.ncbi.nlm.nih.gov/pubmed/27506293,https://pubmed.ncbi.nlm.nih.gov/27506293/,27506293,PMC5112038,10.1038/mt.2016.126,low_conf,
Bio-protocol-2656,http://www.jneurosci.org/content/38/3/648.long,,,,,no_pmc,
Bio-protocol-2657,http://jcb.rupress.org/content/217/4/1369.long,,,,,no_pmc,
Bio-protocol-2658,http://www.jneurosci.org/content/38/2/484.long,,,,,no_pmc,
Bio-protocol-2661,http://www.jneurosci.org/content/37/50/12272,,,,,no_pmc,
Bio-protocol-2659,http://jcb.rupress.org/content/216/7/1993.long,,,,,no_pmc,
Bio-protocol-2664,http://www.jneurosci.org/content/26/1/265.long,,,,,no_pmc,
Bio-protocol-2660,http://www.jneurosci.org/content/38/4/1042.long,,,,,no_pmc,
Bio-protocol-2675,http://www.jneurosci.org/content/37/23/5670.long,,,,,no_pmc,
Bio-protocol-2673,https://pubmed.ncbi.nlm.nih.gov/28956755/,https://pubmed.ncbi.nlm.nih.gov/28956755/,28956755,PMC5761756,10.1104/pp.17.00688,low_conf,
Bio-protocol-2678,http://www.molbiolcell.org/content/28/21/2843.long,,,,,no_pmc,
Bio-protocol-2676,http://jcb.rupress.org/content/191/7/1395.long,,,,,no_pmc,
Bio-protocol-2680,https://pubmed.ncbi.nlm.nih.gov/28184011/,https://pubmed.ncbi.nlm.nih.gov/28184011/,28184011,PMC5462019,10.1104/pp.16.01852,low_conf,
Bio-protocol-2679,https://pubmed.ncbi.nlm.nih.gov/28184011/,https://pubmed.ncbi.nlm.nih.gov/28184011/,28184011,PMC5462019,10.1104/pp.16.01852,low_conf,
Bio-protocol-2681,http://jcb.rupress.org/content/216/6/1745.long,,,,,no_pmc,
Bio-protocol-2685,https://pubmed.ncbi.nlm.nih.gov/28188273/,https://pubmed.ncbi.nlm.nih.gov/28188273/,28188273,PMC5462004,10.1104/pp.16.01727,low_conf,
Bio-protocol-2684,https://pubmed.ncbi.nlm.nih.gov/28330935/,https://pubmed.ncbi.nlm.nih.gov/28330935/,28330935,PMC5462056,10.1104/pp.17.00220,low_conf,
Bio-protocol-2683,https://pubmed.ncbi.nlm.nih.gov/28584065/,https://pubmed.ncbi.nlm.nih.gov/28584065/,28584065,PMC5462037,10.1104/pp.17.00156,low_conf,
Bio-protocol-2682,https://pubmed.ncbi.nlm.nih.gov/28381503/,https://pubmed.ncbi.nlm.nih.gov/28381503/,28381503,PMC5462046,10.1104/pp.17.00335,low_conf,
Bio-protocol-2686,http://www.ncbi.nlm.nih.gov/pubmed/28076785,https://pubmed.ncbi.nlm.nih.gov/28076785/,28076785,,,error,Identifier not found in PMC
Bio-protocol-2687,http://www.ncbi.nlm.nih.gov/pubmed/28192375,https://pubmed.ncbi.nlm.nih.gov/28192375/,28192375,PMC5330737,10.1172/JCI90350,low_conf,
Bio-protocol-2688,http://www.ncbi.nlm.nih.gov/pubmed/27893461,https://pubmed.ncbi.nlm.nih.gov/27893461/,27893461,PMC5199697,10.1172/JCI84386,low_conf,
Bio-protocol-2689,http://www.ncbi.nlm.nih.gov/pubmed/27108533,https://pubmed.ncbi.nlm.nih.gov/27108533/,27108533,PMC4842962,10.1038/srep24951,low_conf,
Bio-protocol-2691,http://www.ncbi.nlm.nih.gov/pubmed/27654890,https://pubmed.ncbi.nlm.nih.gov/27654890/,27654890,,,error,Identifier not found in PMC
Bio-protocol-2690,http://www.ncbi.nlm.nih.gov/pubmed/27647934,https://pubmed.ncbi.nlm.nih.gov/27647934/,27647934,PMC5103875,10.1042/BCJ20160655,low_conf,
Bio-protocol-2692,https://www.ncbi.nlm.nih.gov/pubmed/23266949,https://pubmed.ncbi.nlm.nih.gov/23266949/,23266949,PMC3556981,10.1105/tpc.112.105957,low_conf,
Bio-protocol-2693,http://www.ncbi.nlm.nih.gov/pubmed/27608412,https://pubmed.ncbi.nlm.nih.gov/27608412/,27608412,PMC5463997,10.1111/mmi.13496,low_conf,
Bio-protocol-2695,https://elifesciences.org/articles/22750,,,,,no_pmc,
Bio-protocol-2694,http://www.ncbi.nlm.nih.gov/pubmed/27703236,https://pubmed.ncbi.nlm.nih.gov/27703236/,27703236,PMC5050403,10.1038/srep34662,low_conf,
Bio-protocol-2697,http://www.ncbi.nlm.nih.gov/pubmed/27427949,https://pubmed.ncbi.nlm.nih.gov/27427949/,27427949,PMC4948785,10.1371/journal.ppat.1005762,low_conf,
Bio-protocol-2696,http://www.ncbi.nlm.nih.gov/pubmed/26165839,https://pubmed.ncbi.nlm.nih.gov/26165839/,26165839,PMC4712124,10.1038/onc.2015.226,low_conf,
Bio-protocol-2699,http://www.ncbi.nlm.nih.gov/pubmed/28387220,https://pubmed.ncbi.nlm.nih.gov/28387220/,28387220,PMC5385574,10.1038/ncomms14958,low_conf,
Bio-protocol-2698,https://elifesciences.org/articles/20621,,,,,no_pmc,
Bio-protocol-2700,http://www.ncbi.nlm.nih.gov/pubmed/24457913,https://pubmed.ncbi.nlm.nih.gov/24457913/,24457913,PMC3929423,10.4161/rna.27766,low_conf,
Bio-protocol-2703,http://www.ncbi.nlm.nih.gov/pubmed/27668979,https://pubmed.ncbi.nlm.nih.gov/27668979/,27668979,,,error,Identifier not found in PMC
Bio-protocol-2701,http://www.ncbi.nlm.nih.gov/pubmed/28099418,https://pubmed.ncbi.nlm.nih.gov/28099418/,28099418,PMC5503128,10.1038/nature20818,low_conf,
Bio-protocol-2702,http://www.ncbi.nlm.nih.gov/pubmed/28152565,https://pubmed.ncbi.nlm.nih.gov/28152565/,28152565,,,error,Identifier not found in PMC
Bio-protocol-2704,https://elifesciences.org/articles/20621,,,,,no_pmc,
Bio-protocol-2705,https://elifesciences.org/articles/20522,,,,,no_pmc,
Bio-protocol-2708,http://www.ncbi.nlm.nih.gov/pubmed/26742512,https://pubmed.ncbi.nlm.nih.gov/26742512/,26742512,,,error,Identifier not found in PMC
Bio-protocol-2707,http://www.ncbi.nlm.nih.gov/pubmed/27404357,https://pubmed.ncbi.nlm.nih.gov/27404357/,27404357,PMC4958392,10.1016/j.devcel.2016.06.013,low_conf,
Bio-protocol-2706,http://www.ncbi.nlm.nih.gov/pubmed/27357627,https://pubmed.ncbi.nlm.nih.gov/27357627/,27357627,PMC5113105,10.1038/mt.2016.138,low_conf,
Bio-protocol-2710,http://www.ncbi.nlm.nih.gov/pubmed/27541077,https://pubmed.ncbi.nlm.nih.gov/27541077/,27541077,,,error,Identifier not found in PMC
Bio-protocol-2711,http://www.ncbi.nlm.nih.gov/pubmed/27729505,https://pubmed.ncbi.nlm.nih.gov/27729505/,27729505,PMC5061867,10.1128/mBio.00923-16,low_conf,
Bio-protocol-2709,http://www.ncbi.nlm.nih.gov/pubmed/26742512,https://pubmed.ncbi.nlm.nih.gov/26742512/,26742512,,,error,Identifier not found in PMC
Bio-protocol-2714,http://www.nature.com/nm/journal/v23/n3/full/nm.4280.html,,,,,no_pmc,
Bio-protocol-2712,http://www.ncbi.nlm.nih.gov/pubmed/28090699,https://pubmed.ncbi.nlm.nih.gov/28090699/,28090699,,,error,Identifier not found in PMC
Bio-protocol-2713,https://elifesciences.org/articles/21283,,,,,no_pmc,
Bio-protocol-2716,http://www.ncbi.nlm.nih.gov/pubmed/27402178,https://pubmed.ncbi.nlm.nih.gov/27402178/,27402178,,,error,Identifier not found in PMC
Bio-protocol-2715,https://www.ncbi.nlm.nih.gov/pubmed/28031489,https://pubmed.ncbi.nlm.nih.gov/28031489/,28031489,PMC5240723,10.1073/pnas.1619234114,low_conf,
Bio-protocol-2719,http://www.ncbi.nlm.nih.gov/pubmed/27250558,https://pubmed.ncbi.nlm.nih.gov/27250558/,27250558,PMC4888426,10.1186/s13287-016-0339-7,low_conf,
Bio-protocol-2717,http://www.ncbi.nlm.nih.gov/pubmed/27235429,https://pubmed.ncbi.nlm.nih.gov/27235429/,27235429,PMC4984288,10.1128/AEM.01175-16,low_conf,
Bio-protocol-2718,http://www.ncbi.nlm.nih.gov/pubmed/27064279,https://pubmed.ncbi.nlm.nih.gov/27064279/,27064279,PMC4855914,10.1172/JCI82409,low_conf,
Bio-protocol-2721,http://www.ncbi.nlm.nih.gov/pubmed/27902780,https://pubmed.ncbi.nlm.nih.gov/27902780/,27902780,PMC5130282,10.1371/journal.ppat.1006019,low_conf,
Bio-protocol-2720,http://www.jbc.org/content/291/23/12208.long,,,,,no_pmc,
Bio-protocol-2722,https://pubmed.ncbi.nlm.nih.gov/27879391/,https://pubmed.ncbi.nlm.nih.gov/27879391/,27879391,PMC5210763,10.1104/pp.16.01653,low_conf,
Bio-protocol-2723,http://www.ncbi.nlm.nih.gov/pubmed/27811078,https://pubmed.ncbi.nlm.nih.gov/27811078/,27811078,PMC5100021,10.1093/jxb/erw369,low_conf,
Bio-protocol-2727,http://www.ncbi.nlm.nih.gov/pubmed/27165742,https://pubmed.ncbi.nlm.nih.gov/27165742/,27165742,PMC4946168,10.1016/j.ccell.2016.03.027,low_conf,
Bio-protocol-2725,http://www.ncbi.nlm.nih.gov/pubmed/27558743,https://pubmed.ncbi.nlm.nih.gov/27558743/,27558743,PMC4997328,10.1038/srep32209,low_conf,
Bio-protocol-2724,http://www.ncbi.nlm.nih.gov/pubmed/27310141,https://pubmed.ncbi.nlm.nih.gov/27310141/,27310141,PMC4911004,10.1371/journal.ppat.1005676,low_conf,
Bio-protocol-2726,https://pubmed.ncbi.nlm.nih.gov/27474115/,https://pubmed.ncbi.nlm.nih.gov/27474115/,27474115,PMC5047077,10.1104/pp.16.00536,low_conf,
Bio-protocol-2729,http://www.ncbi.nlm.nih.gov/pubmed/27446007,https://pubmed.ncbi.nlm.nih.gov/27446007/,27446007,PMC4914499,10.3389/fmicb.2016.00966,low_conf,
Bio-protocol-2728,http://www.ncbi.nlm.nih.gov/pubmed/27920296,https://pubmed.ncbi.nlm.nih.gov/27920296/,27920296,PMC5287398,10.1128/JB.00675-16,low_conf,
Bio-protocol-2731,https://elifesciences.org/articles/24733,,,,,no_pmc,
Bio-protocol-2730,http://www.jneurosci.org/content/34/6/2111.long,,,,,no_pmc,
Bio-protocol-2733,http://www.ncbi.nlm.nih.gov/pubmed/27334588,https://pubmed.ncbi.nlm.nih.gov/27334588/,27334588,PMC4988143,10.1128/JVI.00833-16,low_conf,
Bio-protocol-2734,http://www.ncbi.nlm.nih.gov/pubmed/26138272,https://pubmed.ncbi.nlm.nih.gov/26138272/,26138272,PMC4507001,10.1038/ncomms8521,low_conf,
Bio-protocol-2735,https://elifesciences.org/articles/20309,,,,,no_pmc,
Bio-protocol-2732,https://www.ncbi.nlm.nih.gov/pubmed/19055545,https://pubmed.ncbi.nlm.nih.gov/19055545/,19055545,,,error,Identifier not found in PMC
Bio-protocol-2737,http://www.ncbi.nlm.nih.gov/pubmed/28192541,https://pubmed.ncbi.nlm.nih.gov/28192541/,28192541,PMC5325613,10.1371/journal.ppat.1006218,low_conf,
Bio-protocol-2738,http://www.ncbi.nlm.nih.gov/pubmed/27108681,https://pubmed.ncbi.nlm.nih.gov/27108681/,27108681,,,error,Identifier not found in PMC
Bio-protocol-2736,http://www.ncbi.nlm.nih.gov/pubmed/27409081,https://pubmed.ncbi.nlm.nih.gov/27409081/,27409081,PMC4943629,10.1371/journal.ppat.1005710,low_conf,
Bio-protocol-2739,https://elifesciences.org/articles/20522,,,,,no_pmc,
Bio-protocol-2740,http://www.ncbi.nlm.nih.gov/pubmed/27979971,https://pubmed.ncbi.nlm.nih.gov/27979971/,27979971,PMC5210094,10.15252/embr.201642681,low_conf,
Bio-protocol-2741,http://www.ncbi.nlm.nih.gov/pubmed/27664958,https://pubmed.ncbi.nlm.nih.gov/27664958/,27664958,PMC5066484,10.1093/jxb/erw320,low_conf,
Bio-protocol-2743,http://www.ncbi.nlm.nih.gov/pubmed/27818173,https://pubmed.ncbi.nlm.nih.gov/27818173/,27818173,PMC5140760,10.1016/j.cub.2016.09.038,low_conf,
Bio-protocol-2742,http://www.ncbi.nlm.nih.gov/pubmed/27576527,https://pubmed.ncbi.nlm.nih.gov/27576527/,27576527,PMC5006433,10.1186/s12974-016-0671-y,low_conf,
Bio-protocol-2744,https://pubmed.ncbi.nlm.nih.gov/26468517/,https://pubmed.ncbi.nlm.nih.gov/26468517/,26468517,PMC4677891,10.1104/pp.15.00904,low_conf,
Bio-protocol-2745,http://www.ncbi.nlm.nih.gov/pubmed/27299700,https://pubmed.ncbi.nlm.nih.gov/27299700/,27299700,PMC5572139,10.1002/stem.2417,low_conf,
Bio-protocol-2746,http://www.ncbi.nlm.nih.gov/pubmed/27562433,https://pubmed.ncbi.nlm.nih.gov/27562433/,27562433,PMC4999810,10.1038/srep32271,low_conf,
Bio-protocol-2748,http://www.ncbi.nlm.nih.gov/pubmed/26595890,https://pubmed.ncbi.nlm.nih.gov/26595890/,26595890,,,error,Identifier not found in PMC
Bio-protocol-2749,http://www.ncbi.nlm.nih.gov/pubmed/25542313,https://pubmed.ncbi.nlm.nih.gov/25542313/,25542313,PMC4297538,10.1016/j.cell.2014.11.048,low_conf,
Bio-protocol-2747,http://www.ncbi.nlm.nih.gov/pubmed/28174584,https://pubmed.ncbi.nlm.nih.gov/28174584/,28174584,PMC5258748,10.3389/fpls.2017.00039,low_conf,
Bio-protocol-2751,http://www.ncbi.nlm.nih.gov/pubmed/28028052,https://pubmed.ncbi.nlm.nih.gov/28028052/,28028052,PMC5286366,10.15252/embj.201696038,low_conf,
Bio-protocol-2750,https://elifesciences.org/articles/18805,,,,,no_pmc,
Bio-protocol-2752,http://www.nature.com/articles/ncomms14332,,,,,no_pmc,
Bio-protocol-2753,http://www.jneurosci.org/content/early/2016/11/14/JNEUROSCI.2891-16.2016,,,,,no_pmc,
Bio-protocol-2755,http://www.ncbi.nlm.nih.gov/pubmed/27528008,https://pubmed.ncbi.nlm.nih.gov/27528008/,27528008,,,error,Identifier not found in PMC
Bio-protocol-2754,http://www.ncbi.nlm.nih.gov/pubmed/27505416,https://pubmed.ncbi.nlm.nih.gov/27505416/,27505416,,,error,Identifier not found in PMC
Bio-protocol-2757,http://www.ncbi.nlm.nih.gov/pubmed/27612648,https://pubmed.ncbi.nlm.nih.gov/27612648/,27612648,,,error,Identifier not found in PMC
Bio-protocol-2756,http://www.ncbi.nlm.nih.gov/pubmed/27609711,https://pubmed.ncbi.nlm.nih.gov/27609711/,27609711,PMC5016792,10.1038/srep33038,low_conf,
Bio-protocol-2758,http://www.ncbi.nlm.nih.gov/pubmed/27025950,https://pubmed.ncbi.nlm.nih.gov/27025950/,27025950,PMC4820989,10.1038/ncomms11178,low_conf,
Bio-protocol-2760,http://www.ncbi.nlm.nih.gov/pubmed/27203179,https://pubmed.ncbi.nlm.nih.gov/27203179/,27203179,PMC4905568,10.1016/j.molcel.2016.04.026,low_conf,
Bio-protocol-2763,http://www.ncbi.nlm.nih.gov/pubmed/27159579,https://pubmed.ncbi.nlm.nih.gov/27159579/,27159579,,,error,Identifier not found in PMC
Bio-protocol-2761,https://elifesciences.org/articles/08733,,,,,no_pmc,
Bio-protocol-2762,http://www.ncbi.nlm.nih.gov/pubmed/25388284,https://pubmed.ncbi.nlm.nih.gov/25388284/,25388284,,,error,Identifier not found in PMC
Bio-protocol-2759,http://www.ncbi.nlm.nih.gov/pubmed/27388343,https://pubmed.ncbi.nlm.nih.gov/27388343/,27388343,,,error,Identifier not found in PMC
Bio-protocol-2764,https://www.ncbi.nlm.nih.gov/pubmed/?term=14-3-3%2C%20chakravarti,https://www.ncbi.nlm.nih.gov/pubmed/?term=14-3-3%2C%20chakravarti,,,,no_pmc,
Bio-protocol-2765,http://www.ncbi.nlm.nih.gov/pubmed/27183389,https://pubmed.ncbi.nlm.nih.gov/27183389/,27183389,PMC4887163,10.1172/JCI85679,low_conf,
Bio-protocol-2766,https://elifesciences.org/articles/19493,,,,,no_pmc,
Bio-protocol-2769,https://www.ncbi.nlm.nih.gov/pubmed/25546618,https://pubmed.ncbi.nlm.nih.gov/25546618/,25546618,PMC6272189,10.3390/molecules20010024,low_conf,
Bio-protocol-2767,http://jcb.rupress.org/content/210/4/613,,,,,no_pmc,
Bio-protocol-2768,http://www.jbc.org/content/288/25/18047.long,,,,,no_pmc,
Bio-protocol-2770,https://elifesciences.org/articles/18022,,,,,no_pmc,
Bio-protocol-2771,http://www.ncbi.nlm.nih.gov/pubmed/27615195,https://pubmed.ncbi.nlm.nih.gov/27615195/,27615195,PMC5018877,10.1038/srep33080,low_conf,
Bio-protocol-2773,http://www.nature.com/mp/journal/vaop/ncurrent/full/mp20174a.html,,,,,no_pmc,
Bio-protocol-2772,http://www.ncbi.nlm.nih.gov/pubmed/27986915,https://pubmed.ncbi.nlm.nih.gov/27986915/,27986915,,,error,Identifier not found in PMC
Bio-protocol-2775,http://www.ncbi.nlm.nih.gov/pubmed/27122315,https://pubmed.ncbi.nlm.nih.gov/27122315/,27122315,PMC4868408,10.1073/pnas.1525538113,low_conf,
Bio-protocol-2776,https://www.ncbi.nlm.nih.gov/pubmed/18523061,https://pubmed.ncbi.nlm.nih.gov/18523061/,18523061,PMC2483377,10.1105/tpc.107.056069,low_conf,
Bio-protocol-2778,https://www.ncbi.nlm.nih.gov/pubmed/22160698,https://pubmed.ncbi.nlm.nih.gov/22160698/,22160698,PMC3248500,10.1073/pnas.1112832108,low_conf,
Bio-protocol-2777,http://www.ncbi.nlm.nih.gov/pubmed/27940646,https://pubmed.ncbi.nlm.nih.gov/27940646/,27940646,,,error,Identifier not found in PMC
Bio-protocol-2780,http://jcb.rupress.org/content/210/4/613,,,,,no_pmc,
Bio-protocol-2781,https://elifesciences.org/articles/22617,,,,,no_pmc,
Bio-protocol-2782,http://www.ncbi.nlm.nih.gov/pubmed/26919272,https://pubmed.ncbi.nlm.nih.gov/26919272/,26919272,PMC5074314,10.1002/yea.3157,low_conf,
Bio-protocol-2779,http://www.ncbi.nlm.nih.gov/pubmed/27466170,https://pubmed.ncbi.nlm.nih.gov/27466170/,27466170,PMC4964356,10.1038/srep30620,low_conf,
Bio-protocol-2783,https://elifesciences.org/articles/18638,,,,,no_pmc,
Bio-protocol-2786,http://www.nature.com/articles/ncomms14332,,,,,no_pmc,
Bio-protocol-2784,http://www.ncbi.nlm.nih.gov/pubmed/27940466,https://pubmed.ncbi.nlm.nih.gov/27940466/,27940466,,,error,Identifier not found in PMC
Bio-protocol-2789,http://www.ncbi.nlm.nih.gov/pubmed/27388343,https://pubmed.ncbi.nlm.nih.gov/27388343/,27388343,,,error,Identifier not found in PMC
Bio-protocol-2785,http://www.ncbi.nlm.nih.gov/pubmed/27686624,https://pubmed.ncbi.nlm.nih.gov/27686624/,27686624,PMC5056436,10.1038/ncomms12926,low_conf,
Bio-protocol-2787,https://www.ncbi.nlm.nih.gov/pubmed/24065611,https://pubmed.ncbi.nlm.nih.gov/24065611/,24065611,,,error,Identifier not found in PMC
Bio-protocol-2792,http://www.ncbi.nlm.nih.gov/pubmed/27492474,https://pubmed.ncbi.nlm.nih.gov/27492474/,27492474,,,error,Identifier not found in PMC
Bio-protocol-2793,http://www.ncbi.nlm.nih.gov/pubmed/27506293,https://pubmed.ncbi.nlm.nih.gov/27506293/,27506293,PMC5112038,10.1038/mt.2016.126,low_conf,
Bio-protocol-2788,http://www.jneurosci.org/content/36/50/12661.long,,,,,no_pmc,
Bio-protocol-2791,http://www.ncbi.nlm.nih.gov/pubmed/26972821,https://pubmed.ncbi.nlm.nih.gov/26972821/,26972821,PMC4976241,10.1538/expanim.15-0116,low_conf,
Bio-protocol-2797,http://www.ncbi.nlm.nih.gov/pubmed/27466425,https://pubmed.ncbi.nlm.nih.gov/27466425/,27466425,PMC5044847,10.1128/JVI.00684-16,low_conf,
Bio-protocol-2801,https://elifesciences.org/articles/13740,,,,,no_pmc,
Bio-protocol-2799,http://www.ncbi.nlm.nih.gov/pubmed/26578769,https://pubmed.ncbi.nlm.nih.gov/26578769/,26578769,PMC4655547,10.1073/pnas.1519626112,low_conf,
Bio-protocol-2804,http://www.ncbi.nlm.nih.gov/pubmed/27643538,https://pubmed.ncbi.nlm.nih.gov/27643538/,27643538,PMC5407438,10.1038/ng.3671,low_conf,
Bio-protocol-2809,http://onlinelibrary.wiley.com/doi/10.1111/nph.14291/full,,,,,no_pmc,
Bio-protocol-2807,http://www.ncbi.nlm.nih.gov/pubmed/25625822,https://pubmed.ncbi.nlm.nih.gov/25625822/,25625822,,,error,Identifier not found in PMC
Bio-protocol-2805,http://www.ncbi.nlm.nih.gov/pubmed/15585572,https://pubmed.ncbi.nlm.nih.gov/15585572/,15585572,,,error,Identifier not found in PMC
Bio-protocol-2806,http://www.ncbi.nlm.nih.gov/pubmed/27870307,https://pubmed.ncbi.nlm.nih.gov/27870307/,27870307,,,error,Identifier not found in PMC
Bio-protocol-2811,http://www.ncbi.nlm.nih.gov/pubmed/27697835,https://pubmed.ncbi.nlm.nih.gov/27697835/,27697835,PMC5068231,10.1084/jem.20160027,low_conf,
Bio-protocol-2810,http://www.ncbi.nlm.nih.gov/pubmed/27834588,https://pubmed.ncbi.nlm.nih.gov/27834588/,27834588,,,error,Identifier not found in PMC
Bio-protocol-2812,http://www.ncbi.nlm.nih.gov/pubmed/27574704,https://pubmed.ncbi.nlm.nih.gov/27574704/,27574704,PMC4996643,10.1126/sciadv.1600699,low_conf,
Bio-protocol-2813,http://www.ncbi.nlm.nih.gov/pubmed/26903973,https://pubmed.ncbi.nlm.nih.gov/26903973/,26903973,PMC4748335,10.3389/fmicb.2016.00094,low_conf,
Bio-protocol-2814,http://www.ncbi.nlm.nih.gov/pubmed/21466693,https://pubmed.ncbi.nlm.nih.gov/21466693/,21466693,PMC3219204,10.1186/bcr2863,low_conf,
Bio-protocol-2817,http://www.ncbi.nlm.nih.gov/pubmed/23255218,https://pubmed.ncbi.nlm.nih.gov/23255218/,23255218,PMC3587446,10.4161/cc.23309,low_conf,
Bio-protocol-2816,http://www.ncbi.nlm.nih.gov/pubmed/26455813,https://pubmed.ncbi.nlm.nih.gov/26455813/,26455813,,,error,Identifier not found in PMC
Bio-protocol-2819,http://www.jneurosci.org/content/36/37/9710,,,,,no_pmc,
Bio-protocol-2818,http://www.ncbi.nlm.nih.gov/pubmed/27357627,https://pubmed.ncbi.nlm.nih.gov/27357627/,27357627,PMC5113105,10.1038/mt.2016.138,low_conf,
Bio-protocol-2820,http://www.ncbi.nlm.nih.gov/pubmed/26571401,https://pubmed.ncbi.nlm.nih.gov/26571401/,26571401,PMC4665782,10.1172/JCI82826,low_conf,
Bio-protocol-2821,http://www.ncbi.nlm.nih.gov/pubmed/27406783,https://pubmed.ncbi.nlm.nih.gov/27406783/,27406783,PMC5014152,10.1093/jxb/erw265,low_conf,
Bio-protocol-2823,http://www.jneurosci.org/content/36/31/8132.long,,,,,no_pmc,
Bio-protocol-2824,http://www.ncbi.nlm.nih.gov/pubmed/27455420,https://pubmed.ncbi.nlm.nih.gov/27455420/,27455420,PMC5079524,10.1038/ni.3512,low_conf,
Bio-protocol-2826,http://www.ncbi.nlm.nih.gov/pubmed/22579803,https://pubmed.ncbi.nlm.nih.gov/22579803/,22579803,,,error,Identifier not found in PMC
Bio-protocol-2829,http://www.ncbi.nlm.nih.gov/pubmed/27533014,https://pubmed.ncbi.nlm.nih.gov/27533014/,27533014,,,error,Identifier not found in PMC
Bio-protocol-2828,http://www.ncbi.nlm.nih.gov/pubmed/27337589,https://pubmed.ncbi.nlm.nih.gov/27337589/,27337589,,,error,Identifier not found in PMC
Bio-protocol-2830,http://www.ncbi.nlm.nih.gov/pubmed/25893301,https://pubmed.ncbi.nlm.nih.gov/25893301/,25893301,,,error,Identifier not found in PMC
Bio-protocol-2831,http://www.ncbi.nlm.nih.gov/pubmed/27496733,https://pubmed.ncbi.nlm.nih.gov/27496733/,27496733,PMC4988897,10.1016/j.immuni.2016.07.010,low_conf,
Bio-protocol-2832,http://www.jbc.org/content/291/49/25505.long,,,,,no_pmc,
Bio-protocol-2833,http://www.ncbi.nlm.nih.gov/pubmed/21106004,https://pubmed.ncbi.nlm.nih.gov/21106004/,21106004,,,error,Identifier not found in PMC
Bio-protocol-2834,http://www.ncbi.nlm.nih.gov/pubmed/21106004,https://pubmed.ncbi.nlm.nih.gov/21106004/,21106004,,,error,Identifier not found in PMC
Bio-protocol-2827,http://www.ncbi.nlm.nih.gov/pubmed/27477106,https://pubmed.ncbi.nlm.nih.gov/27477106/,27477106,PMC4967897,10.1038/srep30601,low_conf,
Bio-protocol-2835,http://www.ncbi.nlm.nih.gov/pubmed/27078066,https://pubmed.ncbi.nlm.nih.gov/27078066/,27078066,PMC4832419,10.1016/j.chom.2016.03.004,low_conf,
Bio-protocol-2837,http://www.jneurosci.org/content/36/36/9313.long,,,,,no_pmc,
Bio-protocol-2836,http://www.ncbi.nlm.nih.gov/pubmed/27521268,https://pubmed.ncbi.nlm.nih.gov/27521268/,27521268,,,error,Identifier not found in PMC
Bio-protocol-2838,https://www.ncbi.nlm.nih.gov/pmc/articles/PMC3911255/,,,PMC3911255,,low_conf,
Bio-protocol-2839,http://www.ncbi.nlm.nih.gov/pubmed/27462105,https://pubmed.ncbi.nlm.nih.gov/27462105/,27462105,PMC4987819,10.1073/pnas.1602419113,low_conf,
Bio-protocol-2840,http://www.ncbi.nlm.nih.gov/pubmed/27786254,https://pubmed.ncbi.nlm.nih.gov/27786254/,27786254,PMC5081529,10.1038/srep36026,low_conf,
Bio-protocol-2843,http://www.ncbi.nlm.nih.gov/pubmed/26300007,https://pubmed.ncbi.nlm.nih.gov/26300007/,26300007,PMC4548811,10.1038/onc.2015.299,low_conf,
Bio-protocol-2841,http://www.ncbi.nlm.nih.gov/pubmed/23255218,https://pubmed.ncbi.nlm.nih.gov/23255218/,23255218,PMC3587446,10.4161/cc.23309,low_conf,
Bio-protocol-2842,http://www.ncbi.nlm.nih.gov/pubmed/27732672,https://pubmed.ncbi.nlm.nih.gov/27732672/,27732672,PMC5061431,10.1371/journal.ppat.1005939,low_conf,
Bio-protocol-2844,http://www.ncbi.nlm.nih.gov/pubmed/26300007,https://pubmed.ncbi.nlm.nih.gov/26300007/,26300007,PMC4548811,10.1038/onc.2015.299,low_conf,
Bio-protocol-2845,http://www.ncbi.nlm.nih.gov/pubmed/26376362,https://pubmed.ncbi.nlm.nih.gov/26376362/,26376362,PMC4794430,10.1038/mi.2015.85,low_conf,
Bio-protocol-2849,http://www.jneurosci.org/content/36/32/8372.long,,,,,no_pmc,
Bio-protocol-2847,http://www.ncbi.nlm.nih.gov/pubmed/26719263,https://pubmed.ncbi.nlm.nih.gov/26719263/,26719263,PMC4794698,10.1128/JVI.02995-15,low_conf,
Bio-protocol-2846,http://www.ncbi.nlm.nih.gov/pubmed/26904956,https://pubmed.ncbi.nlm.nih.gov/26904956/,26904956,,,error,Identifier not found in PMC
Bio-protocol-2848,https://elifesciences.org/articles/13238,,,,,no_pmc,
Bio-protocol-2850,http://www.ncbi.nlm.nih.gov/pubmed/27270174,https://pubmed.ncbi.nlm.nih.gov/27270174/,27270174,PMC4922711,10.1172/JCI85830,low_conf,
Bio-protocol-2851,http://www.ncbi.nlm.nih.gov/pubmed/27615794,https://pubmed.ncbi.nlm.nih.gov/27615794/,27615794,,,error,Identifier not found in PMC
Bio-protocol-2855,http://www.ncbi.nlm.nih.gov/pubmed/27534817,https://pubmed.ncbi.nlm.nih.gov/27534817/,27534817,,,error,Identifier not found in PMC
Bio-protocol-2852,https://elifesciences.org/articles/17355,,,,,no_pmc,
Bio-protocol-2854,http://www.ncbi.nlm.nih.gov/pubmed/27422351,https://pubmed.ncbi.nlm.nih.gov/27422351/,27422351,,,error,Identifier not found in PMC
Bio-protocol-2853,http://www.ncbi.nlm.nih.gov/pubmed/26959229,https://pubmed.ncbi.nlm.nih.gov/26959229/,26959229,PMC4784954,10.1371/journal.pgen.1005903,low_conf,
Bio-protocol-2856,http://www.ncbi.nlm.nih.gov/pubmed/26395282,https://pubmed.ncbi.nlm.nih.gov/26395282/,26395282,,,error,Identifier not found in PMC
Bio-protocol-2860,http://www.ncbi.nlm.nih.gov/pubmed/27170758,https://pubmed.ncbi.nlm.nih.gov/27170758/,27170758,PMC4944284,10.1128/JVI.00356-16,low_conf,
Bio-protocol-2857,http://www.ncbi.nlm.nih.gov/pubmed/26234680,https://pubmed.ncbi.nlm.nih.gov/26234680/,26234680,PMC4650269,10.1038/onc.2015.270,low_conf,
Bio-protocol-2861,http://www.ncbi.nlm.nih.gov/pubmed/27668426,https://pubmed.ncbi.nlm.nih.gov/27668426/,27668426,PMC5036823,10.1371/journal.pone.0163786,low_conf,
Bio-protocol-2858,http://www.ncbi.nlm.nih.gov/pubmed/27409803,https://pubmed.ncbi.nlm.nih.gov/27409803/,27409803,PMC4943727,10.1371/journal.pntd.0004828,low_conf,
Bio-protocol-2859,http://www.ncbi.nlm.nih.gov/pubmed/27799325,https://pubmed.ncbi.nlm.nih.gov/27799325/,27799325,PMC5198493,10.1128/JB.00682-16,low_conf,
Bio-protocol-2862,https://pubmed.ncbi.nlm.nih.gov/26826220/,https://pubmed.ncbi.nlm.nih.gov/26826220/,26826220,PMC4775139,10.1104/pp.15.01825,low_conf,
Bio-protocol-2865,http://www.ncbi.nlm.nih.gov/pubmed/27635761,https://pubmed.ncbi.nlm.nih.gov/27635761/,27635761,PMC5028122,10.1016/j.molcel.2016.08.013,low_conf,
Bio-protocol-2864,http://europepmc.org/abstract/med/26724740,,,,,no_pmc,
Bio-protocol-2863,http://www.ncbi.nlm.nih.gov/pubmed/27317427,https://pubmed.ncbi.nlm.nih.gov/27317427/,27317427,,,error,Identifier not found in PMC
Bio-protocol-2866,http://www.ncbi.nlm.nih.gov/pubmed/26323721,https://pubmed.ncbi.nlm.nih.gov/26323721/,26323721,PMC4662858,10.15252/embr.201540107,low_conf,
Bio-protocol-2867,http://www.ncbi.nlm.nih.gov/pubmed/25625822,https://pubmed.ncbi.nlm.nih.gov/25625822/,25625822,,,error,Identifier not found in PMC
Bio-protocol-2868,http://www.ncbi.nlm.nih.gov/pubmed/27353754,https://pubmed.ncbi.nlm.nih.gov/27353754/,27353754,PMC4937211,10.1128/mBio.00650-16,low_conf,
Bio-protocol-2869,http://www.ncbi.nlm.nih.gov/pubmed/27545882,https://pubmed.ncbi.nlm.nih.gov/27545882/,27545882,PMC5007152,10.1016/j.celrep.2016.07.079,low_conf,
Bio-protocol-2870,http://journal.frontiersin.org/article/10.3389/fmolb.2016.00066/full,,,,,no_pmc,
Bio-protocol-2872,http://jcb.rupress.org/content/210/4/565.long,,,,,no_pmc,
Bio-protocol-2871,http://www.ncbi.nlm.nih.gov/pubmed/27385817,https://pubmed.ncbi.nlm.nih.gov/27385817/,27385817,PMC5006708,10.1105/tpc.16.00310,low_conf,
Bio-protocol-2874,http://www.ncbi.nlm.nih.gov/pubmed/27576448,https://pubmed.ncbi.nlm.nih.gov/27576448/,27576448,PMC5006033,10.1038/srep32354,low_conf,
Bio-protocol-2877,http://www.ncbi.nlm.nih.gov/pubmed/27148945,https://pubmed.ncbi.nlm.nih.gov/27148945/,27148945,,,error,Identifier not found in PMC
Bio-protocol-2873,http://www.ncbi.nlm.nih.gov/pubmed/26002867,https://pubmed.ncbi.nlm.nih.gov/26002867/,26002867,PMC4498211,10.1105/tpc.15.00305,low_conf,
Bio-protocol-2876,http://www.ncbi.nlm.nih.gov/pubmed/27059413,https://pubmed.ncbi.nlm.nih.gov/27059413/,27059413,PMC4982045,10.1002/stem.2372,low_conf,
Bio-protocol-2875,http://www.ncbi.nlm.nih.gov/pubmed/27496733,https://pubmed.ncbi.nlm.nih.gov/27496733/,27496733,PMC4988897,10.1016/j.immuni.2016.07.010,low_conf,
Bio-protocol-2878,http://www.ncbi.nlm.nih.gov/pubmed/26234674,https://pubmed.ncbi.nlm.nih.gov/26234674/,26234674,PMC4740282,10.1038/onc.2015.271,low_conf,
Bio-protocol-2879,http://www.ncbi.nlm.nih.gov/pubmed/27515581,https://pubmed.ncbi.nlm.nih.gov/27515581/,27515581,PMC4990655,10.1038/ncomms12529,low_conf,
Bio-protocol-2882,https://www.researchgate.net/publication/308873461_EphrinB3_restricts_endogenous_neural_stem_cell_migration_after_traumatic_brain_injury,,,,,no_pmc,
Bio-protocol-2880,http://www.jneurosci.org/content/36/34/8856.long,,,,,no_pmc,
Bio-protocol-2881,https://www.ncbi.nlm.nih.gov/pubmed/24275101,https://pubmed.ncbi.nlm.nih.gov/24275101/,24275101,,,error,Identifier not found in PMC
Bio-protocol-2885,http://www.ncbi.nlm.nih.gov/pubmed/26165838,https://pubmed.ncbi.nlm.nih.gov/26165838/,26165838,,,error,Identifier not found in PMC
Bio-protocol-2884,http://www.ncbi.nlm.nih.gov/pubmed/26934179,https://pubmed.ncbi.nlm.nih.gov/26934179/,26934179,,,error,Identifier not found in PMC
Bio-protocol-2886,http://www.ncbi.nlm.nih.gov/pubmed/27322096,https://pubmed.ncbi.nlm.nih.gov/27322096/,27322096,PMC4918763,10.1038/nplants.2016.89,low_conf,
Bio-protocol-2887,http://jcb.rupress.org/content/214/3/259.long,,,,,no_pmc,
Bio-protocol-2888,http://www.ncbi.nlm.nih.gov/pubmed/27471302,https://pubmed.ncbi.nlm.nih.gov/27471302/,27471302,,,error,Identifier not found in PMC
Bio-protocol-2883,http://www.ncbi.nlm.nih.gov/pubmed/26648529,https://pubmed.ncbi.nlm.nih.gov/26648529/,26648529,PMC4682113,10.1038/ncomms10123,low_conf,
Bio-protocol-2889,http://www.ncbi.nlm.nih.gov/pubmed/27533015,https://pubmed.ncbi.nlm.nih.gov/27533015/,27533015,,,error,Identifier not found in PMC
Bio-protocol-2890,http://www.ncbi.nlm.nih.gov/pubmed/26395282,https://pubmed.ncbi.nlm.nih.gov/26395282/,26395282,,,error,Identifier not found in PMC
Bio-protocol-2891,http://www.ncbi.nlm.nih.gov/pubmed/27713408,https://pubmed.ncbi.nlm.nih.gov/27713408/,27713408,PMC5059766,10.1038/ncomms13031,low_conf,
Bio-protocol-2895,http://www.ncbi.nlm.nih.gov/pubmed/27400419,https://pubmed.ncbi.nlm.nih.gov/27400419/,27400419,PMC5038880,10.1038/nmeth.3921,low_conf,
Bio-protocol-2898,http://www.ncbi.nlm.nih.gov/pubmed/27301067,https://pubmed.ncbi.nlm.nih.gov/27301067/,27301067,,,error,Identifier not found in PMC
Bio-protocol-2901,http://www.ncbi.nlm.nih.gov/pubmed/27124620,https://pubmed.ncbi.nlm.nih.gov/27124620/,27124620,PMC4972202,10.1002/pro.2942,low_conf,
Bio-protocol-2911,http://www.ncbi.nlm.nih.gov/pubmed/27577261,https://pubmed.ncbi.nlm.nih.gov/27577261/,27577261,PMC5338747,10.1126/scisignal.aaf3596,low_conf,
Bio-protocol-2907,http://www.jbc.org/content/291/27/14012.long,,,,,no_pmc,
Bio-protocol-2909,https://www.ncbi.nlm.nih.gov/pubmed/27194728,https://pubmed.ncbi.nlm.nih.gov/27194728/,27194728,,,error,Identifier not found in PMC
Bio-protocol-2912,http://www.ncbi.nlm.nih.gov/pubmed/27325645,https://pubmed.ncbi.nlm.nih.gov/27325645/,27325645,,,error,Identifier not found in PMC
Bio-protocol-2913,http://www.ncbi.nlm.nih.gov/pubmed/26656104,https://pubmed.ncbi.nlm.nih.gov/26656104/,26656104,PMC4687644,10.1371/journal.pgen.1005723,low_conf,
Bio-protocol-2918,http://www.ncbi.nlm.nih.gov/pubmed/27223610,https://pubmed.ncbi.nlm.nih.gov/27223610/,27223610,PMC4880299,10.1371/journal.ppat.1005644,low_conf,
Bio-protocol-2919,http://www.ncbi.nlm.nih.gov/pubmed/25753398,https://pubmed.ncbi.nlm.nih.gov/25753398/,25753398,PMC4524556,10.1002/stem.1987,low_conf,
Bio-protocol-2922,http://www.ncbi.nlm.nih.gov/pubmed/26450012,https://pubmed.ncbi.nlm.nih.gov/26450012/,26450012,PMC4598821,10.1038/srep14926,low_conf,
Bio-protocol-2923,http://www.ncbi.nlm.nih.gov/pubmed/25944859,https://pubmed.ncbi.nlm.nih.gov/25944859/,25944859,PMC4436068,10.1128/mBio.00354-15,low_conf,
Bio-protocol-2925,http://www.ncbi.nlm.nih.gov/pubmed/27501980,https://pubmed.ncbi.nlm.nih.gov/27501980/,27501980,PMC5038000,10.1128/JB.00468-16,low_conf,
Bio-protocol-2927,http://jcb.rupress.org/content/early/2016/06/22/jcb.201509052.short,,,,,no_pmc,
Bio-protocol-2928,http://www.jneurosci.org/content/36/32/8441.long,,,,,no_pmc,
Bio-protocol-2926,http://www.ncbi.nlm.nih.gov/pubmed/27068469,https://pubmed.ncbi.nlm.nih.gov/27068469/,27068469,,,error,Identifier not found in PMC
Bio-protocol-2929,https://pubmed.ncbi.nlm.nih.gov/21941000/,https://pubmed.ncbi.nlm.nih.gov/21941000/,21941000,PMC3252131,10.1104/pp.111.183723,low_conf,
Bio-protocol-2930,http://www.ncbi.nlm.nih.gov/pubmed/26107959,https://pubmed.ncbi.nlm.nih.gov/26107959/,26107959,PMC4481269,10.1371/journal.pone.0131105,low_conf,
Bio-protocol-2932,http://www.ncbi.nlm.nih.gov/pubmed/27035822,https://pubmed.ncbi.nlm.nih.gov/27035822/,27035822,PMC4817972,10.1371/journal.ppat.1005521,low_conf,
Bio-protocol-2933,http://www.ncbi.nlm.nih.gov/pubmed/27035822,https://pubmed.ncbi.nlm.nih.gov/27035822/,27035822,PMC4817972,10.1371/journal.ppat.1005521,low_conf,
Bio-protocol-2931,http://www.ncbi.nlm.nih.gov/pubmed/27397519,https://pubmed.ncbi.nlm.nih.gov/27397519/,27397519,PMC4976045,10.1016/j.neuron.2016.06.016,low_conf,
Bio-protocol-2935,http://www.ncbi.nlm.nih.gov/pubmed/27516308,https://pubmed.ncbi.nlm.nih.gov/27516308/,27516308,,,error,Identifier not found in PMC
Bio-protocol-2943,http://www.ncbi.nlm.nih.gov/pubmed/27215318,https://pubmed.ncbi.nlm.nih.gov/27215318/,27215318,PMC4877957,10.1186/s12866-016-0703-x,low_conf,
Bio-protocol-2938,http://www.ncbi.nlm.nih.gov/pubmed/26189797,https://pubmed.ncbi.nlm.nih.gov/26189797/,26189797,PMC4820683,10.1038/onc.2015.235,low_conf,
Bio-protocol-2939,http://www.ncbi.nlm.nih.gov/pubmed/26189797,https://pubmed.ncbi.nlm.nih.gov/26189797/,26189797,PMC4820683,10.1038/onc.2015.235,low_conf,
Bio-protocol-2947,http://www.ncbi.nlm.nih.gov/pubmed/26075911,https://pubmed.ncbi.nlm.nih.gov/26075911/,26075911,,,error,Identifier not found in PMC
Bio-protocol-2951,http://www.ncbi.nlm.nih.gov/pubmed/25976013,https://pubmed.ncbi.nlm.nih.gov/25976013/,25976013,PMC6638414,10.1111/mpp.12278,low_conf,
Bio-protocol-2948,http://www.ncbi.nlm.nih.gov/pubmed/26369972,https://pubmed.ncbi.nlm.nih.gov/26369972/,26369972,PMC4649165,10.1128/AAC.01375-15,low_conf,
Bio-protocol-2952,http://www.ncbi.nlm.nih.gov/pubmed/25759133,https://pubmed.ncbi.nlm.nih.gov/25759133/,25759133,,,error,Identifier not found in PMC
Bio-protocol-2949,http://www.ncbi.nlm.nih.gov/pubmed/26376362,https://pubmed.ncbi.nlm.nih.gov/26376362/,26376362,PMC4794430,10.1038/mi.2015.85,low_conf,
Bio-protocol-2953,http://www.ncbi.nlm.nih.gov/pubmed/26725122,https://pubmed.ncbi.nlm.nih.gov/26725122/,26725122,PMC4904785,10.1016/j.celrep.2015.12.012,low_conf,
Bio-protocol-2950,http://www.ncbi.nlm.nih.gov/pubmed/26096932,https://pubmed.ncbi.nlm.nih.gov/26096932/,26096932,PMC4820680,10.1038/onc.2015.231,low_conf,
Bio-protocol-2954,http://www.ncbi.nlm.nih.gov/pubmed/27087466,https://pubmed.ncbi.nlm.nih.gov/27087466/,27087466,PMC4834554,10.1038/srep24381,low_conf,
Bio-protocol-2955,http://www.ncbi.nlm.nih.gov/pubmed/27442126,https://pubmed.ncbi.nlm.nih.gov/27442126/,27442126,PMC4956104,10.1371/journal.pone.0159346,low_conf,
Bio-protocol-2956,http://www.ncbi.nlm.nih.gov/pubmed/27362237,https://pubmed.ncbi.nlm.nih.gov/27362237/,27362237,PMC4950998,10.1038/nature18317,low_conf,
Bio-protocol-2957,http://www.ncbi.nlm.nih.gov/pubmed/25142568,https://pubmed.ncbi.nlm.nih.gov/25142568/,25142568,PMC4153065,10.5665/sleep.3990,low_conf,
Bio-protocol-2958,http://www.ncbi.nlm.nih.gov/pubmed/26376366,https://pubmed.ncbi.nlm.nih.gov/26376366/,26376366,,,error,Identifier not found in PMC
Bio-protocol-2959,http://www.ncbi.nlm.nih.gov/pubmed/26883488,https://pubmed.ncbi.nlm.nih.gov/26883488/,26883488,,,error,Identifier not found in PMC
Bio-protocol-2960,http://www.ncbi.nlm.nih.gov/pubmed/26883488,https://pubmed.ncbi.nlm.nih.gov/26883488/,26883488,,,error,Identifier not found in PMC
Bio-protocol-2961,https://doi.org/10.1105/tpc.112.098574,,,,,no_pmc,
Bio-protocol-2962,http://www.ncbi.nlm.nih.gov/pubmed/25588840,https://pubmed.ncbi.nlm.nih.gov/25588840/,25588840,,,error,Identifier not found in PMC
Bio-protocol-2965,http://www.ncbi.nlm.nih.gov/pubmed/27118985,https://pubmed.ncbi.nlm.nih.gov/27118985/,27118985,PMC4845321,10.1186/s13007-016-0125-7,low_conf,
Bio-protocol-2966,http://www.ncbi.nlm.nih.gov/pubmed/27089945,https://pubmed.ncbi.nlm.nih.gov/27089945/,27089945,PMC4835694,10.1038/srep23456,low_conf,
Bio-protocol-2964,http://www.ncbi.nlm.nih.gov/pubmed/27446113,https://pubmed.ncbi.nlm.nih.gov/27446113/,27446113,PMC4914978,10.3389/fpls.2016.00880,low_conf,
Bio-protocol-2963,http://www.ncbi.nlm.nih.gov/pubmed/26996599,https://pubmed.ncbi.nlm.nih.gov/26996599/,26996599,PMC4826731,10.1016/j.stem.2016.02.004,low_conf,
Bio-protocol-2967,http://www.ncbi.nlm.nih.gov/pubmed/27110741,https://pubmed.ncbi.nlm.nih.gov/27110741/,27110741,,,error,Identifier not found in PMC
Bio-protocol-2968,http://www.ncbi.nlm.nih.gov/pubmed/26762978,https://pubmed.ncbi.nlm.nih.gov/26762978/,26762978,PMC4856974,10.1093/nar/gkv1542,low_conf,
Bio-protocol-2970,http://www.ncbi.nlm.nih.gov/pubmed/26700612,https://pubmed.ncbi.nlm.nih.gov/26700612/,26700612,PMC4803617,10.1002/stem.2272,low_conf,
Bio-protocol-2972,http://www.ncbi.nlm.nih.gov/pubmed/26962942,https://pubmed.ncbi.nlm.nih.gov/26962942/,26962942,PMC4821831,10.1016/j.chom.2016.02.011,low_conf,
Bio-protocol-2969,http://www.ncbi.nlm.nih.gov/pubmed/26656712,https://pubmed.ncbi.nlm.nih.gov/26656712/,26656712,PMC4810696,10.1128/JVI.02739-15,low_conf,
Bio-protocol-2973,http://www.ncbi.nlm.nih.gov/pubmed/26900927,https://pubmed.ncbi.nlm.nih.gov/26900927/,26900927,PMC4811704,10.1038/nn.4257,low_conf,
Bio-protocol-2971,http://www.ncbi.nlm.nih.gov/pubmed/26926999,https://pubmed.ncbi.nlm.nih.gov/26926999/,26926999,,,error,Identifier not found in PMC
Bio-protocol-2974,http://www.ncbi.nlm.nih.gov/pubmed/27153332,https://pubmed.ncbi.nlm.nih.gov/27153332/,27153332,PMC4859500,10.1371/journal.pgen.1006017,low_conf,
Bio-protocol-2975,http://www.ncbi.nlm.nih.gov/pubmed/22972192,https://pubmed.ncbi.nlm.nih.gov/22972192/,22972192,,,error,Identifier not found in PMC
Bio-protocol-2976,http://www.ncbi.nlm.nih.gov/pubmed/27138568,https://pubmed.ncbi.nlm.nih.gov/27138568/,27138568,PMC4864890,10.15252/emmm.201606255,low_conf,
Bio-protocol-2978,http://www.jneurosci.org/content/36/31/8210.long,,,,,no_pmc,
Bio-protocol-2977,http://www.jneurosci.org/content/36/31/8210.long,,,,,no_pmc,
Bio-protocol-2979,http://www.jneurosci.org/content/36/25/6718.long,,,,,no_pmc,
Bio-protocol-2980,http://www.jneurosci.org/content/36/25/6718.long,,,,,no_pmc,
Bio-protocol-2981,http://www.ncbi.nlm.nih.gov/pubmed/26584715,https://pubmed.ncbi.nlm.nih.gov/26584715/,26584715,,,error,Identifier not found in PMC
Bio-protocol-2984,http://www.ncbi.nlm.nih.gov/pubmed/27446113,https://pubmed.ncbi.nlm.nih.gov/27446113/,27446113,PMC4914978,10.3389/fpls.2016.00880,low_conf,
Bio-protocol-2982,http://www.ncbi.nlm.nih.gov/pubmed/25922482,https://pubmed.ncbi.nlm.nih.gov/25922482/,25922482,PMC4493785,10.1093/jxb/erv158,low_conf,
Bio-protocol-2985,http://www.ncbi.nlm.nih.gov/pubmed/26433093,https://pubmed.ncbi.nlm.nih.gov/26433093/,26433093,,,error,Identifier not found in PMC
Bio-protocol-2983,http://www.ncbi.nlm.nih.gov/pubmed/24373158,https://pubmed.ncbi.nlm.nih.gov/24373158/,24373158,,,error,Identifier not found in PMC
Bio-protocol-2986,http://www.ncbi.nlm.nih.gov/pubmed/27322096,https://pubmed.ncbi.nlm.nih.gov/27322096/,27322096,PMC4918763,10.1038/nplants.2016.89,low_conf,
Bio-protocol-2987,http://www.ncbi.nlm.nih.gov/pubmed/27184609,https://pubmed.ncbi.nlm.nih.gov/27184609/,27184609,,,error,Identifier not found in PMC
Bio-protocol-2988,http://www.ncbi.nlm.nih.gov/pubmed/27254278,https://pubmed.ncbi.nlm.nih.gov/27254278/,27254278,PMC5023418,10.1002/smll.201600725,low_conf,
Bio-protocol-2989,http://www.ncbi.nlm.nih.gov/pubmed/26746719,https://pubmed.ncbi.nlm.nih.gov/26746719/,26746719,PMC4784022,10.1128/AEM.02781-15,low_conf,
Bio-protocol-2990,https://pubmed.ncbi.nlm.nih.gov/27208223/,https://pubmed.ncbi.nlm.nih.gov/27208223/,27208223,PMC4902602,10.1104/pp.16.00176,low_conf,
Bio-protocol-2991,http://www.ncbi.nlm.nih.gov/pubmed/27113386,https://pubmed.ncbi.nlm.nih.gov/27113386/,27113386,PMC4844972,10.1038/srep25129,low_conf,
Bio-protocol-2992,http://www.ncbi.nlm.nih.gov/pubmed/25065597,https://pubmed.ncbi.nlm.nih.gov/25065597/,25065597,,,error,Identifier not found in PMC
Bio-protocol-2993,http://www.ncbi.nlm.nih.gov/pubmed/25065597,https://pubmed.ncbi.nlm.nih.gov/25065597/,25065597,,,error,Identifier not found in PMC
Bio-protocol-2994,http://www.ncbi.nlm.nih.gov/pubmed/26294211,https://pubmed.ncbi.nlm.nih.gov/26294211/,26294211,PMC4609262,10.1158/0008-5472.CAN-15-0024,low_conf,
Bio-protocol-2996,http://www.ncbi.nlm.nih.gov/pubmed/26457757,https://pubmed.ncbi.nlm.nih.gov/26457757/,26457757,PMC4776769,10.1038/nm.3960,low_conf,
Bio-protocol-2997,http://www.ncbi.nlm.nih.gov/pubmed/26457757,https://pubmed.ncbi.nlm.nih.gov/26457757/,26457757,PMC4776769,10.1038/nm.3960,low_conf,
Bio-protocol-2995,http://www.ncbi.nlm.nih.gov/pubmed/22200663,https://pubmed.ncbi.nlm.nih.gov/22200663/,22200663,PMC3295398,10.1093/jxb/err420,low_conf,
Bio-protocol-2998,http://www.ncbi.nlm.nih.gov/pubmed/27463643,https://pubmed.ncbi.nlm.nih.gov/27463643/,27463643,PMC4962994,10.1371/journal.ppat.1005793,low_conf,
Bio-protocol-3000,http://www.ncbi.nlm.nih.gov/pubmed/20727350,https://pubmed.ncbi.nlm.nih.gov/20727350/,20727350,,,error,Identifier not found in PMC
Bio-protocol-2999,http://www.ncbi.nlm.nih.gov/pubmed/22327225,https://pubmed.ncbi.nlm.nih.gov/22327225/,22327225,,,error,Identifier not found in PMC
Bio-protocol-3001,http://www.ncbi.nlm.nih.gov/pubmed/27084004,https://pubmed.ncbi.nlm.nih.gov/27084004/,27084004,PMC4959181,10.1128/AEM.00917-16,low_conf,
Bio-protocol-3002,http://www.ncbi.nlm.nih.gov/pubmed/27214553,https://pubmed.ncbi.nlm.nih.gov/27214553/,27214553,PMC4922710,10.1172/JCI81916,low_conf,
Bio-protocol-3004,http://www.ncbi.nlm.nih.gov/pubmed/27353751,https://pubmed.ncbi.nlm.nih.gov/27353751/,27353751,PMC4937208,10.1128/mBio.00455-16,low_conf,
Bio-protocol-3003,https://www.ncbi.nlm.nih.gov/pubmed/23142702,https://pubmed.ncbi.nlm.nih.gov/23142702/,23142702,,,error,Identifier not found in PMC
Bio-protocol-3006,http://www.ncbi.nlm.nih.gov/pubmed/26915493,https://pubmed.ncbi.nlm.nih.gov/26915493/,26915493,PMC4899322,10.1111/mmi.13361,low_conf,
Bio-protocol-3009,http://www.ncbi.nlm.nih.gov/pubmed/27081181,https://pubmed.ncbi.nlm.nih.gov/27081181/,27081181,PMC4904676,10.1105/tpc.16.00018,low_conf,
Bio-protocol-3010,http://www.publish.csiro.au/?paper=FP12379,,,,,no_pmc,
Bio-protocol-3007,https://elifesciences.org/articles/07454,,,,,no_pmc,
Bio-protocol-3008,https://genomebiology.biomedcentral.com/articles/10.1186/gb-2014-15-4-r65,,,,,no_pmc,
Bio-protocol-3011,http://www.ncbi.nlm.nih.gov/pubmed/25961931,https://pubmed.ncbi.nlm.nih.gov/25961931/,25961931,,,error,Identifier not found in PMC
Bio-protocol-3013,http://www.jneurosci.org/content/36/3/785.long,,,,,no_pmc,
Bio-protocol-3014,http://www.jneurosci.org/content/36/36/9454.long,,,,,no_pmc,
Bio-protocol-3012,http://www.ncbi.nlm.nih.gov/pubmed/26350902,https://pubmed.ncbi.nlm.nih.gov/26350902/,26350902,PMC4642709,10.1126/scisignal.aab3729,low_conf,
Bio-protocol-3015,http://www.ncbi.nlm.nih.gov/pubmed/26367249,https://pubmed.ncbi.nlm.nih.gov/26367249/,26367249,,,error,Identifier not found in PMC
Bio-protocol-3016,http://www.ncbi.nlm.nih.gov/pubmed/27003799,https://pubmed.ncbi.nlm.nih.gov/27003799/,27003799,,,error,Identifier not found in PMC
Bio-protocol-3017,http://www.ncbi.nlm.nih.gov/pubmed/26764375,https://pubmed.ncbi.nlm.nih.gov/26764375/,26764375,PMC4790870,10.1105/tpc.15.00637,low_conf,
Bio-protocol-3021,http://www.jbc.org/content/291/2/939.long,,,,,no_pmc,
Bio-protocol-3018,http://www.ncbi.nlm.nih.gov/pubmed/27118457,https://pubmed.ncbi.nlm.nih.gov/27118457/,27118457,,,error,Identifier not found in PMC
Bio-protocol-3019,https://elifesciences.org/articles/13098,,,,,no_pmc,
Bio-protocol-3020,http://www.ncbi.nlm.nih.gov/pubmed/25962850,https://pubmed.ncbi.nlm.nih.gov/25962850/,25962850,PMC6638434,10.1111/mpp.12276,low_conf,
Bio-protocol-3022,http://www.ncbi.nlm.nih.gov/pubmed/27402707,https://pubmed.ncbi.nlm.nih.gov/27402707/,27402707,,,error,Identifier not found in PMC
Bio-protocol-3023,http://www.ncbi.nlm.nih.gov/pubmed/26000610,https://pubmed.ncbi.nlm.nih.gov/26000610/,26000610,PMC4441442,10.1371/journal.pone.0127869,low_conf,
Bio-protocol-3025,http://www.ncbi.nlm.nih.gov/pubmed/26554736,https://pubmed.ncbi.nlm.nih.gov/26554736/,26554736,,,error,Identifier not found in PMC
Bio-protocol-3028,http://iti.stanford.edu/himc/protocols.html,,,,,no_pmc,
Bio-protocol-3026,http://www.ncbi.nlm.nih.gov/pubmed/27138568,https://pubmed.ncbi.nlm.nih.gov/27138568/,27138568,PMC4864890,10.15252/emmm.201606255,low_conf,
Bio-protocol-3024,http://www.ncbi.nlm.nih.gov/pubmed/26933057,https://pubmed.ncbi.nlm.nih.gov/26933057/,26933057,PMC4810496,10.1128/mBio.02259-15,low_conf,
Bio-protocol-3027,http://link.springer.com/article/10.1007/s11738-010-0613-8,,,,,no_pmc,
Bio-protocol-3029,http://www.jneurosci.org/content/36/17/4785.long,,,,,no_pmc,
Bio-protocol-3032,http://www.ncbi.nlm.nih.gov/pubmed/27287409,https://pubmed.ncbi.nlm.nih.gov/27287409/,27287409,PMC4917442,10.1016/j.immuni.2016.05.006,low_conf,
Bio-protocol-3030,http://www.ncbi.nlm.nih.gov/pubmed/26323721,https://pubmed.ncbi.nlm.nih.gov/26323721/,26323721,PMC4662858,10.15252/embr.201540107,low_conf,
Bio-protocol-3036,http://www.ncbi.nlm.nih.gov/pubmed/27396363,https://pubmed.ncbi.nlm.nih.gov/27396363/,27396363,PMC6364302,10.1016/j.devcel.2016.06.008,low_conf,
Bio-protocol-3033,http://www.ncbi.nlm.nih.gov/pubmed/26752644,https://pubmed.ncbi.nlm.nih.gov/26752644/,26752644,PMC4731172,10.1172/JCI81950,low_conf,
Bio-protocol-3031,http://www.ncbi.nlm.nih.gov/pubmed/26432786,https://pubmed.ncbi.nlm.nih.gov/26432786/,26432786,PMC5500174,10.1158/1078-0432.CCR-15-0187,low_conf,
Bio-protocol-3034,http://www.ncbi.nlm.nih.gov/pubmed/27089381,https://pubmed.ncbi.nlm.nih.gov/27089381/,27089381,,,error,Identifier not found in PMC
Bio-protocol-3035,http://www.ncbi.nlm.nih.gov/pubmed/27089381,https://pubmed.ncbi.nlm.nih.gov/27089381/,27089381,,,error,Identifier not found in PMC
Bio-protocol-3037,http://www.ncbi.nlm.nih.gov/pubmed/27020959,https://pubmed.ncbi.nlm.nih.gov/27020959/,27020959,PMC4863382,10.1105/tpc.15.00812,low_conf,
Bio-protocol-3039,http://www.ncbi.nlm.nih.gov/pubmed/26943926,https://pubmed.ncbi.nlm.nih.gov/26943926/,26943926,PMC4778876,10.1371/journal.ppat.1005495,low_conf,
Bio-protocol-3038,http://www.ncbi.nlm.nih.gov/pubmed/26943926,https://pubmed.ncbi.nlm.nih.gov/26943926/,26943926,PMC4778876,10.1371/journal.ppat.1005495,low_conf,
Bio-protocol-3040,http://www.ncbi.nlm.nih.gov/pubmed/26050621,https://pubmed.ncbi.nlm.nih.gov/26050621/,26050621,,,error,Identifier not found in PMC
Bio-protocol-3041,http://www.jneurosci.org/content/35/49/16259.long,,,,,no_pmc,
Bio-protocol-3043,http://www.ncbi.nlm.nih.gov/pubmed/26989172,https://pubmed.ncbi.nlm.nih.gov/26989172/,26989172,PMC4986166,10.1242/dev.131490,low_conf,
Bio-protocol-3042,http://www.ncbi.nlm.nih.gov/pubmed/26989172,https://pubmed.ncbi.nlm.nih.gov/26989172/,26989172,PMC4986166,10.1242/dev.131490,low_conf,
Bio-protocol-3044,http://www.ncbi.nlm.nih.gov/pubmed/26896695,https://pubmed.ncbi.nlm.nih.gov/26896695/,26896695,,,error,Identifier not found in PMC
Bio-protocol-3045,http://www.ncbi.nlm.nih.gov/pubmed/25671321,https://pubmed.ncbi.nlm.nih.gov/25671321/,25671321,PMC4335496,10.1371/journal.pgen.1004972,low_conf,
Bio-protocol-3047,http://www.ncbi.nlm.nih.gov/pubmed/26950042,https://pubmed.ncbi.nlm.nih.gov/26950042/,26950042,,,error,Identifier not found in PMC
Bio-protocol-3046,http://www.ncbi.nlm.nih.gov/pubmed/26833661,https://pubmed.ncbi.nlm.nih.gov/26833661/,26833661,,,error,Identifier not found in PMC
Bio-protocol-3050,http://www.ncbi.nlm.nih.gov/pubmed/26494467,https://pubmed.ncbi.nlm.nih.gov/26494467/,26494467,PMC4986640,10.1038/cdd.2015.137,low_conf,
Bio-protocol-3049,https://www.ncbi.nlm.nih.gov/pubmed/27069118,https://pubmed.ncbi.nlm.nih.gov/27069118/,27069118,PMC4892721,10.1093/jxb/erw142,low_conf,
Bio-protocol-3048,http://www.ncbi.nlm.nih.gov/pubmed/26605699,https://pubmed.ncbi.nlm.nih.gov/26605699/,26605699,,,error,Identifier not found in PMC
Bio-protocol-3051,http://www.ncbi.nlm.nih.gov/pubmed/26446493,https://pubmed.ncbi.nlm.nih.gov/26446493/,26446493,PMC4597226,10.1038/srep14980,low_conf,
Bio-protocol-3052,https://elifesciences.org/articles/14330,,,,,no_pmc,
Bio-protocol-3054,http://www.sciencedirect.com/science/article/pii/S016894521630262X,,,,,no_pmc,
Bio-protocol-3055,http://www.ncbi.nlm.nih.gov/pubmed/26208907,https://pubmed.ncbi.nlm.nih.gov/26208907/,26208907,,,error,Identifier not found in PMC
Bio-protocol-3053,http://www.ncbi.nlm.nih.gov/pubmed/12060224,https://pubmed.ncbi.nlm.nih.gov/12060224/,12060224,,,error,Identifier not found in PMC
Bio-protocol-3056,http://www.ncbi.nlm.nih.gov/pubmed/26305038,https://pubmed.ncbi.nlm.nih.gov/26305038/,26305038,,,error,Identifier not found in PMC
Bio-protocol-3057,https://pubmed.ncbi.nlm.nih.gov/26945052/,https://pubmed.ncbi.nlm.nih.gov/26945052/,26945052,PMC4854695,10.1104/pp.15.01953,low_conf,
Bio-protocol-3058,http://www.ncbi.nlm.nih.gov/pubmed/26990663,https://pubmed.ncbi.nlm.nih.gov/26990663/,26990663,PMC4987736,10.1038/cdd.2016.3,low_conf,
Bio-protocol-3059,http://www.ncbi.nlm.nih.gov/pubmed/24850856,https://pubmed.ncbi.nlm.nih.gov/24850856/,24850856,,,error,Identifier not found in PMC
Bio-protocol-3060,http://www.ncbi.nlm.nih.gov/pubmed/26051963,https://pubmed.ncbi.nlm.nih.gov/26051963/,26051963,,,error,Identifier not found in PMC
Bio-protocol-3061,http://www.ncbi.nlm.nih.gov/pubmed/26708413,https://pubmed.ncbi.nlm.nih.gov/26708413/,26708413,,,error,Identifier not found in PMC
Bio-protocol-3063,http://www.ncbi.nlm.nih.gov/pubmed/27046832,https://pubmed.ncbi.nlm.nih.gov/27046832/,27046832,,,error,Identifier not found in PMC
Bio-protocol-3062,http://www.ncbi.nlm.nih.gov/pubmed/26708413,https://pubmed.ncbi.nlm.nih.gov/26708413/,26708413,,,error,Identifier not found in PMC
Bio-protocol-3064,http://www.ncbi.nlm.nih.gov/pubmed/26714836,https://pubmed.ncbi.nlm.nih.gov/26714836/,26714836,,,error,Identifier not found in PMC
Bio-protocol-3065,http://www.ncbi.nlm.nih.gov/pubmed/26686466,https://pubmed.ncbi.nlm.nih.gov/26686466/,26686466,PMC4744135,10.1016/j.stem.2015.11.005,low_conf,
Bio-protocol-3066,https://pubmed.ncbi.nlm.nih.gov/26508775/,https://pubmed.ncbi.nlm.nih.gov/26508775/,26508775,PMC4677899,10.1104/pp.15.01056,low_conf,
Bio-protocol-3067,http://www.ncbi.nlm.nih.gov/pubmed/26935252,https://pubmed.ncbi.nlm.nih.gov/26935252/,26935252,,,error,Identifier not found in PMC
Bio-protocol-3068,http://www.ncbi.nlm.nih.gov/pubmed/26422405,https://pubmed.ncbi.nlm.nih.gov/26422405/,26422405,,,error,Identifier not found in PMC
Bio-protocol-3071,https://elifesciences.org/articles/13292,,,,,no_pmc,
Bio-protocol-3069,http://www.ncbi.nlm.nih.gov/pubmed/26819411,https://pubmed.ncbi.nlm.nih.gov/26819411/,26819411,PMC4797292,10.1093/nar/gkw023,low_conf,
Bio-protocol-3073,http://www.ncbi.nlm.nih.gov/pubmed/26657635,https://pubmed.ncbi.nlm.nih.gov/26657635/,26657635,PMC4824082,10.1093/nar/gkv1338,low_conf,
Bio-protocol-3070,http://www.ncbi.nlm.nih.gov/pubmed/27286833,https://pubmed.ncbi.nlm.nih.gov/27286833/,27286833,PMC4901479,10.1186/s12870-016-0824-2,low_conf,
Bio-protocol-3072,http://www.ncbi.nlm.nih.gov/pubmed/27178736,https://pubmed.ncbi.nlm.nih.gov/27178736/,27178736,PMC11108369,10.1007/s00018-016-2271-5,low_conf,
Bio-protocol-3074,http://www.ncbi.nlm.nih.gov/pubmed/26235673,https://pubmed.ncbi.nlm.nih.gov/26235673/,26235673,,,error,Identifier not found in PMC
Bio-protocol-3075,http://www.ncbi.nlm.nih.gov/pubmed/26853472,https://pubmed.ncbi.nlm.nih.gov/26853472/,26853472,PMC4752818,10.1016/j.cell.2015.12.054,low_conf,
Bio-protocol-3076,http://www.ncbi.nlm.nih.gov/pubmed/26756833,https://pubmed.ncbi.nlm.nih.gov/26756833/,26756833,,,error,Identifier not found in PMC
Bio-protocol-3077,http://www.ncbi.nlm.nih.gov/pubmed/27046832,https://pubmed.ncbi.nlm.nih.gov/27046832/,27046832,,,error,Identifier not found in PMC
Bio-protocol-3078,http://www.ncbi.nlm.nih.gov/pubmed/27193330,https://pubmed.ncbi.nlm.nih.gov/27193330/,27193330,PMC4872342,10.1186/s12974-016-0578-7,low_conf,
Bio-protocol-3079,http://www.ncbi.nlm.nih.gov/pubmed/25680776,https://pubmed.ncbi.nlm.nih.gov/25680776/,25680776,,,error,Identifier not found in PMC
Bio-protocol-3080,http://bmcgenomics.biomedcentral.com/articles/10.1186/1471-2164-14-S2-S4,,,,,no_pmc,
Bio-protocol-3082,http://www.ncbi.nlm.nih.gov/pubmed/25896323,https://pubmed.ncbi.nlm.nih.gov/25896323/,25896323,,,error,Identifier not found in PMC
Bio-protocol-3081,http://www.ncbi.nlm.nih.gov/pubmed/26073086,https://pubmed.ncbi.nlm.nih.gov/26073086/,26073086,PMC4800288,10.1038/onc.2015.196,low_conf,
Bio-protocol-3083,http://www.ncbi.nlm.nih.gov/pubmed/25896323,https://pubmed.ncbi.nlm.nih.gov/25896323/,25896323,,,error,Identifier not found in PMC
Bio-protocol-3085,http://www.jneurosci.org/content/36/17/4785.long,,,,,no_pmc,
Bio-protocol-3084,http://www.ncbi.nlm.nih.gov/pubmed/26982366,https://pubmed.ncbi.nlm.nih.gov/26982366/,26982366,PMC4794750,10.1016/j.immuni.2016.02.007,low_conf,
Bio-protocol-3086,http://www.ncbi.nlm.nih.gov/pubmed/26854927,https://pubmed.ncbi.nlm.nih.gov/26854927/,26854927,PMC4767350,10.1172/JCI83778,low_conf,
Bio-protocol-3089,http://www.ncbi.nlm.nih.gov/pubmed/26755627,https://pubmed.ncbi.nlm.nih.gov/26755627/,26755627,PMC4772601,10.1128/JB.00963-15,low_conf,
Bio-protocol-3088,http://www.ncbi.nlm.nih.gov/pubmed/26630262,https://pubmed.ncbi.nlm.nih.gov/26630262/,26630262,PMC4667880,10.1371/journal.pone.0143595,low_conf,
Bio-protocol-3087,https://pubmed.ncbi.nlm.nih.gov/12242406/,https://pubmed.ncbi.nlm.nih.gov/12242406/,12242406,PMC160955,10.1105/tpc.7.8.1333,low_conf,
Bio-protocol-3090,http://www.ncbi.nlm.nih.gov/pubmed/26755627,https://pubmed.ncbi.nlm.nih.gov/26755627/,26755627,PMC4772601,10.1128/JB.00963-15,low_conf,
Bio-protocol-3091,http://www.ncbi.nlm.nih.gov/pubmed/26794905,https://pubmed.ncbi.nlm.nih.gov/26794905/,26794905,,,error,Identifier not found in PMC
Bio-protocol-3094,http://www.ncbi.nlm.nih.gov/pubmed/26962947,https://pubmed.ncbi.nlm.nih.gov/26962947/,26962947,PMC4787272,10.1016/j.chom.2016.02.009,low_conf,
Bio-protocol-3092,http://www.ncbi.nlm.nih.gov/pubmed/25961912,https://pubmed.ncbi.nlm.nih.gov/25961912/,25961912,,,error,Identifier not found in PMC
Bio-protocol-3093,http://www.ncbi.nlm.nih.gov/pubmed/26106901,https://pubmed.ncbi.nlm.nih.gov/26106901/,26106901,,,error,Identifier not found in PMC
Bio-protocol-3096,http://www.ncbi.nlm.nih.gov/pubmed/25288733,https://pubmed.ncbi.nlm.nih.gov/25288733/,25288733,PMC4210292,10.1073/pnas.1407087111,low_conf,
Bio-protocol-3095,http://www.ncbi.nlm.nih.gov/pubmed/26904089,https://pubmed.ncbi.nlm.nih.gov/26904089/,26904089,PMC4751278,10.3389/fpls.2016.00137,low_conf,
Bio-protocol-3098,http://www.ncbi.nlm.nih.gov/pubmed/27044672,https://pubmed.ncbi.nlm.nih.gov/27044672/,27044672,,,error,Identifier not found in PMC
Bio-protocol-3099,http://www.ncbi.nlm.nih.gov/pubmed/26521146,https://pubmed.ncbi.nlm.nih.gov/26521146/,26521146,,,error,Identifier not found in PMC
Bio-protocol-3100,http://www.ncbi.nlm.nih.gov/pubmed/27064899,https://pubmed.ncbi.nlm.nih.gov/27064899/,27064899,PMC4827878,10.1371/journal.pone.0153528,low_conf,
Bio-protocol-3097,http://www.ncbi.nlm.nih.gov/pubmed/26974960,https://pubmed.ncbi.nlm.nih.gov/26974960/,26974960,PMC4790934,10.1371/journal.ppat.1005485,low_conf,
Bio-protocol-3101,http://www.ncbi.nlm.nih.gov/pubmed/26965987,https://pubmed.ncbi.nlm.nih.gov/26965987/,26965987,PMC4897776,10.1016/j.bbamem.2016.03.007,low_conf,
Bio-protocol-3105,http://www.ncbi.nlm.nih.gov/pubmed/17693598,https://pubmed.ncbi.nlm.nih.gov/17693598/,17693598,PMC2043388,10.1128/EC.00257-06,low_conf,
Bio-protocol-3104,http://www.ncbi.nlm.nih.gov/pubmed/26893351,https://pubmed.ncbi.nlm.nih.gov/26893351/,26893351,,,error,Identifier not found in PMC
Bio-protocol-3103,http://www.ncbi.nlm.nih.gov/pubmed/26418742,https://pubmed.ncbi.nlm.nih.gov/26418742/,26418742,,,error,Identifier not found in PMC
Bio-protocol-3107,http://www.ncbi.nlm.nih.gov/pubmed/26731741,https://pubmed.ncbi.nlm.nih.gov/26731741/,26731741,PMC4711583,10.1371/journal.pone.0146255,low_conf,
Bio-protocol-3106,http://www.ncbi.nlm.nih.gov/pubmed/17693598,https://pubmed.ncbi.nlm.nih.gov/17693598/,17693598,PMC2043388,10.1128/EC.00257-06,low_conf,
Bio-protocol-3102,http://www.ncbi.nlm.nih.gov/pubmed/26744214,https://pubmed.ncbi.nlm.nih.gov/26744214/,26744214,PMC4790867,10.1105/tpc.15.00567,low_conf,
Bio-protocol-3110,http://www.ncbi.nlm.nih.gov/pubmed/26071932,https://pubmed.ncbi.nlm.nih.gov/26071932/,26071932,PMC4549958,10.1093/aob/mcv086,low_conf,
Bio-protocol-3108,http://www.ncbi.nlm.nih.gov/pubmed/25823024,https://pubmed.ncbi.nlm.nih.gov/25823024/,25823024,,,error,Identifier not found in PMC
Bio-protocol-3109,http://www.ncbi.nlm.nih.gov/pubmed/26296967,https://pubmed.ncbi.nlm.nih.gov/26296967/,26296967,PMC4815096,10.1105/tpc.114.126664,low_conf,
Bio-protocol-3112,http://www.ncbi.nlm.nih.gov/pubmed/26959405,https://pubmed.ncbi.nlm.nih.gov/26959405/,26959405,PMC4784930,10.1371/journal.pone.0151179,low_conf,
Bio-protocol-3113,http://www.jbc.org/content/286/38/33037.long,,,,,no_pmc,
Bio-protocol-3111,http://www.ncbi.nlm.nih.gov/pubmed/26752644,https://pubmed.ncbi.nlm.nih.gov/26752644/,26752644,PMC4731172,10.1172/JCI81950,low_conf,
Bio-protocol-3114,http://www.ncbi.nlm.nih.gov/pubmed/27416726,https://pubmed.ncbi.nlm.nih.gov/27416726/,27416726,PMC4946243,10.1186/s12885-016-2528-2,low_conf,
Bio-protocol-3119,http://www.jneurosci.org/content/35/48/15934.long,,,,,no_pmc,
Bio-protocol-3117,http://www.ncbi.nlm.nih.gov/pubmed/26682983,https://pubmed.ncbi.nlm.nih.gov/26682983/,26682983,,,error,Identifier not found in PMC
Bio-protocol-3116,http://www.ncbi.nlm.nih.gov/pubmed/26682983,https://pubmed.ncbi.nlm.nih.gov/26682983/,26682983,,,error,Identifier not found in PMC
Bio-protocol-3115,http://www.ncbi.nlm.nih.gov/pubmed/27054924,https://pubmed.ncbi.nlm.nih.gov/27054924/,27054924,,,error,Identifier not found in PMC
Bio-protocol-3118,http://www.ncbi.nlm.nih.gov/pubmed/26574781,https://pubmed.ncbi.nlm.nih.gov/26574781/,26574781,PMC4942217,10.1165/rcmb.2015-0171OC,low_conf,
Bio-protocol-3120,http://www.ncbi.nlm.nih.gov/pubmed/25893300,https://pubmed.ncbi.nlm.nih.gov/25893300/,25893300,,,error,Identifier not found in PMC
Bio-protocol-3123,http://www.ncbi.nlm.nih.gov/pubmed/26004684,https://pubmed.ncbi.nlm.nih.gov/26004684/,26004684,PMC4470473,10.1016/j.ccell.2015.04.010,low_conf,
Bio-protocol-3121,http://www.ncbi.nlm.nih.gov/pubmed/26921108,https://pubmed.ncbi.nlm.nih.gov/26921108/,26921108,PMC4794358,10.1016/j.immuni.2016.01.001,low_conf,
Bio-protocol-3122,http://www.ncbi.nlm.nih.gov/pubmed/26921108,https://pubmed.ncbi.nlm.nih.gov/26921108/,26921108,PMC4794358,10.1016/j.immuni.2016.01.001,low_conf,
Bio-protocol-3125,http://www.ncbi.nlm.nih.gov/pubmed/25331432,https://pubmed.ncbi.nlm.nih.gov/25331432/,25331432,PMC4288695,10.1128/JB.02113-14,low_conf,
Bio-protocol-3124,http://www.ncbi.nlm.nih.gov/pubmed/25331432,https://pubmed.ncbi.nlm.nih.gov/25331432/,25331432,PMC4288695,10.1128/JB.02113-14,low_conf,
Bio-protocol-3126,https://pubmed.ncbi.nlm.nih.gov/26400990/,https://pubmed.ncbi.nlm.nih.gov/26400990/,26400990,PMC4634064,10.1104/pp.15.00858,low_conf,
Bio-protocol-3129,http://www.ncbi.nlm.nih.gov/pubmed/25853840,https://pubmed.ncbi.nlm.nih.gov/25853840/,25853840,PMC4487226,10.1021/acssynbio.5b00002,low_conf,
Bio-protocol-3128,http://www.jneurosci.org/content/36/3/926.long,,,,,no_pmc,
Bio-protocol-3127,http://www.ncbi.nlm.nih.gov/pubmed/26830877,https://pubmed.ncbi.nlm.nih.gov/26830877/,26830877,PMC4752894,10.1016/j.cell.2015.12.036,low_conf,
Bio-protocol-3130,https://elifesciences.org/articles/11407,,,,,no_pmc,
Bio-protocol-3131,http://www.nature.com/articles/srep13492,,,,,no_pmc,
Bio-protocol-3132,https://pubmed.ncbi.nlm.nih.gov/26556796/,https://pubmed.ncbi.nlm.nih.gov/26556796/,26556796,PMC4704599,10.1104/pp.15.01589,low_conf,
Bio-protocol-3134,http://www.ncbi.nlm.nih.gov/pubmed/27050509,https://pubmed.ncbi.nlm.nih.gov/27050509/,27050509,,,error,Identifier not found in PMC
Bio-protocol-3133,http://www.ncbi.nlm.nih.gov/pubmed/26812583,https://pubmed.ncbi.nlm.nih.gov/26812583/,26812583,PMC4734547,10.3201/eid2202.151796,low_conf,
Bio-protocol-3135,http://www.ncbi.nlm.nih.gov/pubmed/26626459,https://pubmed.ncbi.nlm.nih.gov/26626459/,26626459,PMC4715572,10.1016/j.cmet.2015.10.014,low_conf,
Bio-protocol-3136,http://www.ncbi.nlm.nih.gov/pubmed/26833627,https://pubmed.ncbi.nlm.nih.gov/26833627/,26833627,,,error,Identifier not found in PMC
Bio-protocol-3137,http://www.jneurosci.org/content/36/3/795.long,,,,,no_pmc,
Bio-protocol-3138,http://www.ncbi.nlm.nih.gov/pubmed/26619117,https://pubmed.ncbi.nlm.nih.gov/26619117/,26619117,PMC4701565,10.1172/JCI81542,low_conf,
Bio-protocol-3139,http://www.ncbi.nlm.nih.gov/pubmed/26718005,https://pubmed.ncbi.nlm.nih.gov/26718005/,26718005,,,error,Identifier not found in PMC
Bio-protocol-3140,http://www.ncbi.nlm.nih.gov/pubmed/26009593,https://pubmed.ncbi.nlm.nih.gov/26009593/,26009593,,,error,Identifier not found in PMC
Bio-protocol-3141,http://www.ncbi.nlm.nih.gov/pubmed/26689968,https://pubmed.ncbi.nlm.nih.gov/26689968/,26689968,PMC4941928,10.1038/nsmb.3145,low_conf,
Bio-protocol-3142,http://www.jneurosci.org/content/36/2/577.long,,,,,no_pmc,
Bio-protocol-3143,http://www.jneurosci.org/content/36/2/577.long,,,,,no_pmc,
Bio-protocol-3144,http://www.ncbi.nlm.nih.gov/pubmed/26246613,https://pubmed.ncbi.nlm.nih.gov/26246613/,26246613,PMC4623687,10.1093/jxb/erv382,low_conf,
Bio-protocol-3147,http://www.ncbi.nlm.nih.gov/pubmed/25174400,https://pubmed.ncbi.nlm.nih.gov/25174400/,25174400,PMC4345154,10.1038/onc.2014.282,low_conf,
Bio-protocol-3146,http://www.ncbi.nlm.nih.gov/pubmed/26496608,https://pubmed.ncbi.nlm.nih.gov/26496608/,26496608,,,error,Identifier not found in PMC
Bio-protocol-3145,http://www.ncbi.nlm.nih.gov/pubmed/26642356,https://pubmed.ncbi.nlm.nih.gov/26642356/,26642356,PMC4862588,10.1038/ni.3333,low_conf,
Bio-protocol-3148,http://www.ncbi.nlm.nih.gov/pubmed/26424783,https://pubmed.ncbi.nlm.nih.gov/26424783/,26424783,PMC4701142,10.1093/aob/mcv138,low_conf,
Bio-protocol-3150,https://pubmed.ncbi.nlm.nih.gov/25232013/,https://pubmed.ncbi.nlm.nih.gov/25232013/,25232013,PMC4226362,10.1104/pp.114.246058,low_conf,
Bio-protocol-3149,http://www.ncbi.nlm.nih.gov/pubmed/24323504,https://pubmed.ncbi.nlm.nih.gov/24323504/,24323504,,,error,Identifier not found in PMC
Bio-protocol-3151,http://www.ncbi.nlm.nih.gov/pubmed/26390157,https://pubmed.ncbi.nlm.nih.gov/26390157/,26390157,,,error,Identifier not found in PMC
Bio-protocol-3154,http://www.ncbi.nlm.nih.gov/pubmed/25798839,https://pubmed.ncbi.nlm.nih.gov/25798839/,25798839,,,error,Identifier not found in PMC
Bio-protocol-3152,http://www.ncbi.nlm.nih.gov/pubmed/26390157,https://pubmed.ncbi.nlm.nih.gov/26390157/,26390157,,,error,Identifier not found in PMC
Bio-protocol-3153,https://pubmed.ncbi.nlm.nih.gov/27013021/,https://pubmed.ncbi.nlm.nih.gov/27013021/,27013021,PMC4854719,10.1104/pp.16.00302,low_conf,
Bio-protocol-3155,http://www.ncbi.nlm.nih.gov/pubmed/26471915,https://pubmed.ncbi.nlm.nih.gov/26471915/,26471915,PMC4610037,10.1158/0008-5472.CAN-15-0074,low_conf,
Bio-protocol-3157,http://www.ncbi.nlm.nih.gov/pubmed/26494174,https://pubmed.ncbi.nlm.nih.gov/26494174/,26494174,PMC4869713,10.1126/science.aac9407,low_conf,
Bio-protocol-3156,http://www.ncbi.nlm.nih.gov/pubmed/26547588,https://pubmed.ncbi.nlm.nih.gov/26547588/,26547588,,,error,Identifier not found in PMC
Bio-protocol-3158,http://www.ncbi.nlm.nih.gov/pubmed/26494174,https://pubmed.ncbi.nlm.nih.gov/26494174/,26494174,PMC4869713,10.1126/science.aac9407,low_conf,
Bio-protocol-3160,http://www.ncbi.nlm.nih.gov/pubmed/26015543,https://pubmed.ncbi.nlm.nih.gov/26015543/,26015543,PMC4483769,10.1242/dev.121046,low_conf,
Bio-protocol-3162,http://www.ncbi.nlm.nih.gov/pubmed/26412780,https://pubmed.ncbi.nlm.nih.gov/26412780/,26412780,PMC4650865,10.1093/pcp/pcv139,low_conf,
Bio-protocol-3159,http://www.ncbi.nlm.nih.gov/pubmed/26389810,https://pubmed.ncbi.nlm.nih.gov/26389810/,26389810,,,error,Identifier not found in PMC
Bio-protocol-3161,http://www.ncbi.nlm.nih.gov/pubmed/22425196,https://pubmed.ncbi.nlm.nih.gov/22425196/,22425196,,,error,Identifier not found in PMC
Bio-protocol-3163,http://www.ncbi.nlm.nih.gov/pubmed/25132261,https://pubmed.ncbi.nlm.nih.gov/25132261/,25132261,PMC4333135,10.1038/onc.2014.253,low_conf,
Bio-protocol-3164,http://www.ncbi.nlm.nih.gov/pubmed/25751747,https://pubmed.ncbi.nlm.nih.gov/25751747/,25751747,,,error,Identifier not found in PMC
Bio-protocol-3168,http://www.ncbi.nlm.nih.gov/pubmed/26628378,https://pubmed.ncbi.nlm.nih.gov/26628378/,26628378,,,error,Identifier not found in PMC
Bio-protocol-3166,https://pubmed.ncbi.nlm.nih.gov/26556795/,https://pubmed.ncbi.nlm.nih.gov/26556795/,26556795,PMC4704586,10.1104/pp.15.01356,low_conf,
Bio-protocol-3165,http://www.ncbi.nlm.nih.gov/pubmed/26745270,https://pubmed.ncbi.nlm.nih.gov/26745270/,26745270,PMC4712962,10.1371/journal.pbio.1002348,low_conf,
Bio-protocol-3167,http://www.ncbi.nlm.nih.gov/pubmed/26587842,https://pubmed.ncbi.nlm.nih.gov/26587842/,26587842,PMC4654563,10.1371/journal.pone.0142883,low_conf,
Bio-protocol-3169,http://www.ncbi.nlm.nih.gov/pubmed/26267534,https://pubmed.ncbi.nlm.nih.gov/26267534/,26267534,,,error,Identifier not found in PMC
Bio-protocol-3170,http://www.ncbi.nlm.nih.gov/pubmed/24138283,https://pubmed.ncbi.nlm.nih.gov/24138283/,24138283,,,error,Identifier not found in PMC
Bio-protocol-3171,http://www.ncbi.nlm.nih.gov/pubmed/26443636,https://pubmed.ncbi.nlm.nih.gov/26443636/,26443636,PMC4631757,10.1242/dev.125393,low_conf,
Bio-protocol-3172,http://www.ncbi.nlm.nih.gov/pubmed/26603296,https://pubmed.ncbi.nlm.nih.gov/26603296/,26603296,PMC4670565,10.1016/j.cmet.2015.09.025,low_conf,
Bio-protocol-3173,http://www.ncbi.nlm.nih.gov/pubmed/26247862,https://pubmed.ncbi.nlm.nih.gov/26247862/,26247862,PMC4803038,10.1016/j.neuron.2015.07.010,low_conf,
Bio-protocol-3174,http://www.ncbi.nlm.nih.gov/pubmed/26247862,https://pubmed.ncbi.nlm.nih.gov/26247862/,26247862,PMC4803038,10.1016/j.neuron.2015.07.010,low_conf,
Bio-protocol-3175,http://www.ncbi.nlm.nih.gov/pubmed/25542862,https://pubmed.ncbi.nlm.nih.gov/25542862/,25542862,PMC4352303,10.1158/0008-5472.CAN-14-3100,low_conf,
Bio-protocol-3176,https://pubmed.ncbi.nlm.nih.gov/26048881/,https://pubmed.ncbi.nlm.nih.gov/26048881/,26048881,PMC4634044,10.1104/pp.15.00294,low_conf,
Bio-protocol-3177,http://www.ncbi.nlm.nih.gov/pubmed/26340426,https://pubmed.ncbi.nlm.nih.gov/26340426/,26340426,,,error,Identifier not found in PMC
Bio-protocol-3178,http://jcb.rupress.org/content/211/4/775.long,,,,,no_pmc,
Bio-protocol-3179,http://jcb.rupress.org/content/211/4/775.long,,,,,no_pmc,
Bio-protocol-3180,http://www.ncbi.nlm.nih.gov/pubmed/26038197,https://pubmed.ncbi.nlm.nih.gov/26038197/,26038197,PMC4737096,10.1002/stem.2077,low_conf,
Bio-protocol-3181,http://www.jneurosci.org/content/35/35/12188.long,,,,,no_pmc,
Bio-protocol-3183,http://www.ncbi.nlm.nih.gov/pubmed/26718481,https://pubmed.ncbi.nlm.nih.gov/26718481/,26718481,PMC4878679,10.1111/mmi.13321,low_conf,
Bio-protocol-3182,http://www.ncbi.nlm.nih.gov/pubmed/26254765,https://pubmed.ncbi.nlm.nih.gov/26254765/,26254765,,,error,Identifier not found in PMC
Bio-protocol-3184,http://www.ncbi.nlm.nih.gov/pubmed/26377940,https://pubmed.ncbi.nlm.nih.gov/26377940/,26377940,,,error,Identifier not found in PMC
Bio-protocol-3185,http://www.ncbi.nlm.nih.gov/pubmed/26162776,https://pubmed.ncbi.nlm.nih.gov/26162776/,26162776,PMC4576981,10.15252/embr.201540514,low_conf,
Bio-protocol-3186,http://www.ncbi.nlm.nih.gov/pubmed/26275995,https://pubmed.ncbi.nlm.nih.gov/26275995/,26275995,PMC4666005,10.1016/j.immuni.2015.07.018,low_conf,
Bio-protocol-3187,http://www.ncbi.nlm.nih.gov/pubmed/26275995,https://pubmed.ncbi.nlm.nih.gov/26275995/,26275995,PMC4666005,10.1016/j.immuni.2015.07.018,low_conf,
Bio-protocol-3188,http://www.ncbi.nlm.nih.gov/pubmed/26075828,https://pubmed.ncbi.nlm.nih.gov/26075828/,26075828,,,error,Identifier not found in PMC
Bio-protocol-3189,http://www.ncbi.nlm.nih.gov/pubmed/26619121,https://pubmed.ncbi.nlm.nih.gov/26619121/,26619121,PMC4701553,10.1172/JCI81655,low_conf,
Bio-protocol-3191,http://www.ncbi.nlm.nih.gov/pubmed/26621453,https://pubmed.ncbi.nlm.nih.gov/26621453/,26621453,PMC4683996,10.1084/jem.20150542,low_conf,
Bio-protocol-3190,http://www.ncbi.nlm.nih.gov/pubmed/26150473,https://pubmed.ncbi.nlm.nih.gov/26150473/,26150473,PMC4516804,10.1084/jem.20141286,low_conf,
Bio-protocol-3192,http://www.ncbi.nlm.nih.gov/pubmed/26297566,https://pubmed.ncbi.nlm.nih.gov/26297566/,26297566,,,error,Identifier not found in PMC
Bio-protocol-3193,http://www.ncbi.nlm.nih.gov/pubmed/26297566,https://pubmed.ncbi.nlm.nih.gov/26297566/,26297566,,,error,Identifier not found in PMC
Bio-protocol-3194,http://www.jneurosci.org/content/35/40/13728.long,,,,,no_pmc,
Bio-protocol-3195,http://www.ncbi.nlm.nih.gov/pubmed/26287682,https://pubmed.ncbi.nlm.nih.gov/26287682/,26287682,PMC4544742,10.1016/j.immuni.2015.07.014,low_conf,
Bio-protocol-3197,https://elifesciences.org/articles/08939,,,,,no_pmc,
Bio-protocol-3196,http://www.ncbi.nlm.nih.gov/pubmed/26454832,https://pubmed.ncbi.nlm.nih.gov/26454832/,26454832,PMC4623088,10.1007/s00497-015-0267-1,low_conf,
Bio-protocol-3198,http://www.jneurosci.org/content/35/50/16418.long,,,,,no_pmc,
Bio-protocol-3199,http://www.ncbi.nlm.nih.gov/pubmed/25592150,https://pubmed.ncbi.nlm.nih.gov/25592150/,25592150,,,error,Identifier not found in PMC
Bio-protocol-3200,http://www.ncbi.nlm.nih.gov/pubmed/25592150,https://pubmed.ncbi.nlm.nih.gov/25592150/,25592150,,,error,Identifier not found in PMC
Bio-protocol-3201,http://www.ncbi.nlm.nih.gov/pubmed/26441843,https://pubmed.ncbi.nlm.nih.gov/26441843/,26441843,PMC4585334,10.3389/fmicb.2015.00821,low_conf,
Bio-protocol-3202,http://www.ncbi.nlm.nih.gov/pubmed/26475195,https://pubmed.ncbi.nlm.nih.gov/26475195/,26475195,,,error,Identifier not found in PMC
Bio-protocol-3204,http://www.ncbi.nlm.nih.gov/pubmed/25621893,https://pubmed.ncbi.nlm.nih.gov/25621893/,25621893,PMC4306481,10.1371/journal.ppat.1004589,low_conf,
Bio-protocol-3203,http://www.ncbi.nlm.nih.gov/pubmed/25212770,https://pubmed.ncbi.nlm.nih.gov/25212770/,25212770,,,error,Identifier not found in PMC
Bio-protocol-3205,http://www.ncbi.nlm.nih.gov/pubmed/25840559,https://pubmed.ncbi.nlm.nih.gov/25840559/,25840559,,,error,Identifier not found in PMC
Bio-protocol-3206,http://www.ncbi.nlm.nih.gov/pubmed/26236208,https://pubmed.ncbi.nlm.nih.gov/26236208/,26236208,PMC4501076,10.3389/fnbeh.2015.00182,low_conf,
Bio-protocol-3208,http://www.ncbi.nlm.nih.gov/pubmed/24927545,https://pubmed.ncbi.nlm.nih.gov/24927545/,24927545,PMC4078807,10.1073/pnas.1400966111,low_conf,
Bio-protocol-3210,http://www.ncbi.nlm.nih.gov/pubmed/26525675,https://pubmed.ncbi.nlm.nih.gov/26525675/,26525675,,,error,Identifier not found in PMC
Bio-protocol-3209,http://www.ncbi.nlm.nih.gov/pubmed/26028554,https://pubmed.ncbi.nlm.nih.gov/26028554/,26028554,PMC4497937,10.1016/j.cmet.2015.05.002,low_conf,
Bio-protocol-3207,http://www.ncbi.nlm.nih.gov/pubmed/26571399,https://pubmed.ncbi.nlm.nih.gov/26571399/,26571399,PMC4665793,10.1172/JCI83178,low_conf,
Bio-protocol-3212,https://pubmed.ncbi.nlm.nih.gov/25888615/,https://pubmed.ncbi.nlm.nih.gov/25888615/,25888615,PMC4453792,10.1104/pp.15.00402,low_conf,
Bio-protocol-3211,http://www.ncbi.nlm.nih.gov/pubmed/23676272,https://pubmed.ncbi.nlm.nih.gov/23676272/,23676272,PMC3677444,10.1073/pnas.1307419110,low_conf,
Bio-protocol-3214,http://www.ncbi.nlm.nih.gov/pubmed/25209665,https://pubmed.ncbi.nlm.nih.gov/25209665/,25209665,,,error,Identifier not found in PMC
Bio-protocol-3216,http://www.ncbi.nlm.nih.gov/pubmed/25382187,https://pubmed.ncbi.nlm.nih.gov/25382187/,25382187,PMC6638380,10.1111/mpp.12217,low_conf,
Bio-protocol-3213,http://www.ncbi.nlm.nih.gov/pubmed/26644967,https://pubmed.ncbi.nlm.nih.gov/26644967/,26644967,PMC4671189,10.7717/peerj.1347,low_conf,
Bio-protocol-3215,https://pubmed.ncbi.nlm.nih.gov/25941315/,https://pubmed.ncbi.nlm.nih.gov/25941315/,25941315,PMC4577386,10.1104/pp.15.00355,low_conf,
Bio-protocol-3217,http://www.ncbi.nlm.nih.gov/pubmed/25921272,https://pubmed.ncbi.nlm.nih.gov/25921272/,25921272,,,error,Identifier not found in PMC
Bio-protocol-3219,http://www.ncbi.nlm.nih.gov/pubmed/25829424,https://pubmed.ncbi.nlm.nih.gov/25829424/,25829424,PMC4456212,10.1158/2159-8290.CD-14-1507,low_conf,
Bio-protocol-3220,http://www.ncbi.nlm.nih.gov/pubmed/24629444,https://pubmed.ncbi.nlm.nih.gov/24629444/,24629444,,,error,Identifier not found in PMC
Bio-protocol-3222,http://www.ncbi.nlm.nih.gov/pubmed/25787271,https://pubmed.ncbi.nlm.nih.gov/25787271/,25787271,,,error,Identifier not found in PMC
Bio-protocol-3223,http://www.ncbi.nlm.nih.gov/pubmed/26212716,https://pubmed.ncbi.nlm.nih.gov/26212716/,26212716,PMC4526408,10.1016/j.cmet.2015.06.021,low_conf,
Bio-protocol-3224,http://www.ncbi.nlm.nih.gov/pubmed/25914380,https://pubmed.ncbi.nlm.nih.gov/25914380/,25914380,,,error,Identifier not found in PMC
Bio-protocol-3218,http://www.ncbi.nlm.nih.gov/pubmed/25657343,https://pubmed.ncbi.nlm.nih.gov/25657343/,25657343,,,error,Identifier not found in PMC
Bio-protocol-3225,http://www.ncbi.nlm.nih.gov/pubmed/25808864,https://pubmed.ncbi.nlm.nih.gov/25808864/,25808864,,,error,Identifier not found in PMC
Bio-protocol-3226,http://www.ncbi.nlm.nih.gov/pubmed/26387949,https://pubmed.ncbi.nlm.nih.gov/26387949/,26387949,,,error,Identifier not found in PMC
Bio-protocol-3227,http://www.ncbi.nlm.nih.gov/pubmed/26139536,https://pubmed.ncbi.nlm.nih.gov/26139536/,26139536,PMC4585463,10.15252/embj.201590992,low_conf,
Bio-protocol-3228,http://www.ncbi.nlm.nih.gov/pubmed/26139536,https://pubmed.ncbi.nlm.nih.gov/26139536/,26139536,PMC4585463,10.15252/embj.201590992,low_conf,
Bio-protocol-3230,http://www.ncbi.nlm.nih.gov/pubmed/26329692,https://pubmed.ncbi.nlm.nih.gov/26329692/,26329692,PMC4557842,10.1186/s12974-015-0386-5,low_conf,
Bio-protocol-3229,http://www.ncbi.nlm.nih.gov/pubmed/26350138,https://pubmed.ncbi.nlm.nih.gov/26350138/,26350138,PMC4626894,10.1128/JB.00383-15,low_conf,
Bio-protocol-3231,http://www.ncbi.nlm.nih.gov/pubmed/26329536,https://pubmed.ncbi.nlm.nih.gov/26329536/,26329536,,,error,Identifier not found in PMC
Bio-protocol-3234,http://www.ncbi.nlm.nih.gov/pubmed/26053497,https://pubmed.ncbi.nlm.nih.gov/26053497/,26053497,,,error,Identifier not found in PMC
Bio-protocol-3236,http://www.ncbi.nlm.nih.gov/pubmed/26013602,https://pubmed.ncbi.nlm.nih.gov/26013602/,26013602,,,error,Identifier not found in PMC
Bio-protocol-3237,http://www.ncbi.nlm.nih.gov/pubmed/25867445,https://pubmed.ncbi.nlm.nih.gov/25867445/,25867445,,,error,Identifier not found in PMC
Bio-protocol-3232,http://www.ncbi.nlm.nih.gov/pubmed/26329536,https://pubmed.ncbi.nlm.nih.gov/26329536/,26329536,,,error,Identifier not found in PMC
Bio-protocol-3233,http://www.ncbi.nlm.nih.gov/pubmed/25625819,https://pubmed.ncbi.nlm.nih.gov/25625819/,25625819,,,error,Identifier not found in PMC
Bio-protocol-3235,http://www.ncbi.nlm.nih.gov/pubmed/24323504,https://pubmed.ncbi.nlm.nih.gov/24323504/,24323504,,,error,Identifier not found in PMC
Bio-protocol-3239,http://www.ncbi.nlm.nih.gov/pubmed/25482509,https://pubmed.ncbi.nlm.nih.gov/25482509/,25482509,PMC4289414,10.1016/j.molcel.2014.10.028,low_conf,
Bio-protocol-3241,http://www.ncbi.nlm.nih.gov/pubmed/25808172,https://pubmed.ncbi.nlm.nih.gov/25808172/,25808172,,,error,Identifier not found in PMC
Bio-protocol-3238,http://www.ncbi.nlm.nih.gov/pubmed/26388846,https://pubmed.ncbi.nlm.nih.gov/26388846/,26388846,PMC4558530,10.3389/fmicb.2015.00892,low_conf,
Bio-protocol-3240,http://www.ncbi.nlm.nih.gov/pubmed/25534945,https://pubmed.ncbi.nlm.nih.gov/25534945/,25534945,,,error,Identifier not found in PMC
Bio-protocol-3242,http://www.jneurosci.org/content/35/36/12404.long,,,,,no_pmc,
Bio-protocol-3243,http://www.ncbi.nlm.nih.gov/pubmed/25899340,https://pubmed.ncbi.nlm.nih.gov/25899340/,25899340,,,error,Identifier not found in PMC
Bio-protocol-3244,http://www.ncbi.nlm.nih.gov/pubmed/26305050,https://pubmed.ncbi.nlm.nih.gov/26305050/,26305050,,,error,Identifier not found in PMC
Bio-protocol-3245,http://www.ncbi.nlm.nih.gov/pubmed/26436649,https://pubmed.ncbi.nlm.nih.gov/26436649/,26436649,PMC4639970,10.1172/JCI82695,low_conf,
Bio-protocol-3246,http://www.ncbi.nlm.nih.gov/pubmed/25658925,https://pubmed.ncbi.nlm.nih.gov/25658925/,25658925,PMC4450059,10.1371/journal.ppat.1004598,low_conf,
Bio-protocol-3247,http://www.ncbi.nlm.nih.gov/pubmed/25658925,https://pubmed.ncbi.nlm.nih.gov/25658925/,25658925,PMC4450059,10.1371/journal.ppat.1004598,low_conf,
Bio-protocol-3248,http://www.ncbi.nlm.nih.gov/pubmed/26448270,https://pubmed.ncbi.nlm.nih.gov/26448270/,26448270,,,error,Identifier not found in PMC
Bio-protocol-3249,http://www.ncbi.nlm.nih.gov/pubmed/25271883,https://pubmed.ncbi.nlm.nih.gov/25271883/,25271883,,,error,Identifier not found in PMC
Bio-protocol-3250,https://pubmed.ncbi.nlm.nih.gov/26149575/,https://pubmed.ncbi.nlm.nih.gov/26149575/,26149575,PMC4577399,10.1104/pp.15.00587,low_conf,
Bio-protocol-3252,http://www.jbc.org/content/290/20/12731.long,,,,,no_pmc,
Bio-protocol-3251,http://www.ncbi.nlm.nih.gov/pubmed/25480944,https://pubmed.ncbi.nlm.nih.gov/25480944/,25480944,PMC4804342,10.1158/0008-5472.CAN-14-2315,low_conf,
Bio-protocol-3253,http://www.ncbi.nlm.nih.gov/pubmed/25275514,https://pubmed.ncbi.nlm.nih.gov/25275514/,25275514,PMC4183505,10.1371/journal.pone.0108868,low_conf,
Bio-protocol-3254,http://www.ncbi.nlm.nih.gov/pubmed/26075826,https://pubmed.ncbi.nlm.nih.gov/26075826/,26075826,,,error,Identifier not found in PMC
Bio-protocol-3255,http://www.jneurosci.org/content/35/40/13659.long,,,,,no_pmc,
Bio-protocol-3256,http://www.ncbi.nlm.nih.gov/pubmed/26287681,https://pubmed.ncbi.nlm.nih.gov/26287681/,26287681,,,error,Identifier not found in PMC
Bio-protocol-3257,http://www.ncbi.nlm.nih.gov/pubmed/25425491,https://pubmed.ncbi.nlm.nih.gov/25425491/,25425491,,,error,Identifier not found in PMC
Bio-protocol-3259,http://www.ncbi.nlm.nih.gov/pubmed/26511020,https://pubmed.ncbi.nlm.nih.gov/26511020/,26511020,PMC4687684,10.15252/embj.201592359,low_conf,
Bio-protocol-3258,http://www.ncbi.nlm.nih.gov/pubmed/25599833,https://pubmed.ncbi.nlm.nih.gov/25599833/,25599833,PMC6680207,10.1111/nph.13248,low_conf,
Bio-protocol-3260,https://elifesciences.org/articles/05397,,,,,no_pmc,
Bio-protocol-3263,http://www.ncbi.nlm.nih.gov/pubmed/25271883,https://pubmed.ncbi.nlm.nih.gov/25271883/,25271883,,,error,Identifier not found in PMC
Bio-protocol-3261,http://www.ncbi.nlm.nih.gov/pubmed/26443633,https://pubmed.ncbi.nlm.nih.gov/26443633/,26443633,,,error,Identifier not found in PMC
Bio-protocol-3262,http://www.ncbi.nlm.nih.gov/pubmed/25271883,https://pubmed.ncbi.nlm.nih.gov/25271883/,25271883,,,error,Identifier not found in PMC
Bio-protocol-3264,http://www.ncbi.nlm.nih.gov/pubmed/26070141,https://pubmed.ncbi.nlm.nih.gov/26070141/,26070141,,,error,Identifier not found in PMC
Bio-protocol-3266,http://www.ncbi.nlm.nih.gov/pubmed/24958860,https://pubmed.ncbi.nlm.nih.gov/24958860/,24958860,PMC4103362,10.1073/pnas.1410097111,low_conf,
Bio-protocol-3265,http://www.ncbi.nlm.nih.gov/pubmed/26070141,https://pubmed.ncbi.nlm.nih.gov/26070141/,26070141,,,error,Identifier not found in PMC
Bio-protocol-3267,http://www.ncbi.nlm.nih.gov/pubmed/26015566,https://pubmed.ncbi.nlm.nih.gov/26015566/,26015566,PMC4466737,10.1073/pnas.1501659112,low_conf,
Bio-protocol-3268,http://www.ncbi.nlm.nih.gov/pubmed/25346411,https://pubmed.ncbi.nlm.nih.gov/25346411/,25346411,PMC6638430,10.1111/mpp.12215,low_conf,
Bio-protocol-3269,http://www.ncbi.nlm.nih.gov/pubmed/25963922,https://pubmed.ncbi.nlm.nih.gov/25963922/,25963922,,,error,Identifier not found in PMC
Bio-protocol-3270,http://www.ncbi.nlm.nih.gov/pubmed/24249831,https://pubmed.ncbi.nlm.nih.gov/24249831/,24249831,PMC3875736,10.1105/tpc.113.116210,low_conf,
Bio-protocol-3274,http://www.ncbi.nlm.nih.gov/pubmed/26136670,https://pubmed.ncbi.nlm.nih.gov/26136670/,26136670,PMC4468612,10.3389/fnbeh.2015.00157,low_conf,
Bio-protocol-3271,http://www.ncbi.nlm.nih.gov/pubmed/24806289,https://pubmed.ncbi.nlm.nih.gov/24806289/,24806289,,,error,Identifier not found in PMC
Bio-protocol-3278,http://www.ncbi.nlm.nih.gov/pubmed/25545748,https://pubmed.ncbi.nlm.nih.gov/25545748/,25545748,,,error,Identifier not found in PMC
Bio-protocol-3276,http://www.ncbi.nlm.nih.gov/pubmed/26331851,https://pubmed.ncbi.nlm.nih.gov/26331851/,26331851,PMC4558043,10.1371/journal.pone.0136800,low_conf,
Bio-protocol-3275,http://www.ncbi.nlm.nih.gov/pubmed/25754303,https://pubmed.ncbi.nlm.nih.gov/25754303/,25754303,PMC5108061,10.1002/stem.1995,low_conf,
Bio-protocol-3277,https://elifesciences.org/articles/06516,,,,,no_pmc,
Bio-protocol-3279,http://www.ncbi.nlm.nih.gov/pubmed/25840984,https://pubmed.ncbi.nlm.nih.gov/25840984/,25840984,PMC4694051,10.1158/0008-5472.CAN-14-3076,low_conf,
Bio-protocol-3282,http://www.ncbi.nlm.nih.gov/pubmed/25944098,https://pubmed.ncbi.nlm.nih.gov/25944098/,25944098,PMC4456648,10.1105/tpc.15.00180,low_conf,
Bio-protocol-3281,http://www.ncbi.nlm.nih.gov/pubmed/25944098,https://pubmed.ncbi.nlm.nih.gov/25944098/,25944098,PMC4456648,10.1105/tpc.15.00180,low_conf,
Bio-protocol-3283,http://www.ncbi.nlm.nih.gov/pubmed/25423264,https://pubmed.ncbi.nlm.nih.gov/25423264/,25423264,,,error,Identifier not found in PMC
Bio-protocol-3284,http://www.ncbi.nlm.nih.gov/pubmed/25732304,https://pubmed.ncbi.nlm.nih.gov/25732304/,25732304,PMC4354371,10.1084/jem.20140964,low_conf,
Bio-protocol-3280,http://www.ncbi.nlm.nih.gov/pubmed/26013465,https://pubmed.ncbi.nlm.nih.gov/26013465/,26013465,PMC4549161,10.1002/stem.2062,low_conf,
Bio-protocol-3285,http://www.ncbi.nlm.nih.gov/pubmed/26119235,https://pubmed.ncbi.nlm.nih.gov/26119235/,26119235,PMC4509553,10.1016/j.stem.2015.05.014,low_conf,
Bio-protocol-3286,https://elifesciences.org/articles/07861,,,,,no_pmc,
Bio-protocol-3288,http://www.ncbi.nlm.nih.gov/pubmed/26253705,https://pubmed.ncbi.nlm.nih.gov/26253705/,26253705,PMC4568502,10.1105/tpc.15.00231,low_conf,
Bio-protocol-3290,http://www.ncbi.nlm.nih.gov/pubmed/26255869,https://pubmed.ncbi.nlm.nih.gov/26255869/,26255869,PMC4973852,10.1111/tpj.12963,low_conf,
Bio-protocol-3289,http://www.ncbi.nlm.nih.gov/pubmed/26253705,https://pubmed.ncbi.nlm.nih.gov/26253705/,26253705,PMC4568502,10.1105/tpc.15.00231,low_conf,
Bio-protocol-3291,http://www.ncbi.nlm.nih.gov/pubmed/25959978,https://pubmed.ncbi.nlm.nih.gov/25959978/,25959978,,,error,Identifier not found in PMC
Bio-protocol-3292,http://www.ncbi.nlm.nih.gov/pubmed/26341399,https://pubmed.ncbi.nlm.nih.gov/26341399/,26341399,PMC4582788,10.1016/j.immuni.2015.08.008,low_conf,
Bio-protocol-3287,http://www.ncbi.nlm.nih.gov/pubmed/25820552,https://pubmed.ncbi.nlm.nih.gov/25820552/,25820552,,,error,Identifier not found in PMC
Bio-protocol-3293,http://www.ncbi.nlm.nih.gov/pubmed/26122844,https://pubmed.ncbi.nlm.nih.gov/26122844/,26122844,,,error,Identifier not found in PMC
Bio-protocol-3294,http://www.ncbi.nlm.nih.gov/pubmed/26053663,https://pubmed.ncbi.nlm.nih.gov/26053663/,26053663,PMC4563672,10.1172/JCI76099,low_conf,
Bio-protocol-3295,http://www.ncbi.nlm.nih.gov/pubmed/25593124,https://pubmed.ncbi.nlm.nih.gov/25593124/,25593124,PMC4415019,10.1096/fj.14-260844,low_conf,
Bio-protocol-3296,http://www.jneurosci.org/content/35/36/12518.long,,,,,no_pmc,
Bio-protocol-3298,http://www.ncbi.nlm.nih.gov/pubmed/26084025,https://pubmed.ncbi.nlm.nih.gov/26084025/,26084025,PMC4678289,10.1016/j.immuni.2015.05.015,low_conf,
Bio-protocol-3299,http://www.ncbi.nlm.nih.gov/pubmed/26084025,https://pubmed.ncbi.nlm.nih.gov/26084025/,26084025,PMC4678289,10.1016/j.immuni.2015.05.015,low_conf,
Bio-protocol-3297,http://www.nature.com/articles/nplants201535,,,,,no_pmc,
Bio-protocol-3300,http://www.ncbi.nlm.nih.gov/pubmed/26146186,https://pubmed.ncbi.nlm.nih.gov/26146186/,26146186,,,error,Identifier not found in PMC
Bio-protocol-3301,http://www.ncbi.nlm.nih.gov/pubmed/25901080,https://pubmed.ncbi.nlm.nih.gov/25901080/,25901080,,,error,Identifier not found in PMC
Bio-protocol-3302,http://www.ncbi.nlm.nih.gov/pubmed/26196962,https://pubmed.ncbi.nlm.nih.gov/26196962/,26196962,PMC4518248,10.1038/ncomms8708,low_conf,
Bio-protocol-3303,http://www.ncbi.nlm.nih.gov/pubmed/26196962,https://pubmed.ncbi.nlm.nih.gov/26196962/,26196962,PMC4518248,10.1038/ncomms8708,low_conf,
Bio-protocol-3304,http://www.ncbi.nlm.nih.gov/pubmed/24931163,https://pubmed.ncbi.nlm.nih.gov/24931163/,24931163,PMC4172452,10.1038/onc.2014.164,low_conf,
Bio-protocol-3305,http://www.ncbi.nlm.nih.gov/pubmed/25440085,https://pubmed.ncbi.nlm.nih.gov/25440085/,25440085,,,error,Identifier not found in PMC
Bio-protocol-3306,http://www.ncbi.nlm.nih.gov/pubmed/25822411,https://pubmed.ncbi.nlm.nih.gov/25822411/,25822411,PMC4378982,10.1371/journal.pgen.1005105,low_conf,
Bio-protocol-3307,http://www.jneurosci.org/content/35/37/12714.long,,,,,no_pmc,
Bio-protocol-3308,http://www.ncbi.nlm.nih.gov/pubmed/26096574,https://pubmed.ncbi.nlm.nih.gov/26096574/,26096574,,,error,Identifier not found in PMC
Bio-protocol-3311,http://www.ncbi.nlm.nih.gov/pubmed/26336095,https://pubmed.ncbi.nlm.nih.gov/26336095/,26336095,PMC4559413,10.1371/journal.ppat.1005122,low_conf,
Bio-protocol-3312,http://www.ncbi.nlm.nih.gov/pubmed/26336095,https://pubmed.ncbi.nlm.nih.gov/26336095/,26336095,PMC4559413,10.1371/journal.ppat.1005122,low_conf,
Bio-protocol-3309,http://www.jneurosci.org/content/35/40/13773.long,,,,,no_pmc,
Bio-protocol-3310,http://www.jneurosci.org/content/35/40/13773.long,,,,,no_pmc,
Bio-protocol-3314,http://www.ncbi.nlm.nih.gov/pubmed/26183376,https://pubmed.ncbi.nlm.nih.gov/26183376/,26183376,PMC4518295,10.1038/ncomms8796,low_conf,
Bio-protocol-3315,http://www.ncbi.nlm.nih.gov/pubmed/26341832,https://pubmed.ncbi.nlm.nih.gov/26341832/,26341832,,,error,Identifier not found in PMC
Bio-protocol-3316,http://www.ncbi.nlm.nih.gov/pubmed/26039416,https://pubmed.ncbi.nlm.nih.gov/26039416/,26039416,PMC4454150,10.1038/srep10918,low_conf,
Bio-protocol-3313,http://www.ncbi.nlm.nih.gov/pubmed/25979890,https://pubmed.ncbi.nlm.nih.gov/25979890/,25979890,PMC4495186,10.1128/AEM.00917-15,low_conf,
Bio-protocol-3317,http://www.ncbi.nlm.nih.gov/pubmed/26301814,https://pubmed.ncbi.nlm.nih.gov/26301814/,26301814,PMC4588278,10.1172/JCI76031,low_conf,
Bio-protocol-3318,http://www.ncbi.nlm.nih.gov/pubmed/25941232,https://pubmed.ncbi.nlm.nih.gov/25941232/,25941232,,,error,Identifier not found in PMC
Bio-protocol-3319,http://www.ncbi.nlm.nih.gov/pubmed/26098997,https://pubmed.ncbi.nlm.nih.gov/26098997/,26098997,,,error,Identifier not found in PMC
Bio-protocol-3320,http://www.ncbi.nlm.nih.gov/pubmed/26098997,https://pubmed.ncbi.nlm.nih.gov/26098997/,26098997,,,error,Identifier not found in PMC
Bio-protocol-3322,http://www.jneurosci.org/content/35/8/3566,,,,,no_pmc,
Bio-protocol-3324,http://www.jneurosci.org/content/35/22/8462,,,,,no_pmc,
Bio-protocol-3323,http://www.ncbi.nlm.nih.gov/pubmed/25934646,https://pubmed.ncbi.nlm.nih.gov/25934646/,25934646,,,error,Identifier not found in PMC
Bio-protocol-3321,http://www.jneurosci.org/content/35/8/3566.long,,,,,no_pmc,
Bio-protocol-3326,http://www.ncbi.nlm.nih.gov/pubmed/26139824,https://pubmed.ncbi.nlm.nih.gov/26139824/,26139824,,,error,Identifier not found in PMC
Bio-protocol-3325,http://www.ncbi.nlm.nih.gov/pubmed/25645121,https://pubmed.ncbi.nlm.nih.gov/25645121/,25645121,,,error,Identifier not found in PMC
Bio-protocol-3329,https://pubmed.ncbi.nlm.nih.gov/26220953/,https://pubmed.ncbi.nlm.nih.gov/26220953/,26220953,PMC4577422,10.1104/pp.15.00851,low_conf,
Bio-protocol-3328,http://www.ncbi.nlm.nih.gov/pubmed/26179233,https://pubmed.ncbi.nlm.nih.gov/26179233/,26179233,PMC4509920,10.1101/lm.038521.115,low_conf,
Bio-protocol-3327,http://www.ncbi.nlm.nih.gov/pubmed/26179233,https://pubmed.ncbi.nlm.nih.gov/26179233/,26179233,PMC4509920,10.1101/lm.038521.115,low_conf,
Bio-protocol-3330,https://pubmed.ncbi.nlm.nih.gov/26220953/,https://pubmed.ncbi.nlm.nih.gov/26220953/,26220953,PMC4577422,10.1104/pp.15.00851,low_conf,
Bio-protocol-3331,http://www.ncbi.nlm.nih.gov/pubmed/25625820,https://pubmed.ncbi.nlm.nih.gov/25625820/,25625820,,,error,Identifier not found in PMC
Bio-protocol-3332,http://www.ncbi.nlm.nih.gov/pubmed/25993981,https://pubmed.ncbi.nlm.nih.gov/25993981/,25993981,PMC4497612,10.1002/stem.2030,low_conf,
Bio-protocol-3333,http://www.ncbi.nlm.nih.gov/pubmed/25488752,https://pubmed.ncbi.nlm.nih.gov/25488752/,25488752,,,error,Identifier not found in PMC
Bio-protocol-3336,http://www.jneurosci.org/content/35/32/11281.long,,,,,no_pmc,
Bio-protocol-3335,http://www.ncbi.nlm.nih.gov/pubmed/26200012,https://pubmed.ncbi.nlm.nih.gov/26200012/,26200012,,,error,Identifier not found in PMC
Bio-protocol-3334,http://www.ncbi.nlm.nih.gov/pubmed/24408434,https://pubmed.ncbi.nlm.nih.gov/24408434/,24408434,PMC3966907,10.1126/science.1241442,low_conf,
Bio-protocol-3337,http://www.ncbi.nlm.nih.gov/pubmed/26208634,https://pubmed.ncbi.nlm.nih.gov/26208634/,26208634,PMC4582192,10.1242/jcs.171165,low_conf,
Bio-protocol-3338,http://www.ncbi.nlm.nih.gov/pubmed/25208341,https://pubmed.ncbi.nlm.nih.gov/25208341/,25208341,,,error,Identifier not found in PMC
Bio-protocol-3339,http://www.ncbi.nlm.nih.gov/pubmed/26047954,https://pubmed.ncbi.nlm.nih.gov/26047954/,26047954,PMC4457973,10.1186/s12866-015-0440-6,low_conf,
Bio-protocol-3341,http://www.nature.com/articles/nplants201535,,,,,no_pmc,
Bio-protocol-3342,http://www.ncbi.nlm.nih.gov/pubmed/25921834,https://pubmed.ncbi.nlm.nih.gov/25921834/,25921834,,,error,Identifier not found in PMC
Bio-protocol-3343,http://www.ncbi.nlm.nih.gov/pubmed/26259787,https://pubmed.ncbi.nlm.nih.gov/26259787/,26259787,PMC4532256,10.1186/s12974-015-0370-0,low_conf,
Bio-protocol-3345,http://www.ncbi.nlm.nih.gov/pubmed/26150450,https://pubmed.ncbi.nlm.nih.gov/26150450/,26150450,PMC4542258,10.1128/AEM.01751-15,low_conf,
Bio-protocol-3344,http://www.jneurosci.org/content/35/24/9173.long,,,,,no_pmc,
Bio-protocol-3346,http://www.ncbi.nlm.nih.gov/pubmed/26040720,https://pubmed.ncbi.nlm.nih.gov/26040720/,26040720,,,error,Identifier not found in PMC
Bio-protocol-3347,https://elifesciences.org/articles/01775,,,,,no_pmc,
Bio-protocol-3349,http://www.ncbi.nlm.nih.gov/pubmed/25402614,https://pubmed.ncbi.nlm.nih.gov/25402614/,25402614,PMC4378643,10.1038/nbt.3078,low_conf,
Bio-protocol-3348,http://www.ncbi.nlm.nih.gov/pubmed/26186595,https://pubmed.ncbi.nlm.nih.gov/26186595/,26186595,PMC4505864,10.1371/journal.pone.0132791,low_conf,
Bio-protocol-3351,http://www.jneurosci.org/content/35/32/11252.long,,,,,no_pmc,
Bio-protocol-3350,http://www.ncbi.nlm.nih.gov/pubmed/25952651,https://pubmed.ncbi.nlm.nih.gov/25952651/,25952651,PMC4470795,10.1158/0008-5472.CAN-14-1703,low_conf,
Bio-protocol-3352,http://www.ncbi.nlm.nih.gov/pubmed/26162885,https://pubmed.ncbi.nlm.nih.gov/26162885/,26162885,PMC4561719,10.1128/AEM.01162-15,low_conf,
Bio-protocol-3353,http://www.ncbi.nlm.nih.gov/pubmed/25922987,https://pubmed.ncbi.nlm.nih.gov/25922987/,25922987,,,error,Identifier not found in PMC
Bio-protocol-3354,https://pubmed.ncbi.nlm.nih.gov/25761715/,https://pubmed.ncbi.nlm.nih.gov/25761715/,25761715,PMC4424009,10.1104/pp.114.254375,low_conf,
Bio-protocol-3355,http://www.ncbi.nlm.nih.gov/pubmed/26025901,https://pubmed.ncbi.nlm.nih.gov/26025901/,26025901,PMC4510178,10.1128/AEM.01373-15,low_conf,
Bio-protocol-3356,http://www.ncbi.nlm.nih.gov/pubmed/25299252,https://pubmed.ncbi.nlm.nih.gov/25299252/,25299252,PMC4191939,10.1371/journal.pgen.1004682,low_conf,
Bio-protocol-3357,http://www.ncbi.nlm.nih.gov/pubmed/25990192,https://pubmed.ncbi.nlm.nih.gov/25990192/,25990192,,,error,Identifier not found in PMC
Bio-protocol-3359,http://www.ncbi.nlm.nih.gov/pubmed/25900163,https://pubmed.ncbi.nlm.nih.gov/25900163/,25900163,,,error,Identifier not found in PMC
Bio-protocol-3358,http://www.ncbi.nlm.nih.gov/pubmed/25488750,https://pubmed.ncbi.nlm.nih.gov/25488750/,25488750,,,error,Identifier not found in PMC
Bio-protocol-3360,http://www.ncbi.nlm.nih.gov/pubmed/25430000,https://pubmed.ncbi.nlm.nih.gov/25430000/,25430000,PMC4255441,10.1186/s12870-014-0325-0,low_conf,
Bio-protocol-3361,http://www.ncbi.nlm.nih.gov/pubmed/25915732,https://pubmed.ncbi.nlm.nih.gov/25915732/,25915732,PMC4439271,10.1038/ni.3168,low_conf,
Bio-protocol-3362,http://www.ncbi.nlm.nih.gov/pubmed/25730114,https://pubmed.ncbi.nlm.nih.gov/25730114/,25730114,PMC4346268,10.1371/journal.ppat.1004666,low_conf,
Bio-protocol-3363,http://www.jneurosci.org/content/35/7/3263.long,,,,,no_pmc,
Bio-protocol-3364,http://www.ncbi.nlm.nih.gov/pubmed/25887556,https://pubmed.ncbi.nlm.nih.gov/25887556/,25887556,PMC4356063,10.1186/s12870-015-0438-0,low_conf,
Bio-protocol-3365,http://www.ncbi.nlm.nih.gov/pubmed/26141380,https://pubmed.ncbi.nlm.nih.gov/26141380/,26141380,PMC4491210,10.1186/s12866-015-0471-z,low_conf,
Bio-protocol-3366,http://www.ncbi.nlm.nih.gov/pubmed/25880454,https://pubmed.ncbi.nlm.nih.gov/25880454/,25880454,,,error,Identifier not found in PMC
Bio-protocol-3367,http://www.ncbi.nlm.nih.gov/pubmed/25608890,https://pubmed.ncbi.nlm.nih.gov/25608890/,25608890,,,error,Identifier not found in PMC
Bio-protocol-3369,http://www.ncbi.nlm.nih.gov/pubmed/25670080,https://pubmed.ncbi.nlm.nih.gov/25670080/,25670080,PMC4356948,10.1016/j.ccell.2014.11.013,low_conf,
Bio-protocol-3368,http://www.ncbi.nlm.nih.gov/pubmed/25417194,https://pubmed.ncbi.nlm.nih.gov/25417194/,25417194,,,error,Identifier not found in PMC
Bio-protocol-3370,http://www.ncbi.nlm.nih.gov/pubmed/25888589,https://pubmed.ncbi.nlm.nih.gov/25888589/,25888589,PMC4558682,10.1105/tpc.114.131086,low_conf,
Bio-protocol-3371,http://www.ncbi.nlm.nih.gov/pubmed/25888589,https://pubmed.ncbi.nlm.nih.gov/25888589/,25888589,PMC4558682,10.1105/tpc.114.131086,low_conf,
Bio-protocol-3372,http://www.ncbi.nlm.nih.gov/pubmed/26343580,https://pubmed.ncbi.nlm.nih.gov/26343580/,26343580,,,error,Identifier not found in PMC
Bio-protocol-3376,http://www.ncbi.nlm.nih.gov/pubmed/24754446,https://pubmed.ncbi.nlm.nih.gov/24754446/,24754446,PMC6638700,10.1111/mpp.12147,low_conf,
Bio-protocol-3374,http://www.ncbi.nlm.nih.gov/pubmed/25024228,https://pubmed.ncbi.nlm.nih.gov/25024228/,25024228,PMC4121795,10.1073/pnas.1404988111,low_conf,
Bio-protocol-3375,http://www.ncbi.nlm.nih.gov/pubmed/25846252,https://pubmed.ncbi.nlm.nih.gov/25846252/,25846252,,,error,Identifier not found in PMC
Bio-protocol-3373,http://jcb.rupress.org/content/209/1/143.long,,,,,no_pmc,
Bio-protocol-3377,http://www.ncbi.nlm.nih.gov/pubmed/25583577,https://pubmed.ncbi.nlm.nih.gov/25583577/,25583577,PMC5477896,10.1189/jlb.4A0714-326R,low_conf,
Bio-protocol-3378,http://www.ncbi.nlm.nih.gov/pubmed/25649435,https://pubmed.ncbi.nlm.nih.gov/25649435/,25649435,PMC4456919,10.1105/tpc.114.135186,low_conf,
Bio-protocol-3379,http://www.ncbi.nlm.nih.gov/pubmed/25611322,https://pubmed.ncbi.nlm.nih.gov/25611322/,25611322,,,error,Identifier not found in PMC
Bio-protocol-3381,http://www.ncbi.nlm.nih.gov/pubmed/25593326,https://pubmed.ncbi.nlm.nih.gov/25593326/,25593326,PMC5477886,10.1189/jlb.1A0714-361R,low_conf,
Bio-protocol-3380,http://www.ncbi.nlm.nih.gov/pubmed/25593326,https://pubmed.ncbi.nlm.nih.gov/25593326/,25593326,PMC5477886,10.1189/jlb.1A0714-361R,low_conf,
Bio-protocol-3383,http://www.ncbi.nlm.nih.gov/pubmed/25392067,https://pubmed.ncbi.nlm.nih.gov/25392067/,25392067,,,error,Identifier not found in PMC
Bio-protocol-3384,http://www.ncbi.nlm.nih.gov/pubmed/26097472,https://pubmed.ncbi.nlm.nih.gov/26097472/,26097472,PMC4456614,10.3389/fmicb.2015.00567,low_conf,
Bio-protocol-3382,http://www.ncbi.nlm.nih.gov/pubmed/25998066,https://pubmed.ncbi.nlm.nih.gov/25998066/,25998066,PMC4440603,10.1186/s12870-015-0524-3,low_conf,
Bio-protocol-3388,http://www.ncbi.nlm.nih.gov/pubmed/25799062,https://pubmed.ncbi.nlm.nih.gov/25799062/,25799062,,,error,Identifier not found in PMC
Bio-protocol-3385,http://www.ncbi.nlm.nih.gov/pubmed/23355608,https://pubmed.ncbi.nlm.nih.gov/23355608/,23355608,PMC3597691,10.1093/nar/gkt025,low_conf,
Bio-protocol-3389,https://pubmed.ncbi.nlm.nih.gov/25670816/,https://pubmed.ncbi.nlm.nih.gov/25670816/,25670816,PMC4378149,10.1104/pp.114.252338,low_conf,
Bio-protocol-3386,http://www.ncbi.nlm.nih.gov/pubmed/25858183,https://pubmed.ncbi.nlm.nih.gov/25858183/,25858183,PMC4548965,10.1111/mmi.13022,low_conf,
Bio-protocol-3390,https://pubmed.ncbi.nlm.nih.gov/25670816/,https://pubmed.ncbi.nlm.nih.gov/25670816/,25670816,PMC4378149,10.1104/pp.114.252338,low_conf,
Bio-protocol-3387,http://www.ncbi.nlm.nih.gov/pubmed/19735549,https://pubmed.ncbi.nlm.nih.gov/19735549/,19735549,PMC2790841,10.1186/bcr2358,low_conf,
Bio-protocol-3392,http://www.ncbi.nlm.nih.gov/pubmed/25648148,https://pubmed.ncbi.nlm.nih.gov/25648148/,25648148,PMC4364869,10.15252/embr.201439464,low_conf,
Bio-protocol-3391,http://www.jneurosci.org/content/35/19/7575.long,,,,,no_pmc,
Bio-protocol-3394,http://www.ncbi.nlm.nih.gov/pubmed/25912172,https://pubmed.ncbi.nlm.nih.gov/25912172/,25912172,,,error,Identifier not found in PMC
Bio-protocol-3393,http://www.ncbi.nlm.nih.gov/pubmed/25648148,https://pubmed.ncbi.nlm.nih.gov/25648148/,25648148,PMC4364869,10.15252/embr.201439464,low_conf,
Bio-protocol-3395,http://www.ncbi.nlm.nih.gov/pubmed/25912172,https://pubmed.ncbi.nlm.nih.gov/25912172/,25912172,,,error,Identifier not found in PMC
Bio-protocol-3396,http://www.jneurosci.org/content/35/10/4113.long,,,,,no_pmc,
Bio-protocol-3397,http://www.ncbi.nlm.nih.gov/pubmed/25954170,https://pubmed.ncbi.nlm.nih.gov/25954170/,25954170,PMC4404916,10.3389/fnbeh.2015.00093,low_conf,
Bio-protocol-3401,http://www.ncbi.nlm.nih.gov/pubmed/25607840,https://pubmed.ncbi.nlm.nih.gov/25607840/,25607840,PMC4319441,10.1172/JCI72873,low_conf,
Bio-protocol-3402,http://www.ncbi.nlm.nih.gov/pubmed/25629602,https://pubmed.ncbi.nlm.nih.gov/25629602/,25629602,PMC4317492,10.1038/ncomms7078,low_conf,
Bio-protocol-3399,http://www.ncbi.nlm.nih.gov/pubmed/26091037,https://pubmed.ncbi.nlm.nih.gov/26091037/,26091037,PMC4475279,10.1016/j.cell.2015.05.033,low_conf,
Bio-protocol-3400,http://db.bio-protocol.org/yeszt.aspx?id=276728,,,,,no_pmc,
Bio-protocol-3403,https://elifesciences.org/articles/01917,,,,,no_pmc,
Bio-protocol-3398,http://www.ncbi.nlm.nih.gov/pubmed/26091037,https://pubmed.ncbi.nlm.nih.gov/26091037/,26091037,PMC4475279,10.1016/j.cell.2015.05.033,low_conf,
Bio-protocol-3405,http://www.ncbi.nlm.nih.gov/pubmed/25534971,https://pubmed.ncbi.nlm.nih.gov/25534971/,25534971,PMC4409033,10.1002/stem.1928,low_conf,
Bio-protocol-3407,http://www.ncbi.nlm.nih.gov/pubmed/25824822,https://pubmed.ncbi.nlm.nih.gov/25824822/,25824822,PMC4387293,10.1084/jem.20141157,low_conf,
Bio-protocol-3406,http://www.ncbi.nlm.nih.gov/pubmed/25740920,https://pubmed.ncbi.nlm.nih.gov/25740920/,25740920,PMC4357323,10.1093/jxb/erv091,low_conf,
Bio-protocol-3409,http://www.ncbi.nlm.nih.gov/pubmed/26004915,https://pubmed.ncbi.nlm.nih.gov/26004915/,26004915,,,error,Identifier not found in PMC
Bio-protocol-3413,http://www.ncbi.nlm.nih.gov/pubmed/25557055,https://pubmed.ncbi.nlm.nih.gov/25557055/,25557055,,,error,Identifier not found in PMC
Bio-protocol-3408,http://www.ncbi.nlm.nih.gov/pubmed/25338145,https://pubmed.ncbi.nlm.nih.gov/25338145/,25338145,PMC4293322,10.1094/MPMI-09-14-0263-R,low_conf,
Bio-protocol-3414,http://www.ncbi.nlm.nih.gov/pubmed/25557055,https://pubmed.ncbi.nlm.nih.gov/25557055/,25557055,,,error,Identifier not found in PMC
Bio-protocol-3410,http://www.ncbi.nlm.nih.gov/pubmed/24945624,https://pubmed.ncbi.nlm.nih.gov/24945624/,24945624,PMC4055742,10.1371/journal.ppat.1004176,low_conf,
Bio-protocol-3411,http://www.ncbi.nlm.nih.gov/pubmed/25736058,https://pubmed.ncbi.nlm.nih.gov/25736058/,25736058,PMC4558672,10.1105/tpc.115.136234,low_conf,
Bio-protocol-3415,http://www.ncbi.nlm.nih.gov/pubmed/25250022,https://pubmed.ncbi.nlm.nih.gov/25250022/,25250022,PMC4158809,10.3389/fmicb.2014.00474,low_conf,
Bio-protocol-3412,http://www.ncbi.nlm.nih.gov/pubmed/25736058,https://pubmed.ncbi.nlm.nih.gov/25736058/,25736058,PMC4558672,10.1105/tpc.115.136234,low_conf,
Bio-protocol-3416,http://www.ncbi.nlm.nih.gov/pubmed/9380503,https://pubmed.ncbi.nlm.nih.gov/9380503/,9380503,PMC146985,10.1093/nar/25.19.3816,low_conf,
Bio-protocol-3418,http://www.ncbi.nlm.nih.gov/pubmed/24634486,https://pubmed.ncbi.nlm.nih.gov/24634486/,24634486,PMC3991748,10.1093/jxb/eru095,low_conf,
Bio-protocol-3419,http://www.ncbi.nlm.nih.gov/pubmed/26070206,https://pubmed.ncbi.nlm.nih.gov/26070206/,26070206,PMC4466561,10.1371/journal.pgen.1005300,low_conf,
Bio-protocol-3417,https://pubmed.ncbi.nlm.nih.gov/24296072/,https://pubmed.ncbi.nlm.nih.gov/24296072/,24296072,PMC3875814,10.1104/pp.113.231100,low_conf,
Bio-protocol-3420,http://www.ncbi.nlm.nih.gov/pubmed/25600942,https://pubmed.ncbi.nlm.nih.gov/25600942/,25600942,,,error,Identifier not found in PMC
Bio-protocol-3421,http://www.ncbi.nlm.nih.gov/pubmed/25600942,https://pubmed.ncbi.nlm.nih.gov/25600942/,25600942,,,error,Identifier not found in PMC
Bio-protocol-3422,http://www.ncbi.nlm.nih.gov/pubmed/25804814,https://pubmed.ncbi.nlm.nih.gov/25804814/,25804814,,,error,Identifier not found in PMC
Bio-protocol-3425,http://www.ncbi.nlm.nih.gov/pubmed/25888001,https://pubmed.ncbi.nlm.nih.gov/25888001/,25888001,PMC4377013,10.1186/s12870-015-0470-0,low_conf,
Bio-protocol-3424,http://www.ncbi.nlm.nih.gov/pubmed/24844661,https://pubmed.ncbi.nlm.nih.gov/24844661/,24844661,PMC6638630,10.1111/mpp.12157,low_conf,
Bio-protocol-3423,http://www.ncbi.nlm.nih.gov/pubmed/24844661,https://pubmed.ncbi.nlm.nih.gov/24844661/,24844661,PMC6638630,10.1111/mpp.12157,low_conf,
Bio-protocol-3426,http://www.ncbi.nlm.nih.gov/pubmed/24819416,https://pubmed.ncbi.nlm.nih.gov/24819416/,24819416,,,error,Identifier not found in PMC
Bio-protocol-3427,http://www.ncbi.nlm.nih.gov/pubmed/24798139,https://pubmed.ncbi.nlm.nih.gov/24798139/,24798139,,,error,Identifier not found in PMC
Bio-protocol-3431,http://www.ncbi.nlm.nih.gov/pubmed/25855406,https://pubmed.ncbi.nlm.nih.gov/25855406/,25855406,PMC4558688,10.1105/tpc.114.134908,low_conf,
Bio-protocol-3428,http://www.ncbi.nlm.nih.gov/pubmed/25779633,https://pubmed.ncbi.nlm.nih.gov/25779633/,25779633,PMC4387282,10.1084/jem.20141656,low_conf,
Bio-protocol-3432,http://www.ncbi.nlm.nih.gov/pubmed/25774502,https://pubmed.ncbi.nlm.nih.gov/25774502/,25774502,PMC4396474,10.1172/JCI74440,low_conf,
Bio-protocol-3430,https://pubmed.ncbi.nlm.nih.gov/25315601/,https://pubmed.ncbi.nlm.nih.gov/25315601/,25315601,PMC4256863,10.1104/pp.114.245548,low_conf,
Bio-protocol-3429,http://www.ncbi.nlm.nih.gov/pubmed/25779633,https://pubmed.ncbi.nlm.nih.gov/25779633/,25779633,PMC4387282,10.1084/jem.20141656,low_conf,
Bio-protocol-3434,https://pubmed.ncbi.nlm.nih.gov/26084919/,https://pubmed.ncbi.nlm.nih.gov/26084919/,26084919,PMC4528765,10.1104/pp.15.00668,low_conf,
Bio-protocol-3433,http://www.ncbi.nlm.nih.gov/pubmed/25236923,https://pubmed.ncbi.nlm.nih.gov/25236923/,25236923,,,error,Identifier not found in PMC
Bio-protocol-3436,http://www.ncbi.nlm.nih.gov/pubmed/25738458,https://pubmed.ncbi.nlm.nih.gov/25738458/,25738458,,,error,Identifier not found in PMC
Bio-protocol-3437,http://www.jneurosci.org/content/34/49/16369.long,,,,,no_pmc,
Bio-protocol-3435,http://www.ncbi.nlm.nih.gov/pubmed/16365873,https://pubmed.ncbi.nlm.nih.gov/16365873/,16365873,,,error,Identifier not found in PMC
Bio-protocol-3438,http://www.ncbi.nlm.nih.gov/pubmed/25900045,https://pubmed.ncbi.nlm.nih.gov/25900045/,25900045,PMC4431536,10.1186/s13287-015-0075-4,low_conf,
Bio-protocol-3440,http://www.ncbi.nlm.nih.gov/pubmed/25440717,https://pubmed.ncbi.nlm.nih.gov/25440717/,25440717,PMC4329417,10.1111/tpj.12740,low_conf,
Bio-protocol-3444,https://elifesciences.org/articles/02277,,,,,no_pmc,
Bio-protocol-3441,http://www.ncbi.nlm.nih.gov/pubmed/25416288,https://pubmed.ncbi.nlm.nih.gov/25416288/,25416288,,,error,Identifier not found in PMC
Bio-protocol-3442,https://pubmed.ncbi.nlm.nih.gov/25416475/,https://pubmed.ncbi.nlm.nih.gov/25416475/,25416475,PMC4281011,10.1104/pp.114.251637,low_conf,
Bio-protocol-3445,http://www.ncbi.nlm.nih.gov/pubmed/25602029,https://pubmed.ncbi.nlm.nih.gov/25602029/,25602029,PMC4950293,10.1111/tpj.12766,low_conf,
Bio-protocol-3443,http://www.ncbi.nlm.nih.gov/pubmed/24266962,https://pubmed.ncbi.nlm.nih.gov/24266962/,24266962,,,error,Identifier not found in PMC
Bio-protocol-3447,http://www.ncbi.nlm.nih.gov/pubmed/25971893,https://pubmed.ncbi.nlm.nih.gov/25971893/,25971893,,,error,Identifier not found in PMC
Bio-protocol-3448,http://www.ncbi.nlm.nih.gov/pubmed/24850745,https://pubmed.ncbi.nlm.nih.gov/24850745/,24850745,PMC4135971,10.1128/JVI.01123-14,low_conf,
Bio-protocol-3446,https://pubmed.ncbi.nlm.nih.gov/10759534/,https://pubmed.ncbi.nlm.nih.gov/10759534/,10759534,PMC58973,10.1104/pp.122.4.1379,low_conf,
Bio-protocol-3449,http://www.ncbi.nlm.nih.gov/pubmed/25733618,https://pubmed.ncbi.nlm.nih.gov/25733618/,25733618,PMC4402388,10.1128/JB.02409-14,low_conf,
Bio-protocol-3450,http://www.ncbi.nlm.nih.gov/pubmed/25694388,https://pubmed.ncbi.nlm.nih.gov/25694388/,25694388,,,error,Identifier not found in PMC
Bio-protocol-3451,http://www.ncbi.nlm.nih.gov/pubmed/25313078,https://pubmed.ncbi.nlm.nih.gov/25313078/,25313078,PMC4226073,10.1073/pnas.1414567111,low_conf,
Bio-protocol-3452,http://www.ncbi.nlm.nih.gov/pubmed/25081105,https://pubmed.ncbi.nlm.nih.gov/25081105/,25081105,,,error,Identifier not found in PMC
Bio-protocol-3453,http://www.ncbi.nlm.nih.gov/pubmed/25170100,https://pubmed.ncbi.nlm.nih.gov/25170100/,25170100,PMC4203141,10.1093/jxb/eru348,low_conf,
Bio-protocol-3454,http://www.ncbi.nlm.nih.gov/pubmed/25415974,https://pubmed.ncbi.nlm.nih.gov/25415974/,25415974,PMC4277217,10.1105/tpc.114.130484,low_conf,
Bio-protocol-3457,http://www.ncbi.nlm.nih.gov/pubmed/25807289,https://pubmed.ncbi.nlm.nih.gov/25807289/,25807289,PMC4817751,10.1038/mt.2015.49,low_conf,
Bio-protocol-3455,https://pubmed.ncbi.nlm.nih.gov/25681328/,https://pubmed.ncbi.nlm.nih.gov/25681328/,25681328,PMC4378163,10.1104/pp.114.254342,low_conf,
Bio-protocol-3456,http://www.ncbi.nlm.nih.gov/pubmed/25162316,https://pubmed.ncbi.nlm.nih.gov/25162316/,25162316,,,error,Identifier not found in PMC
Bio-protocol-3458,http://www.ncbi.nlm.nih.gov/pubmed/25579884,https://pubmed.ncbi.nlm.nih.gov/25579884/,25579884,,,error,Identifier not found in PMC
Bio-protocol-3459,http://www.ncbi.nlm.nih.gov/pubmed/4368401,https://pubmed.ncbi.nlm.nih.gov/4368401/,4368401,,,error,Identifier not found in PMC
Bio-protocol-3460,http://www.ncbi.nlm.nih.gov/pubmed/25701469,https://pubmed.ncbi.nlm.nih.gov/25701469/,25701469,,,error,Identifier not found in PMC
Bio-protocol-3461,http://www.ncbi.nlm.nih.gov/pubmed/24324167,https://pubmed.ncbi.nlm.nih.gov/24324167/,24324167,PMC3876221,10.1073/pnas.1311134110,low_conf,
Bio-protocol-3462,http://www.ncbi.nlm.nih.gov/pubmed/25729921,https://pubmed.ncbi.nlm.nih.gov/25729921/,25729921,,,error,Identifier not found in PMC
Bio-protocol-3463,http://www.ncbi.nlm.nih.gov/pubmed/25729921,https://pubmed.ncbi.nlm.nih.gov/25729921/,25729921,,,error,Identifier not found in PMC
Bio-protocol-3464,http://www.ncbi.nlm.nih.gov/pubmed/25532893,https://pubmed.ncbi.nlm.nih.gov/25532893/,25532893,PMC4286458,10.1016/j.cub.2014.11.018,low_conf,
Bio-protocol-3466,http://www.ncbi.nlm.nih.gov/pubmed/25217511,https://pubmed.ncbi.nlm.nih.gov/25217511/,25217511,PMC4213156,10.1105/tpc.114.128736,low_conf,
Bio-protocol-3465,http://www.ncbi.nlm.nih.gov/pubmed/25629602,https://pubmed.ncbi.nlm.nih.gov/25629602/,25629602,PMC4317492,10.1038/ncomms7078,low_conf,
Bio-protocol-3468,http://www.ncbi.nlm.nih.gov/pubmed/25387836,https://pubmed.ncbi.nlm.nih.gov/25387836/,25387836,,,error,Identifier not found in PMC
Bio-protocol-3467,http://www.ncbi.nlm.nih.gov/pubmed/12805594,https://pubmed.ncbi.nlm.nih.gov/12805594/,12805594,PMC167004,10.1104/pp.103.020925,low_conf,
Bio-protocol-3469,http://www.ncbi.nlm.nih.gov/pubmed/25326026,https://pubmed.ncbi.nlm.nih.gov/25326026/,25326026,,,error,Identifier not found in PMC
Bio-protocol-3471,http://www.ncbi.nlm.nih.gov/pubmed/25430920,https://pubmed.ncbi.nlm.nih.gov/25430920/,25430920,PMC4329120,10.1111/mmi.12890,low_conf,
Bio-protocol-3472,http://www.ncbi.nlm.nih.gov/pubmed/24292392,https://pubmed.ncbi.nlm.nih.gov/24292392/,24292392,,,error,Identifier not found in PMC
Bio-protocol-3470,http://www.ncbi.nlm.nih.gov/pubmed/25326026,https://pubmed.ncbi.nlm.nih.gov/25326026/,25326026,,,error,Identifier not found in PMC
Bio-protocol-3475,http://www.ncbi.nlm.nih.gov/pubmed/25516420,https://pubmed.ncbi.nlm.nih.gov/25516420/,25516420,PMC4293221,10.1158/2159-8290.CD-14-0609,low_conf,
Bio-protocol-3474,http://www.ncbi.nlm.nih.gov/pubmed/25516420,https://pubmed.ncbi.nlm.nih.gov/25516420/,25516420,PMC4293221,10.1158/2159-8290.CD-14-0609,low_conf,
Bio-protocol-3473,http://www.ncbi.nlm.nih.gov/pubmed/25516420,https://pubmed.ncbi.nlm.nih.gov/25516420/,25516420,PMC4293221,10.1158/2159-8290.CD-14-0609,low_conf,
Bio-protocol-3476,http://www.ncbi.nlm.nih.gov/pubmed/25410497,https://pubmed.ncbi.nlm.nih.gov/25410497/,25410497,,,error,Identifier not found in PMC
Bio-protocol-3478,http://www.ncbi.nlm.nih.gov/pubmed/23865749,https://pubmed.ncbi.nlm.nih.gov/23865749/,23865749,,,error,Identifier not found in PMC
Bio-protocol-3477,http://www.ncbi.nlm.nih.gov/pubmed/25794935,https://pubmed.ncbi.nlm.nih.gov/25794935/,25794935,PMC4558675,10.1105/tpc.15.00101,low_conf,
Bio-protocol-3479,https://pubmed.ncbi.nlm.nih.gov/25413359/,https://pubmed.ncbi.nlm.nih.gov/25413359/,25413359,PMC4281003,10.1104/pp.114.249235,low_conf,
Bio-protocol-3480,http://www.ncbi.nlm.nih.gov/pubmed/25056861,https://pubmed.ncbi.nlm.nih.gov/25056861/,25056861,PMC4145140,10.1105/tpc.114.127779,low_conf,
Bio-protocol-3481,http://www.ncbi.nlm.nih.gov/pubmed/25607840,https://pubmed.ncbi.nlm.nih.gov/25607840/,25607840,PMC4319441,10.1172/JCI72873,low_conf,
Bio-protocol-3483,https://doi.org/10.21769/Human Immune Monitoring Center (HIMC),,,,,no_pmc,
Bio-protocol-3482,http://www.ncbi.nlm.nih.gov/pubmed/25711814,https://pubmed.ncbi.nlm.nih.gov/25711814/,25711814,,,error,Identifier not found in PMC
Bio-protocol-3484,http://www.ncbi.nlm.nih.gov/pubmed/25231366,https://pubmed.ncbi.nlm.nih.gov/25231366/,25231366,,,error,Identifier not found in PMC
Bio-protocol-3485,http://www.ncbi.nlm.nih.gov/pubmed/25231366,https://pubmed.ncbi.nlm.nih.gov/25231366/,25231366,,,error,Identifier not found in PMC
Bio-protocol-3487,http://www.ncbi.nlm.nih.gov/pubmed/25732382,https://pubmed.ncbi.nlm.nih.gov/25732382/,25732382,PMC4397972,10.1158/0008-5472.CAN-14-1053,low_conf,
Bio-protocol-3486,http://www.ncbi.nlm.nih.gov/pubmed/25336400,https://pubmed.ncbi.nlm.nih.gov/25336400/,25336400,PMC4762368,10.1002/stem.1868,low_conf,
Bio-protocol-3489,http://www.ncbi.nlm.nih.gov/pubmed/25182959,https://pubmed.ncbi.nlm.nih.gov/25182959/,25182959,PMC4309416,10.1002/stem.1821,low_conf,
Bio-protocol-3488,http://www.ncbi.nlm.nih.gov/pubmed/25098820,https://pubmed.ncbi.nlm.nih.gov/25098820/,25098820,,,error,Identifier not found in PMC
Bio-protocol-3490,http://www.ncbi.nlm.nih.gov/pubmed/24431221,https://pubmed.ncbi.nlm.nih.gov/24431221/,24431221,PMC3983686,10.1002/embj.201385014,low_conf,
Bio-protocol-3491,http://www.ncbi.nlm.nih.gov/pubmed/25471278,https://pubmed.ncbi.nlm.nih.gov/25471278/,25471278,,,error,Identifier not found in PMC
Bio-protocol-3495,http://www.jneurosci.org/content/32/42/14696.long,,,,,no_pmc,
Bio-protocol-3494,https://pubmed.ncbi.nlm.nih.gov/25052854/,https://pubmed.ncbi.nlm.nih.gov/25052854/,25052854,PMC4149708,10.1104/pp.114.243626,low_conf,
Bio-protocol-3493,http://www.ncbi.nlm.nih.gov/pubmed/25256614,https://pubmed.ncbi.nlm.nih.gov/25256614/,25256614,PMC4184867,10.1158/2159-8290.CD-13-1007,low_conf,
Bio-protocol-3497,http://www.ncbi.nlm.nih.gov/pubmed/25548051,https://pubmed.ncbi.nlm.nih.gov/25548051/,25548051,PMC4325148,10.1128/AEM.02808-14,low_conf,
Bio-protocol-3496,http://www.ncbi.nlm.nih.gov/pubmed/25217523,https://pubmed.ncbi.nlm.nih.gov/25217523/,25217523,,,error,Identifier not found in PMC
Bio-protocol-3492,http://www.ncbi.nlm.nih.gov/pubmed/23303822,https://pubmed.ncbi.nlm.nih.gov/23303822/,23303822,,,error,Identifier not found in PMC
Bio-protocol-3498,http://www.ncbi.nlm.nih.gov/pubmed/25548051,https://pubmed.ncbi.nlm.nih.gov/25548051/,25548051,PMC4325148,10.1128/AEM.02808-14,low_conf,
Bio-protocol-3500,http://www.jneurosci.org/content/35/7/2860,,,,,no_pmc,
Bio-protocol-3499,http://www.ncbi.nlm.nih.gov/pubmed/24039265,https://pubmed.ncbi.nlm.nih.gov/24039265/,24039265,PMC3811583,10.1128/JB.00709-13,low_conf,
Bio-protocol-3503,http://www.ncbi.nlm.nih.gov/pubmed/25549670,https://pubmed.ncbi.nlm.nih.gov/25549670/,25549670,PMC4311217,10.1105/tpc.114.133793,low_conf,
Bio-protocol-3502,http://www.ncbi.nlm.nih.gov/pubmed/25359592,https://pubmed.ncbi.nlm.nih.gov/25359592/,25359592,,,error,Identifier not found in PMC
Bio-protocol-3501,http://www.ncbi.nlm.nih.gov/pubmed/25104230,https://pubmed.ncbi.nlm.nih.gov/25104230/,25104230,,,error,Identifier not found in PMC
Bio-protocol-3506,http://www.ncbi.nlm.nih.gov/pubmed/25468537,https://pubmed.ncbi.nlm.nih.gov/25468537/,25468537,,,error,Identifier not found in PMC
Bio-protocol-3505,http://www.ncbi.nlm.nih.gov/pubmed/25583578,https://pubmed.ncbi.nlm.nih.gov/25583578/,25583578,PMC4338846,10.1189/jlb.4A0314-139R,low_conf,
Bio-protocol-3509,http://www.ncbi.nlm.nih.gov/pubmed/25387836,https://pubmed.ncbi.nlm.nih.gov/25387836/,25387836,,,error,Identifier not found in PMC
Bio-protocol-3507,http://www.ncbi.nlm.nih.gov/pubmed/25406394,https://pubmed.ncbi.nlm.nih.gov/25406394/,25406394,,,error,Identifier not found in PMC
Bio-protocol-3504,http://www.ncbi.nlm.nih.gov/pubmed/25329884,https://pubmed.ncbi.nlm.nih.gov/25329884/,25329884,PMC4199768,10.1371/journal.ppat.1004443,low_conf,
Bio-protocol-3508,http://www.ncbi.nlm.nih.gov/pubmed/24626806,https://pubmed.ncbi.nlm.nih.gov/24626806/,24626806,PMC4017943,10.1093/humrep/deu047,low_conf,
Bio-protocol-3511,https://pubmed.ncbi.nlm.nih.gov/24958715/,https://pubmed.ncbi.nlm.nih.gov/24958715/,24958715,PMC4119027,10.1104/pp.114.244616,low_conf,
Bio-protocol-3510,http://www.ncbi.nlm.nih.gov/pubmed/25388295,https://pubmed.ncbi.nlm.nih.gov/25388295/,25388295,PMC4437465,10.1111/mmi.12859,low_conf,
Bio-protocol-3514,http://www.ncbi.nlm.nih.gov/pubmed/16627697,https://pubmed.ncbi.nlm.nih.gov/16627697/,16627697,,,error,Identifier not found in PMC
Bio-protocol-3513,http://www.ncbi.nlm.nih.gov/pubmed/25326803,https://pubmed.ncbi.nlm.nih.gov/25326803/,25326803,PMC4408376,10.1038/nm.3737,low_conf,
Bio-protocol-3512,http://www.ncbi.nlm.nih.gov/pubmed/25326803,https://pubmed.ncbi.nlm.nih.gov/25326803/,25326803,PMC4408376,10.1038/nm.3737,low_conf,
Bio-protocol-3515,http://www.ncbi.nlm.nih.gov/pubmed/25664592,https://pubmed.ncbi.nlm.nih.gov/25664592/,25664592,PMC4430354,10.1111/mmi.12967,low_conf,
Bio-protocol-3516,http://www.ncbi.nlm.nih.gov/pubmed/25253346,https://pubmed.ncbi.nlm.nih.gov/25253346/,25253346,PMC4249138,10.1128/JVI.02614-14,low_conf,
Bio-protocol-3517,http://www.ncbi.nlm.nih.gov/pubmed/25253346,https://pubmed.ncbi.nlm.nih.gov/25253346/,25253346,PMC4249138,10.1128/JVI.02614-14,low_conf,
Bio-protocol-3520,http://www.ncbi.nlm.nih.gov/pubmed/25425138,https://pubmed.ncbi.nlm.nih.gov/25425138/,25425138,,,error,Identifier not found in PMC
Bio-protocol-3521,http://www.ncbi.nlm.nih.gov/pubmed/25407262,https://pubmed.ncbi.nlm.nih.gov/25407262/,25407262,,,error,Identifier not found in PMC
Bio-protocol-3519,http://www.ncbi.nlm.nih.gov/pubmed/25254663,https://pubmed.ncbi.nlm.nih.gov/25254663/,25254663,PMC4177991,10.1371/journal.ppat.1004374,low_conf,
Bio-protocol-3522,http://www.ncbi.nlm.nih.gov/pubmed/25392067,https://pubmed.ncbi.nlm.nih.gov/25392067/,25392067,,,error,Identifier not found in PMC
Bio-protocol-3518,http://www.ncbi.nlm.nih.gov/pubmed/26371478,https://pubmed.ncbi.nlm.nih.gov/26371478/,26371478,PMC4570674,10.1371/journal.pone.0137266,low_conf,
Bio-protocol-3523,http://www.ncbi.nlm.nih.gov/pubmed/25467979,https://pubmed.ncbi.nlm.nih.gov/25467979/,25467979,,,error,Identifier not found in PMC
Bio-protocol-3524,http://www.ncbi.nlm.nih.gov/pubmed/25224004,https://pubmed.ncbi.nlm.nih.gov/25224004/,25224004,PMC4249572,10.1128/AAC.03312-14,low_conf,
Bio-protocol-3525,http://www.ncbi.nlm.nih.gov/pubmed/25320304,https://pubmed.ncbi.nlm.nih.gov/25320304/,25320304,PMC4301094,10.1128/JVI.01765-14,low_conf,
Bio-protocol-3526,http://www.ncbi.nlm.nih.gov/pubmed/25543954,https://pubmed.ncbi.nlm.nih.gov/25543954/,25543954,,,error,Identifier not found in PMC
Bio-protocol-3527,http://www.ncbi.nlm.nih.gov/pubmed/25658099,https://pubmed.ncbi.nlm.nih.gov/25658099/,25658099,PMC4450054,10.1371/journal.pgen.1004983,low_conf,
Bio-protocol-3528,http://www.ncbi.nlm.nih.gov/pubmed/25615824,https://pubmed.ncbi.nlm.nih.gov/25615824/,25615824,PMC4304707,10.1371/journal.ppat.1004620,low_conf,
Bio-protocol-3529,http://www.ncbi.nlm.nih.gov/pubmed/25038826,https://pubmed.ncbi.nlm.nih.gov/25038826/,25038826,PMC4181850,10.1038/nm.3615,low_conf,
Bio-protocol-3530,http://www.jneurosci.org/content/33/6/2541.long,,,,,no_pmc,
Bio-protocol-3531,http://www.ncbi.nlm.nih.gov/pubmed/25516600,https://pubmed.ncbi.nlm.nih.gov/25516600/,25516600,PMC4311196,10.1105/tpc.114.130229,low_conf,
Bio-protocol-3532,https://pubmed.ncbi.nlm.nih.gov/24488969/,https://pubmed.ncbi.nlm.nih.gov/24488969/,24488969,PMC3982724,10.1104/pp.113.231944,low_conf,
Bio-protocol-3533,http://www.ncbi.nlm.nih.gov/pubmed/25063934,https://pubmed.ncbi.nlm.nih.gov/25063934/,25063934,PMC4195560,10.1093/aob/mcu149,low_conf,
Bio-protocol-3534,http://www.ncbi.nlm.nih.gov/pubmed/24905398,https://pubmed.ncbi.nlm.nih.gov/24905398/,24905398,,,error,Identifier not found in PMC
Bio-protocol-3535,http://www.ncbi.nlm.nih.gov/pubmed/24905398,https://pubmed.ncbi.nlm.nih.gov/24905398/,24905398,,,error,Identifier not found in PMC
Bio-protocol-3536,http://www.ncbi.nlm.nih.gov/pubmed/18504351,https://pubmed.ncbi.nlm.nih.gov/18504351/,18504351,,,error,Identifier not found in PMC
Bio-protocol-3538,http://www.ncbi.nlm.nih.gov/pubmed/25002752,https://pubmed.ncbi.nlm.nih.gov/25002752/,25002752,PMC4113947,10.1084/jem.20132477,low_conf,
Bio-protocol-3537,http://www.ncbi.nlm.nih.gov/pubmed/22768307,https://pubmed.ncbi.nlm.nih.gov/22768307/,22768307,PMC3388087,10.1371/journal.pone.0039688,low_conf,
Bio-protocol-3539,http://www.ncbi.nlm.nih.gov/pubmed/25205574,https://pubmed.ncbi.nlm.nih.gov/25205574/,25205574,,,error,Identifier not found in PMC
Bio-protocol-3540,http://www.ncbi.nlm.nih.gov/pubmed/25192989,https://pubmed.ncbi.nlm.nih.gov/25192989/,25192989,PMC4249009,10.1128/AEM.01576-14,low_conf,
Bio-protocol-3542,https://pubmed.ncbi.nlm.nih.gov/25077797/,https://pubmed.ncbi.nlm.nih.gov/25077797/,25077797,PMC4226351,10.1104/pp.114.241950,low_conf,
Bio-protocol-3543,http://www.ncbi.nlm.nih.gov/pubmed/25054409,https://pubmed.ncbi.nlm.nih.gov/25054409/,25054409,,,error,Identifier not found in PMC
Bio-protocol-3541,http://www.ncbi.nlm.nih.gov/pubmed/25192989,https://pubmed.ncbi.nlm.nih.gov/25192989/,25192989,PMC4249009,10.1128/AEM.01576-14,low_conf,
Bio-protocol-3544,http://www.ncbi.nlm.nih.gov/pubmed/21353558,https://pubmed.ncbi.nlm.nih.gov/21353558/,21353558,PMC3152378,10.1016/j.cub.2011.01.048,low_conf,
Bio-protocol-3545,http://www.ncbi.nlm.nih.gov/pubmed/24945831,https://pubmed.ncbi.nlm.nih.gov/24945831/,24945831,PMC4063974,10.1371/journal.ppat.1004205,low_conf,
Bio-protocol-3546,http://www.ncbi.nlm.nih.gov/pubmed/25328047,https://pubmed.ncbi.nlm.nih.gov/25328047/,25328047,,,error,Identifier not found in PMC
Bio-protocol-3548,http://www.ncbi.nlm.nih.gov/pubmed/25012191,https://pubmed.ncbi.nlm.nih.gov/25012191/,25012191,PMC4145132,10.1105/tpc.114.125880,low_conf,
Bio-protocol-3547,http://www.ncbi.nlm.nih.gov/pubmed/25328047,https://pubmed.ncbi.nlm.nih.gov/25328047/,25328047,,,error,Identifier not found in PMC
Bio-protocol-3551,http://www.ncbi.nlm.nih.gov/pubmed/25430846,https://pubmed.ncbi.nlm.nih.gov/25430846/,25430846,,,error,Identifier not found in PMC
Bio-protocol-3550,http://www.ncbi.nlm.nih.gov/pubmed/25430846,https://pubmed.ncbi.nlm.nih.gov/25430846/,25430846,,,error,Identifier not found in PMC
Bio-protocol-3549,http://www.ncbi.nlm.nih.gov/pubmed/25453901,https://pubmed.ncbi.nlm.nih.gov/25453901/,25453901,,,error,Identifier not found in PMC
Bio-protocol-3552,http://www.ncbi.nlm.nih.gov/pubmed/25548165,https://pubmed.ncbi.nlm.nih.gov/25548165/,25548165,PMC4299202,10.1073/pnas.1414569112,low_conf,
Bio-protocol-3554,https://pubmed.ncbi.nlm.nih.gov/25281708/,https://pubmed.ncbi.nlm.nih.gov/25281708/,25281708,PMC4226365,10.1104/pp.114.250563,low_conf,
Bio-protocol-3553,http://www.ncbi.nlm.nih.gov/pubmed/25185828,https://pubmed.ncbi.nlm.nih.gov/25185828/,25185828,PMC4177851,10.1016/j.str.2014.07.011,low_conf,
Bio-protocol-3555,http://www.ncbi.nlm.nih.gov/pubmed/25122483,https://pubmed.ncbi.nlm.nih.gov/25122483/,25122483,,,error,Identifier not found in PMC
Bio-protocol-3557,http://www.ncbi.nlm.nih.gov/pubmed/25139948,https://pubmed.ncbi.nlm.nih.gov/25139948/,25139948,,,error,Identifier not found in PMC
Bio-protocol-3556,https://elifesciences.org/articles/04889,,,,,no_pmc,
Bio-protocol-3559,http://www.ncbi.nlm.nih.gov/pubmed/25115560,https://pubmed.ncbi.nlm.nih.gov/25115560/,25115560,PMC4200376,10.1007/s00425-014-2139-6,low_conf,
Bio-protocol-3558,http://www.ncbi.nlm.nih.gov/pubmed/25548188,https://pubmed.ncbi.nlm.nih.gov/25548188/,25548188,PMC4299235,10.1073/pnas.1413483112,low_conf,
Bio-protocol-3560,http://www.ncbi.nlm.nih.gov/pubmed/25238095,https://pubmed.ncbi.nlm.nih.gov/25238095/,25238095,,,error,Identifier not found in PMC
Bio-protocol-3561,http://www.ncbi.nlm.nih.gov/pubmed/24706854,https://pubmed.ncbi.nlm.nih.gov/24706854/,24706854,PMC4035928,10.1073/pnas.1319955111,low_conf,
Bio-protocol-3562,http://www.ncbi.nlm.nih.gov/pubmed/25303334,https://pubmed.ncbi.nlm.nih.gov/25303334/,25303334,,,error,Identifier not found in PMC
Bio-protocol-3563,http://www.ncbi.nlm.nih.gov/pubmed/25085420,https://pubmed.ncbi.nlm.nih.gov/25085420/,25085420,PMC4117943,10.1101/gad.243675.114,low_conf,
Bio-protocol-3564,http://www.ncbi.nlm.nih.gov/pubmed/24812208,https://pubmed.ncbi.nlm.nih.gov/24812208/,24812208,PMC4204732,10.1126/science.1252510,low_conf,
Bio-protocol-3565,http://www.ncbi.nlm.nih.gov/pubmed/24902716,https://pubmed.ncbi.nlm.nih.gov/24902716/,24902716,PMC4204782,10.1093/aob/mcu094,low_conf,
Bio-protocol-3567,http://www.molbiolcell.org/content/25/20/3095.long,,,,,no_pmc,
Bio-protocol-3566,http://www.ncbi.nlm.nih.gov/pubmed/24793650,https://pubmed.ncbi.nlm.nih.gov/24793650/,24793650,PMC4409868,10.1038/nsmb.2819,low_conf,
Bio-protocol-3568,http://www.ncbi.nlm.nih.gov/pubmed/24880458,https://pubmed.ncbi.nlm.nih.gov/24880458/,24880458,PMC4105703,10.1038/ni.2914,low_conf,
Bio-protocol-3569,http://www.ncbi.nlm.nih.gov/pubmed/25060759,https://pubmed.ncbi.nlm.nih.gov/25060759/,25060759,,,error,Identifier not found in PMC
Bio-protocol-3570,http://www.ncbi.nlm.nih.gov/pubmed/24798282,https://pubmed.ncbi.nlm.nih.gov/24798282/,24798282,PMC4068541,10.1128/AAC.00056-14,low_conf,
Bio-protocol-3572,http://www.ncbi.nlm.nih.gov/pubmed/25205573,https://pubmed.ncbi.nlm.nih.gov/25205573/,25205573,PMC4203136,10.1093/jxb/eru342,low_conf,
Bio-protocol-3571,http://www.ncbi.nlm.nih.gov/pubmed/25205573,https://pubmed.ncbi.nlm.nih.gov/25205573/,25205573,PMC4203136,10.1093/jxb/eru342,low_conf,
Bio-protocol-3575,http://www.ncbi.nlm.nih.gov/pubmed/24700621,https://pubmed.ncbi.nlm.nih.gov/24700621/,24700621,PMC3991745,10.1093/jxb/eru082,low_conf,
Bio-protocol-3574,http://www.ncbi.nlm.nih.gov/pubmed/23222714,https://pubmed.ncbi.nlm.nih.gov/23222714/,23222714,,,error,Identifier not found in PMC
Bio-protocol-3573,http://www.ncbi.nlm.nih.gov/pubmed/25194572,https://pubmed.ncbi.nlm.nih.gov/25194572/,25194572,PMC4332844,10.1038/nm.3656,low_conf,
Bio-protocol-3577,http://www.ncbi.nlm.nih.gov/pubmed/24283939,https://pubmed.ncbi.nlm.nih.gov/24283939/,24283939,,,error,Identifier not found in PMC
Bio-protocol-3576,http://www.ncbi.nlm.nih.gov/pubmed/24283939,https://pubmed.ncbi.nlm.nih.gov/24283939/,24283939,,,error,Identifier not found in PMC
Bio-protocol-3578,http://www.cancerdiscovery-digital.org/cancerdiscovery,,,,,no_pmc,
Bio-protocol-3580,http://www.ncbi.nlm.nih.gov/pubmed/24850741,https://pubmed.ncbi.nlm.nih.gov/24850741/,24850741,PMC4136252,10.1128/JVI.01343-14,low_conf,
Bio-protocol-3579,http://www.ncbi.nlm.nih.gov/pubmed/24850741,https://pubmed.ncbi.nlm.nih.gov/24850741/,24850741,PMC4136252,10.1128/JVI.01343-14,low_conf,
Bio-protocol-3581,http://www.ncbi.nlm.nih.gov/pubmed/25372699,https://pubmed.ncbi.nlm.nih.gov/25372699/,25372699,PMC4221155,10.1371/journal.pone.0111888,low_conf,
Bio-protocol-3582,http://www.ncbi.nlm.nih.gov/pubmed/25372699,https://pubmed.ncbi.nlm.nih.gov/25372699/,25372699,PMC4221155,10.1371/journal.pone.0111888,low_conf,
Bio-protocol-3585,http://www.ncbi.nlm.nih.gov/pubmed/24355922,https://pubmed.ncbi.nlm.nih.gov/24355922/,24355922,PMC3871226,10.1172/JCI69404,low_conf,
Bio-protocol-3583,http://www.jneurosci.org/content/35/1/36.long,,,,,no_pmc,
Bio-protocol-3584,http://www.ncbi.nlm.nih.gov/pubmed/25053252,https://pubmed.ncbi.nlm.nih.gov/25053252/,25053252,PMC4283594,10.1111/tpj.12623,low_conf,
Bio-protocol-3586,http://www.ncbi.nlm.nih.gov/pubmed/24443895,https://pubmed.ncbi.nlm.nih.gov/24443895/,24443895,,,error,Identifier not found in PMC
Bio-protocol-3587,http://www.ncbi.nlm.nih.gov/pubmed/25415977,https://pubmed.ncbi.nlm.nih.gov/25415977/,25415977,PMC4277223,10.1105/tpc.114.131300,low_conf,
Bio-protocol-3588,http://www.ncbi.nlm.nih.gov/pubmed/25659141,https://pubmed.ncbi.nlm.nih.gov/25659141/,25659141,PMC4450068,10.1371/journal.ppat.1004643,low_conf,
Bio-protocol-3589,http://www.ncbi.nlm.nih.gov/pubmed/24431222,https://pubmed.ncbi.nlm.nih.gov/24431222/,24431222,PMC4193933,10.1002/embj.201386030,low_conf,
Bio-protocol-3590,http://www.ncbi.nlm.nih.gov/pubmed/24602288,https://pubmed.ncbi.nlm.nih.gov/24602288/,24602288,PMC3975837,10.1186/1742-2094-11-44,low_conf,
Bio-protocol-3591,http://www.ncbi.nlm.nih.gov/pubmed/25201117,https://pubmed.ncbi.nlm.nih.gov/25201117/,25201117,PMC4172953,10.1186/s12870-014-0236-0,low_conf,
Bio-protocol-3592,http://www.ncbi.nlm.nih.gov/pubmed/25017731,https://pubmed.ncbi.nlm.nih.gov/25017731/,25017731,PMC4150354,10.1016/j.str.2014.05.016,low_conf,
Bio-protocol-3593,http://www.ncbi.nlm.nih.gov/pubmed/25227518,https://pubmed.ncbi.nlm.nih.gov/25227518/,25227518,,,error,Identifier not found in PMC
Bio-protocol-3594,http://www.ncbi.nlm.nih.gov/pubmed/23912456,https://pubmed.ncbi.nlm.nih.gov/23912456/,23912456,PMC3915040,10.1038/onc.2013.301,low_conf,
Bio-protocol-3599,http://www.ncbi.nlm.nih.gov/pubmed/24612058,https://pubmed.ncbi.nlm.nih.gov/24612058/,24612058,,,error,Identifier not found in PMC
Bio-protocol-3597,http://www.ncbi.nlm.nih.gov/pubmed/18256186,https://pubmed.ncbi.nlm.nih.gov/18256186/,18256186,PMC2538902,10.1073/pnas.0711980105,low_conf,
Bio-protocol-3596,http://www.ncbi.nlm.nih.gov/pubmed/24854167,https://pubmed.ncbi.nlm.nih.gov/24854167/,24854167,PMC4071097,10.1093/aob/mcu076,low_conf,
Bio-protocol-3595,http://www.ncbi.nlm.nih.gov/pubmed/24626166,https://pubmed.ncbi.nlm.nih.gov/24626166/,24626166,PMC3953431,10.1371/journal.ppat.1004004,low_conf,
Bio-protocol-3598,http://www.ncbi.nlm.nih.gov/pubmed/25352672,https://pubmed.ncbi.nlm.nih.gov/25352672/,25352672,PMC4234621,10.1073/pnas.1412697111,low_conf,
Bio-protocol-3600,http://www.ncbi.nlm.nih.gov/pubmed/24829338,https://pubmed.ncbi.nlm.nih.gov/24829338/,24829338,PMC4135929,10.1128/JVI.00081-14,low_conf,
Bio-protocol-3604,http://www.ncbi.nlm.nih.gov/pubmed/24700621,https://pubmed.ncbi.nlm.nih.gov/24700621/,24700621,PMC3991745,10.1093/jxb/eru082,low_conf,
Bio-protocol-3601,http://www.ncbi.nlm.nih.gov/pubmed/24945925,https://pubmed.ncbi.nlm.nih.gov/24945925/,24945925,PMC4063973,10.1371/journal.ppat.1004211,low_conf,
Bio-protocol-3603,http://www.ncbi.nlm.nih.gov/pubmed/24945925,https://pubmed.ncbi.nlm.nih.gov/24945925/,24945925,PMC4063973,10.1371/journal.ppat.1004211,low_conf,
Bio-protocol-3602,http://www.ncbi.nlm.nih.gov/pubmed/24945925,https://pubmed.ncbi.nlm.nih.gov/24945925/,24945925,PMC4063973,10.1371/journal.ppat.1004211,low_conf,
Bio-protocol-3605,http://www.ncbi.nlm.nih.gov/pubmed/25187205,https://pubmed.ncbi.nlm.nih.gov/25187205/,25187205,PMC4172879,10.1186/s12974-014-0153-z,low_conf,
Bio-protocol-3606,http://www.ncbi.nlm.nih.gov/pubmed/24740933,https://pubmed.ncbi.nlm.nih.gov/24740933/,24740933,,,error,Identifier not found in PMC
Bio-protocol-3608,http://www.ncbi.nlm.nih.gov/pubmed/25052714,https://pubmed.ncbi.nlm.nih.gov/25052714/,25052714,PMC4145134,10.1105/tpc.114.124008,low_conf,
Bio-protocol-3610,http://www.molbiolcell.org/content/22/17/3176.long,,,,,no_pmc,
Bio-protocol-3609,http://www.ncbi.nlm.nih.gov/pubmed/25083909,https://pubmed.ncbi.nlm.nih.gov/25083909/,25083909,,,error,Identifier not found in PMC
Bio-protocol-3612,https://pubmed.ncbi.nlm.nih.gov/25157030/,https://pubmed.ncbi.nlm.nih.gov/25157030/,25157030,PMC4213123,10.1104/pp.114.245944,low_conf,
Bio-protocol-3611,http://www.ncbi.nlm.nih.gov/pubmed/25144198,https://pubmed.ncbi.nlm.nih.gov/25144198/,25144198,PMC4140859,10.1371/journal.ppat.1004312,low_conf,
Bio-protocol-3607,http://www.ncbi.nlm.nih.gov/pubmed/25168520,https://pubmed.ncbi.nlm.nih.gov/25168520/,25168520,PMC4163167,10.1186/s12870-014-0232-4,low_conf,
Bio-protocol-3613,http://www.ncbi.nlm.nih.gov/pubmed/25043422,https://pubmed.ncbi.nlm.nih.gov/25043422/,25043422,,,error,Identifier not found in PMC
Bio-protocol-3616,http://www.ncbi.nlm.nih.gov/pubmed/24863436,https://pubmed.ncbi.nlm.nih.gov/24863436/,24863436,,,error,Identifier not found in PMC
Bio-protocol-3617,http://www.ncbi.nlm.nih.gov/pubmed/25192715,https://pubmed.ncbi.nlm.nih.gov/25192715/,25192715,PMC4164820,10.1186/1475-2875-13-354,low_conf,
Bio-protocol-3621,http://www.ncbi.nlm.nih.gov/pubmed/24477640,https://pubmed.ncbi.nlm.nih.gov/24477640/,24477640,PMC4115254,10.1093/jxb/ert489,low_conf,
Bio-protocol-3614,http://www.ncbi.nlm.nih.gov/pubmed/23813962,https://pubmed.ncbi.nlm.nih.gov/23813962/,23813962,PMC3757333,10.1242/jcs.128033,low_conf,
Bio-protocol-3615,http://www.ncbi.nlm.nih.gov/pubmed/23813962,https://pubmed.ncbi.nlm.nih.gov/23813962/,23813962,PMC3757333,10.1242/jcs.128033,low_conf,
Bio-protocol-3619,http://www.ncbi.nlm.nih.gov/pubmed/24684632,https://pubmed.ncbi.nlm.nih.gov/24684632/,24684632,PMC6638820,10.1111/mpp.12141,low_conf,
Bio-protocol-3618,http://www.ncbi.nlm.nih.gov/pubmed/20943165,https://pubmed.ncbi.nlm.nih.gov/20943165/,20943165,,,error,Identifier not found in PMC
Bio-protocol-3622,http://www.ncbi.nlm.nih.gov/pubmed/24850729,https://pubmed.ncbi.nlm.nih.gov/24850729/,24850729,PMC4135932,10.1128/JVI.00752-14,low_conf,
Bio-protocol-3620,http://www.ncbi.nlm.nih.gov/pubmed/23770845,https://pubmed.ncbi.nlm.nih.gov/23770845/,23770845,PMC3898098,10.1038/onc.2013.217,low_conf,
Bio-protocol-3624,http://www.ncbi.nlm.nih.gov/pubmed/25135116,https://pubmed.ncbi.nlm.nih.gov/25135116/,25135116,PMC4158134,10.1186/s12870-014-0227-1,low_conf,
Bio-protocol-3623,http://www.ncbi.nlm.nih.gov/pubmed/24850729,https://pubmed.ncbi.nlm.nih.gov/24850729/,24850729,PMC4135932,10.1128/JVI.00752-14,low_conf,
Bio-protocol-3629,http://www.ncbi.nlm.nih.gov/pubmed/24825296,https://pubmed.ncbi.nlm.nih.gov/24825296/,24825296,PMC4195553,10.1093/aob/mcu093,low_conf,
Bio-protocol-3628,http://www.ncbi.nlm.nih.gov/pubmed/25135116,https://pubmed.ncbi.nlm.nih.gov/25135116/,25135116,PMC4158134,10.1186/s12870-014-0227-1,low_conf,
Bio-protocol-3627,http://www.ncbi.nlm.nih.gov/pubmed/25143486,https://pubmed.ncbi.nlm.nih.gov/25143486/,25143486,PMC4208278,10.1182/blood-2014-03-562876,low_conf,
Bio-protocol-3630,http://www.ncbi.nlm.nih.gov/pubmed/24351015,https://pubmed.ncbi.nlm.nih.gov/24351015/,24351015,PMC3892122,10.1186/1742-4690-10-158,low_conf,
Bio-protocol-3631,http://www.ncbi.nlm.nih.gov/pubmed/25257164,https://pubmed.ncbi.nlm.nih.gov/25257164/,25257164,PMC4227921,10.1111/mmi.12808,low_conf,
Bio-protocol-3626,http://www.ncbi.nlm.nih.gov/pubmed/25143486,https://pubmed.ncbi.nlm.nih.gov/25143486/,25143486,PMC4208278,10.1182/blood-2014-03-562876,low_conf,
Bio-protocol-3625,http://www.ncbi.nlm.nih.gov/pubmed/25135116,https://pubmed.ncbi.nlm.nih.gov/25135116/,25135116,PMC4158134,10.1186/s12870-014-0227-1,low_conf,
Bio-protocol-3632,http://www.ncbi.nlm.nih.gov/pubmed/25326293,https://pubmed.ncbi.nlm.nih.gov/25326293/,25326293,PMC4247589,10.1105/tpc.114.131631,low_conf,
Bio-protocol-3633,http://www.ncbi.nlm.nih.gov/pubmed/24742279,https://pubmed.ncbi.nlm.nih.gov/24742279/,24742279,PMC4026860,10.1186/1741-7007-12-28,low_conf,
Bio-protocol-3634,http://www.ncbi.nlm.nih.gov/pubmed/24714763,https://pubmed.ncbi.nlm.nih.gov/24714763/,24714763,PMC4036580,10.1105/tpc.114.124446,low_conf,
Bio-protocol-3637,http://www.ncbi.nlm.nih.gov/pubmed/24737720,https://pubmed.ncbi.nlm.nih.gov/24737720/,24737720,PMC4195551,10.1093/aob/mcu054,low_conf,
Bio-protocol-3636,http://iti.stanford.edu/himc/protocols.html,,,,,no_pmc,
Bio-protocol-3640,http://www.ncbi.nlm.nih.gov/pubmed/24935257,https://pubmed.ncbi.nlm.nih.gov/24935257/,24935257,PMC4076585,10.1084/jem.20140410,low_conf,
Bio-protocol-3639,http://www.ncbi.nlm.nih.gov/pubmed/24789781,https://pubmed.ncbi.nlm.nih.gov/24789781/,24789781,PMC4097769,10.1128/JVI.00831-14,low_conf,
Bio-protocol-3638,http://www.ncbi.nlm.nih.gov/pubmed/25662216,https://pubmed.ncbi.nlm.nih.gov/25662216/,25662216,PMC4344515,10.1093/nar/gkv079,low_conf,
Bio-protocol-3641,http://www.ncbi.nlm.nih.gov/pubmed/25168432,https://pubmed.ncbi.nlm.nih.gov/25168432/,25168432,PMC4160556,10.1186/s12870-014-0222-6,low_conf,
Bio-protocol-3642,http://www.ncbi.nlm.nih.gov/pubmed/24785082,https://pubmed.ncbi.nlm.nih.gov/24785082/,24785082,PMC4006739,10.1371/journal.pgen.1004341,low_conf,
Bio-protocol-3643,http://www.ncbi.nlm.nih.gov/pubmed/24330531,https://pubmed.ncbi.nlm.nih.gov/24330531/,24330531,,,error,Identifier not found in PMC
Bio-protocol-3646,https://elifesciences.org/articles/02866#s3,,,,,no_pmc,
Bio-protocol-3644,http://www.ncbi.nlm.nih.gov/pubmed/25329393,https://pubmed.ncbi.nlm.nih.gov/25329393/,25329393,PMC4199516,10.1371/journal.pgen.1004723,low_conf,
Bio-protocol-3648,http://www.ncbi.nlm.nih.gov/pubmed/24923534,https://pubmed.ncbi.nlm.nih.gov/24923534/,24923534,,,error,Identifier not found in PMC
Bio-protocol-3645,http://www.ncbi.nlm.nih.gov/pubmed/25033935,https://pubmed.ncbi.nlm.nih.gov/25033935/,25033935,PMC4133022,10.1007/s11103-014-0221-x,low_conf,
Bio-protocol-3647,http://www.ncbi.nlm.nih.gov/pubmed/25010342,https://pubmed.ncbi.nlm.nih.gov/25010342/,25010342,PMC4091798,10.1371/journal.pgen.1004476,low_conf,
Bio-protocol-3649,http://www.ncbi.nlm.nih.gov/pubmed/24760407,https://pubmed.ncbi.nlm.nih.gov/24760407/,24760407,,,error,Identifier not found in PMC
Bio-protocol-3650,http://www.ncbi.nlm.nih.gov/pubmed/24670723,https://pubmed.ncbi.nlm.nih.gov/24670723/,24670723,PMC4049323,10.1158/2159-8290.CD-13-0743,low_conf,
Bio-protocol-3651,http://www.ncbi.nlm.nih.gov/pubmed/24952504,https://pubmed.ncbi.nlm.nih.gov/24952504/,24952504,,,error,Identifier not found in PMC
Bio-protocol-3652,http://www.ncbi.nlm.nih.gov/pubmed/23178489,https://pubmed.ncbi.nlm.nih.gov/23178489/,23178489,,,error,Identifier not found in PMC
Bio-protocol-3653,http://www.ncbi.nlm.nih.gov/pubmed/24961791,https://pubmed.ncbi.nlm.nih.gov/24961791/,24961791,,,error,Identifier not found in PMC
Bio-protocol-3655,http://www.ncbi.nlm.nih.gov/pubmed/24969234,https://pubmed.ncbi.nlm.nih.gov/24969234/,24969234,,,error,Identifier not found in PMC
Bio-protocol-3654,http://www.ncbi.nlm.nih.gov/pubmed/24170601,https://pubmed.ncbi.nlm.nih.gov/24170601/,24170601,PMC3847779,10.1101/gr.159467.113,low_conf,
Bio-protocol-3656,http://www.ncbi.nlm.nih.gov/pubmed/24722365,https://pubmed.ncbi.nlm.nih.gov/24722365/,24722365,PMC3983061,10.1371/journal.ppat.1004064,low_conf,
Bio-protocol-3657,http://www.ncbi.nlm.nih.gov/pubmed/24535670,https://pubmed.ncbi.nlm.nih.gov/24535670/,24535670,PMC4011693,10.1158/2159-8290.CD-13-0741,low_conf,
Bio-protocol-3659,http://onlinelibrary.wiley.com/doi/10.1111/j.1439-0523.2011.01853.x/abstract,,,,,no_pmc,
Bio-protocol-3661,http://www.ncbi.nlm.nih.gov/pubmed/24750120,https://pubmed.ncbi.nlm.nih.gov/24750120/,24750120,,,error,Identifier not found in PMC
Bio-protocol-3662,http://www.ncbi.nlm.nih.gov/pubmed/25000290,https://pubmed.ncbi.nlm.nih.gov/25000290/,25000290,PMC4084986,10.1371/journal.pone.0102009,low_conf,
Bio-protocol-3663,https://link.springer.com/article/10.1007/s12374-011-9188-1,,,,,no_pmc,
Bio-protocol-3660,http://www.ncbi.nlm.nih.gov/pubmed/25255103,https://pubmed.ncbi.nlm.nih.gov/25255103/,25255103,PMC4177988,10.1371/journal.ppat.1004414,low_conf,
Bio-protocol-3665,http://www.ncbi.nlm.nih.gov/pubmed/25104542,https://pubmed.ncbi.nlm.nih.gov/25104542/,25104542,,,error,Identifier not found in PMC
Bio-protocol-3666,http://www.ncbi.nlm.nih.gov/pubmed/24789781,https://pubmed.ncbi.nlm.nih.gov/24789781/,24789781,PMC4097769,10.1128/JVI.00831-14,low_conf,
Bio-protocol-3664,http://www.ncbi.nlm.nih.gov/pubmed/22575787,https://pubmed.ncbi.nlm.nih.gov/22575787/,22575787,,,error,Identifier not found in PMC
Bio-protocol-3667,http://www.ncbi.nlm.nih.gov/pubmed/24793022,https://pubmed.ncbi.nlm.nih.gov/24793022/,24793022,PMC4052017,10.1007/s11103-014-0194-9,low_conf,
Bio-protocol-3668,http://www.ncbi.nlm.nih.gov/pubmed/24793022,https://pubmed.ncbi.nlm.nih.gov/24793022/,24793022,PMC4052017,10.1007/s11103-014-0194-9,low_conf,
Bio-protocol-3670,http://www.ncbi.nlm.nih.gov/pubmed/24283938,https://pubmed.ncbi.nlm.nih.gov/24283938/,24283938,,,error,Identifier not found in PMC
Bio-protocol-3671,http://www.ncbi.nlm.nih.gov/pubmed/25039075,https://pubmed.ncbi.nlm.nih.gov/25039075/,25039075,PMC4400539,10.1093/jxb/eru295,low_conf,
Bio-protocol-3669,http://www.ncbi.nlm.nih.gov/pubmed/24271006,https://pubmed.ncbi.nlm.nih.gov/24271006/,24271006,,,error,Identifier not found in PMC
Bio-protocol-3672,https://elifesciences.org/articles/02181,,,,,no_pmc,
Bio-protocol-3673,https://elifesciences.org/articles/02181,,,,,no_pmc,
Bio-protocol-3674,http://www.ncbi.nlm.nih.gov/pubmed/24375787,https://pubmed.ncbi.nlm.nih.gov/24375787/,24375787,,,error,Identifier not found in PMC
Bio-protocol-3675,http://www.ncbi.nlm.nih.gov/pubmed/25002499,https://pubmed.ncbi.nlm.nih.gov/25002499/,25002499,PMC4121841,10.1073/pnas.1407327111,low_conf,
Bio-protocol-3676,http://www.ncbi.nlm.nih.gov/pubmed/24769695,https://pubmed.ncbi.nlm.nih.gov/24769695/,24769695,PMC4054173,10.1128/JB.01768-14,low_conf,
Bio-protocol-3677,http://www.ncbi.nlm.nih.gov/pubmed/23934148,https://pubmed.ncbi.nlm.nih.gov/23934148/,23934148,PMC3766402,10.1038/nsmb.2646,low_conf,
Bio-protocol-3678,http://www.ncbi.nlm.nih.gov/pubmed/23178497,https://pubmed.ncbi.nlm.nih.gov/23178497/,23178497,,,error,Identifier not found in PMC
Bio-protocol-3679,http://www.ncbi.nlm.nih.gov/pubmed/24865527,https://pubmed.ncbi.nlm.nih.gov/24865527/,24865527,,,error,Identifier not found in PMC
Bio-protocol-3680,https://pubmed.ncbi.nlm.nih.gov/24989233/,https://pubmed.ncbi.nlm.nih.gov/24989233/,24989233,PMC4119048,10.1104/pp.114.243402,low_conf,
Bio-protocol-3681,http://www.ncbi.nlm.nih.gov/pubmed/24727225,https://pubmed.ncbi.nlm.nih.gov/24727225/,24727225,PMC4054166,10.1128/JB.01591-14,low_conf,
Bio-protocol-3683,http://www.ncbi.nlm.nih.gov/pubmed/24696492,https://pubmed.ncbi.nlm.nih.gov/24696492/,24696492,PMC4054353,10.1128/JVI.00635-14,low_conf,
Bio-protocol-3682,http://www.ncbi.nlm.nih.gov/pubmed/24696492,https://pubmed.ncbi.nlm.nih.gov/24696492/,24696492,PMC4054353,10.1128/JVI.00635-14,low_conf,
Bio-protocol-3684,http://www.ncbi.nlm.nih.gov/pubmed/25058590,https://pubmed.ncbi.nlm.nih.gov/25058590/,25058590,PMC4110042,10.1371/journal.ppat.1004265,low_conf,
Bio-protocol-3686,http://www.ncbi.nlm.nih.gov/pubmed/24729002,https://pubmed.ncbi.nlm.nih.gov/24729002/,24729002,,,error,Identifier not found in PMC
Bio-protocol-3687,http://www.ncbi.nlm.nih.gov/pubmed/24170742,https://pubmed.ncbi.nlm.nih.gov/24170742/,24170742,PMC3883284,10.1093/jxb/ert355,low_conf,
Bio-protocol-3685,http://www.ncbi.nlm.nih.gov/pubmed/24768050,https://pubmed.ncbi.nlm.nih.gov/24768050/,24768050,,,error,Identifier not found in PMC
Bio-protocol-3688,https://pubmed.ncbi.nlm.nih.gov/12857830/,https://pubmed.ncbi.nlm.nih.gov/12857830/,12857830,PMC167088,10.1104/pp.102.018481,low_conf,
Bio-protocol-3690,http://www.ncbi.nlm.nih.gov/pubmed/24661284,https://pubmed.ncbi.nlm.nih.gov/24661284/,24661284,,,error,Identifier not found in PMC
Bio-protocol-3691,http://www.ncbi.nlm.nih.gov/pubmed/24661284,https://pubmed.ncbi.nlm.nih.gov/24661284/,24661284,,,error,Identifier not found in PMC
Bio-protocol-3693,http://www.ncbi.nlm.nih.gov/pubmed/24769480,https://pubmed.ncbi.nlm.nih.gov/24769480/,24769480,PMC4036567,10.1105/tpc.114.124586,low_conf,
Bio-protocol-3692,http://www.ncbi.nlm.nih.gov/pubmed/24699513,https://pubmed.ncbi.nlm.nih.gov/24699513/,24699513,PMC3974857,10.1371/journal.ppat.1004005,low_conf,
Bio-protocol-3694,https://pubmed.ncbi.nlm.nih.gov/24948834/,https://pubmed.ncbi.nlm.nih.gov/24948834/,24948834,PMC4119036,10.1104/pp.114.236059,low_conf,
Bio-protocol-3695,http://www.ncbi.nlm.nih.gov/pubmed/25122090,https://pubmed.ncbi.nlm.nih.gov/25122090/,25122090,PMC4133157,10.1371/journal.pgen.1004521,low_conf,
Bio-protocol-3696,http://www.ncbi.nlm.nih.gov/pubmed/23593007,https://pubmed.ncbi.nlm.nih.gov/23593007/,23593007,PMC3623766,10.1371/journal.ppat.1003302,low_conf,
Bio-protocol-3697,http://www.ncbi.nlm.nih.gov/pubmed/24782437,https://pubmed.ncbi.nlm.nih.gov/24782437/,24782437,PMC4071096,10.1093/aob/mcu073,low_conf,
Bio-protocol-3698,http://www.ncbi.nlm.nih.gov/pubmed/22081161,https://pubmed.ncbi.nlm.nih.gov/22081161/,22081161,,,error,Identifier not found in PMC
Bio-protocol-3699,http://www.ncbi.nlm.nih.gov/pubmed/24637032,https://pubmed.ncbi.nlm.nih.gov/24637032/,24637032,,,error,Identifier not found in PMC
Bio-protocol-3700,http://www.ncbi.nlm.nih.gov/pubmed/24837294,https://pubmed.ncbi.nlm.nih.gov/24837294/,24837294,PMC4135665,10.1128/JB.01783-14,low_conf,
Bio-protocol-3701,http://www.ncbi.nlm.nih.gov/pubmed/24963057,https://pubmed.ncbi.nlm.nih.gov/24963057/,24963057,PMC4114961,10.1105/tpc.114.126763,low_conf,
Bio-protocol-3702,http://www.ncbi.nlm.nih.gov/pubmed/24963057,https://pubmed.ncbi.nlm.nih.gov/24963057/,24963057,PMC4114961,10.1105/tpc.114.126763,low_conf,
Bio-protocol-3704,http://www.ncbi.nlm.nih.gov/pubmed/24372490,https://pubmed.ncbi.nlm.nih.gov/24372490/,24372490,,,error,Identifier not found in PMC
Bio-protocol-3703,http://www.ncbi.nlm.nih.gov/pubmed/24703081,https://pubmed.ncbi.nlm.nih.gov/24703081/,24703081,,,error,Identifier not found in PMC
Bio-protocol-3705,http://www.ncbi.nlm.nih.gov/pubmed/25831895,https://pubmed.ncbi.nlm.nih.gov/25831895/,25831895,,,error,Identifier not found in PMC
Bio-protocol-3706,http://www.ncbi.nlm.nih.gov/pubmed/24127899,https://pubmed.ncbi.nlm.nih.gov/24127899/,24127899,,,error,Identifier not found in PMC
Bio-protocol-3707,http://www.ncbi.nlm.nih.gov/pubmed/24604732,https://pubmed.ncbi.nlm.nih.gov/24604732/,24604732,PMC3991737,10.1093/jxb/eru048,low_conf,
Bio-protocol-3709,http://www.ncbi.nlm.nih.gov/pubmed/24808051,https://pubmed.ncbi.nlm.nih.gov/24808051/,24808051,PMC4079353,10.1105/tpc.113.120071,low_conf,
Bio-protocol-3708,http://www.ncbi.nlm.nih.gov/pubmed/24808051,https://pubmed.ncbi.nlm.nih.gov/24808051/,24808051,PMC4079353,10.1105/tpc.113.120071,low_conf,
Bio-protocol-3710,http://www.ncbi.nlm.nih.gov/pubmed/24371225,https://pubmed.ncbi.nlm.nih.gov/24371225/,24371225,,,error,Identifier not found in PMC
Bio-protocol-3711,http://www.ncbi.nlm.nih.gov/pubmed/24836575,https://pubmed.ncbi.nlm.nih.gov/24836575/,24836575,,,error,Identifier not found in PMC
Bio-protocol-3714,http://www.ncbi.nlm.nih.gov/pubmed/24138283,https://pubmed.ncbi.nlm.nih.gov/24138283/,24138283,,,error,Identifier not found in PMC
Bio-protocol-3712,http://www.ncbi.nlm.nih.gov/pubmed/24836575,https://pubmed.ncbi.nlm.nih.gov/24836575/,24836575,,,error,Identifier not found in PMC
Bio-protocol-3713,http://www.ncbi.nlm.nih.gov/pubmed/24350823,https://pubmed.ncbi.nlm.nih.gov/24350823/,24350823,,,error,Identifier not found in PMC
Bio-protocol-3715,http://www.ncbi.nlm.nih.gov/pubmed/24567029,https://pubmed.ncbi.nlm.nih.gov/24567029/,24567029,,,error,Identifier not found in PMC
Bio-protocol-3716,http://www.ncbi.nlm.nih.gov/pubmed/24441789,https://pubmed.ncbi.nlm.nih.gov/24441789/,24441789,,,error,Identifier not found in PMC
Bio-protocol-3717,http://www.ncbi.nlm.nih.gov/pubmed/24938288,https://pubmed.ncbi.nlm.nih.gov/24938288/,24938288,PMC4114948,10.1105/tpc.114.123281,low_conf,
Bio-protocol-3720,http://www.ncbi.nlm.nih.gov/pubmed/24096344,https://pubmed.ncbi.nlm.nih.gov/24096344/,24096344,PMC3877805,10.1105/tpc.113.116251,low_conf,
Bio-protocol-3718,http://www.ncbi.nlm.nih.gov/pubmed/24911317,https://pubmed.ncbi.nlm.nih.gov/24911317/,24911317,,,error,Identifier not found in PMC
Bio-protocol-3719,http://www.ncbi.nlm.nih.gov/pubmed/8400874,https://pubmed.ncbi.nlm.nih.gov/8400874/,8400874,PMC160333,10.1105/tpc.5.8.983,low_conf,
Bio-protocol-3721,http://www.ncbi.nlm.nih.gov/pubmed/24096344,https://pubmed.ncbi.nlm.nih.gov/24096344/,24096344,PMC3877805,10.1105/tpc.113.116251,low_conf,
Bio-protocol-3723,http://www.ncbi.nlm.nih.gov/pubmed/24826903,https://pubmed.ncbi.nlm.nih.gov/24826903/,24826903,PMC4079059,10.1111/mmi.12650,low_conf,
Bio-protocol-3722,http://www.ncbi.nlm.nih.gov/pubmed/24826903,https://pubmed.ncbi.nlm.nih.gov/24826903/,24826903,PMC4079059,10.1111/mmi.12650,low_conf,
Bio-protocol-3724,https://elifesciences.org/articles/03198#s4,,,,,no_pmc,
Bio-protocol-3725,http://www.ncbi.nlm.nih.gov/pubmed/24901344,https://pubmed.ncbi.nlm.nih.gov/24901344/,24901344,PMC4047107,10.1371/journal.ppat.1004149,low_conf,
Bio-protocol-3727,https://pubmed.ncbi.nlm.nih.gov/24843077/,https://pubmed.ncbi.nlm.nih.gov/24843077/,24843077,PMC4081328,10.1104/pp.114.238899,low_conf,
Bio-protocol-3726,https://pubmed.ncbi.nlm.nih.gov/24843077/,https://pubmed.ncbi.nlm.nih.gov/24843077/,24843077,PMC4081328,10.1104/pp.114.238899,low_conf,
Bio-protocol-3729,http://www.ncbi.nlm.nih.gov/pubmed/24590075,https://pubmed.ncbi.nlm.nih.gov/24590075/,24590075,PMC4142212,10.1038/nature13045,low_conf,
Bio-protocol-3728,http://www.ncbi.nlm.nih.gov/pubmed/24991816,https://pubmed.ncbi.nlm.nih.gov/24991816/,24991816,PMC4081775,10.1371/journal.ppat.1004188,low_conf,
Bio-protocol-3730,http://www.ncbi.nlm.nih.gov/pubmed/24748613,https://pubmed.ncbi.nlm.nih.gov/24748613/,24748613,PMC4054165,10.1128/JB.01563-14,low_conf,
Bio-protocol-3731,http://www.ncbi.nlm.nih.gov/pubmed/24591055,https://pubmed.ncbi.nlm.nih.gov/24591055/,24591055,PMC3991738,10.1093/jxb/eru051,low_conf,
Bio-protocol-3732,http://www.ncbi.nlm.nih.gov/pubmed/24591055,https://pubmed.ncbi.nlm.nih.gov/24591055/,24591055,PMC3991738,10.1093/jxb/eru051,low_conf,
Bio-protocol-3733,http://www.jneurosci.org/content/33/50/19715.long,,,,,no_pmc,
Bio-protocol-3735,http://www.ncbi.nlm.nih.gov/pubmed/24926022,https://pubmed.ncbi.nlm.nih.gov/24926022/,24926022,,,error,Identifier not found in PMC
Bio-protocol-3737,http://www.ncbi.nlm.nih.gov/pubmed/24134710,https://pubmed.ncbi.nlm.nih.gov/24134710/,24134710,PMC3881292,10.1111/mmi.12432,low_conf,
Bio-protocol-3736,https://pubmed.ncbi.nlm.nih.gov/24920444/,https://pubmed.ncbi.nlm.nih.gov/24920444/,24920444,PMC4119052,10.1104/pp.114.236448,low_conf,
Bio-protocol-3734,http://www.ncbi.nlm.nih.gov/pubmed/24637173,https://pubmed.ncbi.nlm.nih.gov/24637173/,24637173,,,error,Identifier not found in PMC
Bio-protocol-3738,http://www.ncbi.nlm.nih.gov/pubmed/23318438,https://pubmed.ncbi.nlm.nih.gov/23318438/,23318438,PMC3998093,10.1038/onc.2012.565,low_conf,
Bio-protocol-3739,http://www.ncbi.nlm.nih.gov/pubmed/24709263,https://pubmed.ncbi.nlm.nih.gov/24709263/,24709263,PMC4068423,10.1128/AAC.02619-14,low_conf,
Bio-protocol-3741,http://www.ncbi.nlm.nih.gov/pubmed/24681620,https://pubmed.ncbi.nlm.nih.gov/24681620/,24681620,PMC4001378,10.1105/tpc.114.123919,low_conf,
Bio-protocol-3740,http://www.ncbi.nlm.nih.gov/pubmed/24684685,https://pubmed.ncbi.nlm.nih.gov/24684685/,24684685,PMC4190661,10.1111/tpj.12523,low_conf,
Bio-protocol-3743,http://www.ncbi.nlm.nih.gov/pubmed/25004790,https://pubmed.ncbi.nlm.nih.gov/25004790/,25004790,PMC4110548,10.1186/1471-2229-14-182,low_conf,
Bio-protocol-3742,http://www.ncbi.nlm.nih.gov/pubmed/24307639,https://pubmed.ncbi.nlm.nih.gov/24307639/,24307639,,,error,Identifier not found in PMC
Bio-protocol-3745,http://www.ncbi.nlm.nih.gov/pubmed/24372390,https://pubmed.ncbi.nlm.nih.gov/24372390/,24372390,PMC4337425,10.1111/nph.12650,low_conf,
Bio-protocol-3744,http://www.ncbi.nlm.nih.gov/pubmed/25335568,https://pubmed.ncbi.nlm.nih.gov/25335568/,25335568,,,error,Identifier not found in PMC
Bio-protocol-3746,http://www.ncbi.nlm.nih.gov/pubmed/24829345,https://pubmed.ncbi.nlm.nih.gov/24829345/,24829345,PMC4135960,10.1128/JVI.00724-14,low_conf,
Bio-protocol-3748,http://www.ncbi.nlm.nih.gov/pubmed/23712682,https://pubmed.ncbi.nlm.nih.gov/23712682/,23712682,,,error,Identifier not found in PMC
Bio-protocol-3750,http://www.ncbi.nlm.nih.gov/pubmed/24336940,https://pubmed.ncbi.nlm.nih.gov/24336940/,24336940,PMC3957706,10.1128/JB.00985-13,low_conf,
Bio-protocol-3749,http://www.ncbi.nlm.nih.gov/pubmed/22265676,https://pubmed.ncbi.nlm.nih.gov/22265676/,22265676,PMC3752833,10.1016/j.immuni.2012.01.002,low_conf,
Bio-protocol-3747,http://www.ncbi.nlm.nih.gov/pubmed/23712682,https://pubmed.ncbi.nlm.nih.gov/23712682/,23712682,,,error,Identifier not found in PMC
Bio-protocol-3751,http://www.ncbi.nlm.nih.gov/pubmed/25100661,https://pubmed.ncbi.nlm.nih.gov/25100661/,25100661,,,error,Identifier not found in PMC
Bio-protocol-3752,https://pubmed.ncbi.nlm.nih.gov/24812107/,https://pubmed.ncbi.nlm.nih.gov/24812107/,24812107,PMC4081331,10.1104/pp.114.236901,low_conf,
Bio-protocol-3753,http://www.ncbi.nlm.nih.gov/pubmed/24419349,https://pubmed.ncbi.nlm.nih.gov/24419349/,24419349,PMC4023746,10.1128/AAC.02351-13,low_conf,
Bio-protocol-3754,http://www.ncbi.nlm.nih.gov/pubmed/24419349,https://pubmed.ncbi.nlm.nih.gov/24419349/,24419349,PMC4023746,10.1128/AAC.02351-13,low_conf,
Bio-protocol-3756,http://www.ncbi.nlm.nih.gov/pubmed/24717514,https://pubmed.ncbi.nlm.nih.gov/24717514/,24717514,PMC4107212,10.1038/nature13198,low_conf,
Bio-protocol-3755,http://www.ncbi.nlm.nih.gov/pubmed/23427153,https://pubmed.ncbi.nlm.nih.gov/23427153/,23427153,PMC3624286,10.1128/JVI.02736-12,low_conf,
Bio-protocol-3757,http://www.ncbi.nlm.nih.gov/pubmed/23851495,https://pubmed.ncbi.nlm.nih.gov/23851495/,23851495,PMC4096338,10.1038/onc.2013.279,low_conf,
Bio-protocol-3760,http://www.ncbi.nlm.nih.gov/pubmed/24241396,https://pubmed.ncbi.nlm.nih.gov/24241396/,24241396,,,error,Identifier not found in PMC
Bio-protocol-3758,http://www.ncbi.nlm.nih.gov/pubmed/23939832,https://pubmed.ncbi.nlm.nih.gov/23939832/,23939832,PMC4030585,10.1002/path.4248,low_conf,
Bio-protocol-3759,https://elifesciences.org/articles/00800#s5,,,,,no_pmc,
Bio-protocol-3763,http://www.ncbi.nlm.nih.gov/pubmed/24500839,https://pubmed.ncbi.nlm.nih.gov/24500839/,24500839,,,error,Identifier not found in PMC
Bio-protocol-3764,http://www.ncbi.nlm.nih.gov/pubmed/24271005,https://pubmed.ncbi.nlm.nih.gov/24271005/,24271005,PMC3928532,10.1007/s00425-013-1998-6,low_conf,
Bio-protocol-3762,https://pubmed.ncbi.nlm.nih.gov/24515832/,https://pubmed.ncbi.nlm.nih.gov/24515832/,24515832,PMC3982749,10.1104/pp.113.233262,low_conf,
Bio-protocol-3761,http://www.ncbi.nlm.nih.gov/pubmed/19020838,https://pubmed.ncbi.nlm.nih.gov/19020838/,19020838,PMC4436148,10.1007/978-1-59745-170-3_25,low_conf,
Bio-protocol-3766,http://www.ncbi.nlm.nih.gov/pubmed/24554660,https://pubmed.ncbi.nlm.nih.gov/24554660/,24554660,PMC3993799,10.1128/JVI.03241-13,low_conf,
Bio-protocol-3765,http://www.ncbi.nlm.nih.gov/pubmed/24335304,https://pubmed.ncbi.nlm.nih.gov/24335304/,24335304,PMC3911571,10.1128/JVI.02308-13,low_conf,
Bio-protocol-3769,https://pubmed.ncbi.nlm.nih.gov/24569845/,https://pubmed.ncbi.nlm.nih.gov/24569845/,24569845,PMC4012596,10.1104/pp.113.222596,low_conf,
Bio-protocol-3768,http://www.ncbi.nlm.nih.gov/pubmed/24619613,https://pubmed.ncbi.nlm.nih.gov/24619613/,24619613,PMC4001377,10.1105/tpc.113.120444,low_conf,
Bio-protocol-3767,http://www.ncbi.nlm.nih.gov/pubmed/24532595,https://pubmed.ncbi.nlm.nih.gov/24532595/,24532595,PMC3967028,10.1105/tpc.113.121335,low_conf,
Bio-protocol-3770,http://www.ncbi.nlm.nih.gov/pubmed/24831512,https://pubmed.ncbi.nlm.nih.gov/24831512/,24831512,,,error,Identifier not found in PMC
Bio-protocol-3771,http://www.ncbi.nlm.nih.gov/pubmed/24854167,https://pubmed.ncbi.nlm.nih.gov/24854167/,24854167,PMC4071097,10.1093/aob/mcu076,low_conf,
Bio-protocol-3772,http://www.ncbi.nlm.nih.gov/pubmed/24571782,https://pubmed.ncbi.nlm.nih.gov/24571782/,24571782,PMC4288972,10.1111/nph.12723,low_conf,
Bio-protocol-3773,http://www.ncbi.nlm.nih.gov/pubmed/24681887,https://pubmed.ncbi.nlm.nih.gov/24681887/,24681887,PMC4068146,10.1038/nsmb.2801,low_conf,
Bio-protocol-3774,https://pubmed.ncbi.nlm.nih.gov/24367018/,https://pubmed.ncbi.nlm.nih.gov/24367018/,24367018,PMC3912082,10.1104/pp.113.227637,low_conf,
Bio-protocol-3814,http://www.ncbi.nlm.nih.gov/pubmed/24563199,https://pubmed.ncbi.nlm.nih.gov/24563199/,24563199,PMC3967026,10.1105/tpc.114.122721,low_conf,
Bio-protocol-3815,http://www.ncbi.nlm.nih.gov/pubmed/24563199,https://pubmed.ncbi.nlm.nih.gov/24563199/,24563199,PMC3967026,10.1105/tpc.114.122721,low_conf,
Bio-protocol-3817,http://www.ncbi.nlm.nih.gov/pubmed/24681597,https://pubmed.ncbi.nlm.nih.gov/24681597/,24681597,PMC3982140,10.1038/nm.3490,low_conf,
Bio-protocol-3816,http://www.ncbi.nlm.nih.gov/pubmed/24565378,https://pubmed.ncbi.nlm.nih.gov/24565378/,24565378,PMC3941799,10.1186/1742-2094-11-34,low_conf,
Bio-protocol-3819,http://www.ncbi.nlm.nih.gov/pubmed/24777061,https://pubmed.ncbi.nlm.nih.gov/24777061/,24777061,PMC6168318,10.1038/nsmb.2818,low_conf,
Bio-protocol-3818,http://www.ncbi.nlm.nih.gov/pubmed/24681597,https://pubmed.ncbi.nlm.nih.gov/24681597/,24681597,PMC3982140,10.1038/nm.3490,low_conf,
Bio-protocol-3822,http://www.ncbi.nlm.nih.gov/pubmed/24397827,https://pubmed.ncbi.nlm.nih.gov/24397827/,24397827,,,error,Identifier not found in PMC
Bio-protocol-3820,http://www.ncbi.nlm.nih.gov/pubmed/24520899,https://pubmed.ncbi.nlm.nih.gov/24520899/,24520899,,,error,Identifier not found in PMC
Bio-protocol-3821,http://www.ncbi.nlm.nih.gov/pubmed/24528504,https://pubmed.ncbi.nlm.nih.gov/24528504/,24528504,,,error,Identifier not found in PMC
Bio-protocol-3824,http://www.ncbi.nlm.nih.gov/pubmed/24885279,https://pubmed.ncbi.nlm.nih.gov/24885279/,24885279,PMC4101873,10.1186/1471-2180-14-119,low_conf,
Bio-protocol-3828,http://www.ncbi.nlm.nih.gov/pubmed/23708666,https://pubmed.ncbi.nlm.nih.gov/23708666/,23708666,PMC3898310,10.1038/onc.2013.189,low_conf,
Bio-protocol-3825,http://www.ncbi.nlm.nih.gov/pubmed/24600018,https://pubmed.ncbi.nlm.nih.gov/24600018/,24600018,PMC3991742,10.1093/jxb/eru065,low_conf,
Bio-protocol-3823,http://www.ncbi.nlm.nih.gov/pubmed/24885279,https://pubmed.ncbi.nlm.nih.gov/24885279/,24885279,PMC4101873,10.1186/1471-2180-14-119,low_conf,
Bio-protocol-3826,http://www.ncbi.nlm.nih.gov/pubmed/24383541,https://pubmed.ncbi.nlm.nih.gov/24383541/,24383541,,,error,Identifier not found in PMC
Bio-protocol-3827,http://www.ncbi.nlm.nih.gov/pubmed/23792689,https://pubmed.ncbi.nlm.nih.gov/23792689/,23792689,PMC3725990,10.1038/ncb2791,low_conf,
Bio-protocol-3830,http://www.ncbi.nlm.nih.gov/pubmed/24717514,https://pubmed.ncbi.nlm.nih.gov/24717514/,24717514,PMC4107212,10.1038/nature13198,low_conf,
Bio-protocol-3829,http://www.ncbi.nlm.nih.gov/pubmed/24453973,https://pubmed.ncbi.nlm.nih.gov/24453973/,24453973,PMC3894212,10.1371/journal.ppat.1003881,low_conf,
Bio-protocol-3831,http://www.ncbi.nlm.nih.gov/pubmed/23885077,https://pubmed.ncbi.nlm.nih.gov/23885077/,23885077,PMC3807413,10.1128/JVI.01539-13,low_conf,
Bio-protocol-3833,http://www.jbc.org/content/289/3/1441.long,,,,,no_pmc,
Bio-protocol-3835,https://pubmed.ncbi.nlm.nih.gov/24225654/,https://pubmed.ncbi.nlm.nih.gov/24225654/,24225654,PMC3875812,10.1104/pp.113.227686,low_conf,
Bio-protocol-3834,http://www.ncbi.nlm.nih.gov/pubmed/24417419,https://pubmed.ncbi.nlm.nih.gov/24417419/,24417419,,,error,Identifier not found in PMC
Bio-protocol-3832,http://www.ncbi.nlm.nih.gov/pubmed/24765583,https://pubmed.ncbi.nlm.nih.gov/24765583/,24765583,PMC3994636,10.7717/peerj.349,low_conf,
Bio-protocol-3836,http://www.ncbi.nlm.nih.gov/pubmed/24574392,https://pubmed.ncbi.nlm.nih.gov/24574392/,24574392,PMC3993792,10.1128/JVI.00252-14,low_conf,
Bio-protocol-3838,http://www.ncbi.nlm.nih.gov/pubmed/24531762,https://pubmed.ncbi.nlm.nih.gov/24531762/,24531762,PMC4697943,10.1038/nature12971,low_conf,
Bio-protocol-3840,http://www.ncbi.nlm.nih.gov/pubmed/22366688,https://pubmed.ncbi.nlm.nih.gov/22366688/,22366688,,,error,Identifier not found in PMC
Bio-protocol-3841,http://www.ncbi.nlm.nih.gov/pubmed/24684847,https://pubmed.ncbi.nlm.nih.gov/24684847/,24684847,,,error,Identifier not found in PMC
Bio-protocol-3839,http://www.ncbi.nlm.nih.gov/pubmed/24170326,https://pubmed.ncbi.nlm.nih.gov/24170326/,24170326,,,error,Identifier not found in PMC
Bio-protocol-3843,http://www.jneurosci.org/content/34/15/5322.long,,,,,no_pmc,
Bio-protocol-3845,https://pubmed.ncbi.nlm.nih.gov/24578507/,https://pubmed.ncbi.nlm.nih.gov/24578507/,24578507,PMC3982769,10.1104/pp.113.233270,low_conf,
Bio-protocol-3844,http://www.ncbi.nlm.nih.gov/pubmed/23651217,https://pubmed.ncbi.nlm.nih.gov/23651217/,23651217,,,error,Identifier not found in PMC
Bio-protocol-3846,http://www.ncbi.nlm.nih.gov/pubmed/24517843,https://pubmed.ncbi.nlm.nih.gov/24517843/,24517843,,,error,Identifier not found in PMC
Bio-protocol-3847,http://www.ncbi.nlm.nih.gov/pubmed/24368788,https://pubmed.ncbi.nlm.nih.gov/24368788/,24368788,PMC3903999,10.1105/tpc.113.116947,low_conf,
Bio-protocol-3848,http://www.ncbi.nlm.nih.gov/pubmed/24339278,https://pubmed.ncbi.nlm.nih.gov/24339278/,24339278,,,error,Identifier not found in PMC
Bio-protocol-3849,http://www.ncbi.nlm.nih.gov/pubmed/24403594,https://pubmed.ncbi.nlm.nih.gov/24403594/,24403594,PMC3993546,10.1128/JVI.03663-13,low_conf,
Bio-protocol-3842,http://www.ncbi.nlm.nih.gov/pubmed/24684847,https://pubmed.ncbi.nlm.nih.gov/24684847/,24684847,,,error,Identifier not found in PMC
Bio-protocol-3850,http://www.ncbi.nlm.nih.gov/pubmed/24428662,https://pubmed.ncbi.nlm.nih.gov/24428662/,24428662,,,error,Identifier not found in PMC
Bio-protocol-3851,http://www.ncbi.nlm.nih.gov/pubmed/24428662,https://pubmed.ncbi.nlm.nih.gov/24428662/,24428662,,,error,Identifier not found in PMC
Bio-protocol-3852,http://www.ncbi.nlm.nih.gov/pubmed/24684269,https://pubmed.ncbi.nlm.nih.gov/24684269/,24684269,PMC4235344,10.1111/mmi.12597,low_conf,
Bio-protocol-3853,http://www.ncbi.nlm.nih.gov/pubmed/24684269,https://pubmed.ncbi.nlm.nih.gov/24684269/,24684269,PMC4235344,10.1111/mmi.12597,low_conf,
Bio-protocol-3855,http://www.ncbi.nlm.nih.gov/pubmed/23144170,https://pubmed.ncbi.nlm.nih.gov/23144170/,23144170,,,error,Identifier not found in PMC
Bio-protocol-3854,http://www.ncbi.nlm.nih.gov/pubmed/24268160,https://pubmed.ncbi.nlm.nih.gov/24268160/,24268160,,,error,Identifier not found in PMC
Bio-protocol-3858,http://www.ncbi.nlm.nih.gov/pubmed/24465179,https://pubmed.ncbi.nlm.nih.gov/24465179/,24465179,PMC3897375,10.1371/journal.pbio.1001771,low_conf,
Bio-protocol-3860,http://www.ncbi.nlm.nih.gov/pubmed/24528864,https://pubmed.ncbi.nlm.nih.gov/24528864/,24528864,,,error,Identifier not found in PMC
Bio-protocol-3856,https://pubmed.ncbi.nlm.nih.gov/24647477/,https://pubmed.ncbi.nlm.nih.gov/24647477/,24647477,PMC4012576,10.1104/pp.113.234989,low_conf,
Bio-protocol-3862,http://www.ncbi.nlm.nih.gov/pubmed/24438546,https://pubmed.ncbi.nlm.nih.gov/24438546/,24438546,,,error,Identifier not found in PMC
Bio-protocol-3857,http://www.ncbi.nlm.nih.gov/pubmed/24155382,https://pubmed.ncbi.nlm.nih.gov/24155382/,24155382,PMC3911693,10.1128/JVI.02141-13,low_conf,
Bio-protocol-3859,http://www.ncbi.nlm.nih.gov/pubmed/24465179,https://pubmed.ncbi.nlm.nih.gov/24465179/,24465179,PMC3897375,10.1371/journal.pbio.1001771,low_conf,
Bio-protocol-3863,http://www.ncbi.nlm.nih.gov/pubmed/24438546,https://pubmed.ncbi.nlm.nih.gov/24438546/,24438546,,,error,Identifier not found in PMC
Bio-protocol-3864,http://www.ncbi.nlm.nih.gov/pubmed/24509429,https://pubmed.ncbi.nlm.nih.gov/24509429/,24509429,,,error,Identifier not found in PMC
Bio-protocol-3861,http://www.ncbi.nlm.nih.gov/pubmed/24528864,https://pubmed.ncbi.nlm.nih.gov/24528864/,24528864,,,error,Identifier not found in PMC
Bio-protocol-3865,http://www.ncbi.nlm.nih.gov/pubmed/24453360,https://pubmed.ncbi.nlm.nih.gov/24453360/,24453360,PMC3993542,10.1128/JVI.03456-13,low_conf,
Bio-protocol-3866,http://www.ncbi.nlm.nih.gov/pubmed/24809459,https://pubmed.ncbi.nlm.nih.gov/24809459/,24809459,PMC4014462,10.1371/journal.ppat.1004115,low_conf,
Bio-protocol-3867,http://www.ncbi.nlm.nih.gov/pubmed/24282280,https://pubmed.ncbi.nlm.nih.gov/24282280/,24282280,PMC3947020,10.1158/0008-5472.CAN-13-1713,low_conf,
Bio-protocol-3869,http://www.jbc.org/content/289/1/100.long,,,,,no_pmc,
Bio-protocol-3868,https://pubmed.ncbi.nlm.nih.gov/24696520/,https://pubmed.ncbi.nlm.nih.gov/24696520/,24696520,PMC4012589,10.1104/pp.114.236430,low_conf,
Bio-protocol-3870,http://www.ncbi.nlm.nih.gov/pubmed/24610723,https://pubmed.ncbi.nlm.nih.gov/24610723/,24610723,PMC4001374,10.1105/tpc.114.122903,low_conf,
Bio-protocol-3871,http://www.ncbi.nlm.nih.gov/pubmed/24412610,https://pubmed.ncbi.nlm.nih.gov/24412610/,24412610,PMC3895174,10.1016/j.immuni.2013.12.004,low_conf,
Bio-protocol-3872,http://www.ncbi.nlm.nih.gov/pubmed/24283937,https://pubmed.ncbi.nlm.nih.gov/24283937/,24283937,,,error,Identifier not found in PMC
Bio-protocol-3873,https://pubmed.ncbi.nlm.nih.gov/24449710/,https://pubmed.ncbi.nlm.nih.gov/24449710/,24449710,PMC3938613,10.1104/pp.113.228593,low_conf,
Bio-protocol-3874,http://www.ncbi.nlm.nih.gov/pubmed/24482435,https://pubmed.ncbi.nlm.nih.gov/24482435/,24482435,,,error,Identifier not found in PMC
Bio-protocol-3878,http://www.ncbi.nlm.nih.gov/pubmed/24531762,https://pubmed.ncbi.nlm.nih.gov/24531762/,24531762,PMC4697943,10.1038/nature12971,low_conf,
Bio-protocol-3876,http://www.jneurosci.org/content/33/20/8596.long,,,,,no_pmc,
Bio-protocol-3875,http://www.ncbi.nlm.nih.gov/pubmed/24118159,https://pubmed.ncbi.nlm.nih.gov/24118159/,24118159,,,error,Identifier not found in PMC
Bio-protocol-3881,http://www.ncbi.nlm.nih.gov/pubmed/24441682,https://pubmed.ncbi.nlm.nih.gov/24441682/,24441682,,,error,Identifier not found in PMC
Bio-protocol-3877,http://www.ncbi.nlm.nih.gov/pubmed/24346431,https://pubmed.ncbi.nlm.nih.gov/24346431/,24346431,PMC3944405,10.1158/0008-5472.CAN-13-2800,low_conf,
Bio-protocol-3880,https://pubmed.ncbi.nlm.nih.gov/24586042/,https://pubmed.ncbi.nlm.nih.gov/24586042/,24586042,PMC3982773,10.1104/pp.114.235598,low_conf,
Bio-protocol-3879,http://www.ncbi.nlm.nih.gov/pubmed/24223901,https://pubmed.ncbi.nlm.nih.gov/24223901/,24223901,PMC3818420,10.1371/journal.pone.0079175,low_conf,
Bio-protocol-3884,http://www.ncbi.nlm.nih.gov/pubmed/24339780,https://pubmed.ncbi.nlm.nih.gov/24339780/,24339780,PMC3855554,10.1371/journal.ppat.1003803,low_conf,
Bio-protocol-3883,http://www.ncbi.nlm.nih.gov/pubmed/24491113,https://pubmed.ncbi.nlm.nih.gov/24491113/,24491113,PMC4284032,10.1111/nph.12596,low_conf,
Bio-protocol-3882,http://www.ncbi.nlm.nih.gov/pubmed/24441682,https://pubmed.ncbi.nlm.nih.gov/24441682/,24441682,,,error,Identifier not found in PMC
Bio-protocol-3887,http://www.ncbi.nlm.nih.gov/pubmed/23689717,https://pubmed.ncbi.nlm.nih.gov/23689717/,23689717,PMC3719733,10.1128/AAC.00365-13,low_conf,
Bio-protocol-3885,http://www.ncbi.nlm.nih.gov/pubmed/24339780,https://pubmed.ncbi.nlm.nih.gov/24339780/,24339780,PMC3855554,10.1371/journal.ppat.1003803,low_conf,
Bio-protocol-3890,http://www.ncbi.nlm.nih.gov/pubmed/23365075,https://pubmed.ncbi.nlm.nih.gov/23365075/,23365075,,,error,Identifier not found in PMC
Bio-protocol-3886,http://www.ncbi.nlm.nih.gov/pubmed/24596241,https://pubmed.ncbi.nlm.nih.gov/24596241/,24596241,PMC4001385,10.1105/tpc.113.116244,low_conf,
Bio-protocol-3889,http://www.ncbi.nlm.nih.gov/pubmed/23729648,https://pubmed.ncbi.nlm.nih.gov/23729648/,23729648,PMC3719536,10.1128/JB.00378-13,low_conf,
Bio-protocol-3888,http://link.springer.com/article/10.1186/1742-2094-9-216,,,,,no_pmc,
Bio-protocol-3891,http://www.ncbi.nlm.nih.gov/pubmed/23365075,https://pubmed.ncbi.nlm.nih.gov/23365075/,23365075,,,error,Identifier not found in PMC
Bio-protocol-3892,https://pubmed.ncbi.nlm.nih.gov/24335509/,https://pubmed.ncbi.nlm.nih.gov/24335509/,24335509,PMC3912094,10.1104/pp.113.229591,low_conf,
Bio-protocol-3893,https://pubmed.ncbi.nlm.nih.gov/24368335/,https://pubmed.ncbi.nlm.nih.gov/24368335/,24368335,PMC3912090,10.1104/pp.113.230326,low_conf,
Bio-protocol-3894,http://www.ncbi.nlm.nih.gov/pubmed/24367257,https://pubmed.ncbi.nlm.nih.gov/24367257/,24367257,PMC3868517,10.1371/journal.ppat.1003792,low_conf,
Bio-protocol-3896,http://www.ncbi.nlm.nih.gov/pubmed/24339777,https://pubmed.ncbi.nlm.nih.gov/24339777/,24339777,PMC3855560,10.1371/journal.ppat.1003788,low_conf,
Bio-protocol-3897,http://www.ncbi.nlm.nih.gov/pubmed/24068926,https://pubmed.ncbi.nlm.nih.gov/24068926/,24068926,PMC3771891,10.1371/journal.ppat.1003606,low_conf,
Bio-protocol-3898,http://www.ncbi.nlm.nih.gov/pubmed/24637688,https://pubmed.ncbi.nlm.nih.gov/24637688/,24637688,PMC4068442,10.1128/AAC.00115-14,low_conf,
Bio-protocol-3901,http://www.ncbi.nlm.nih.gov/pubmed/23086498,https://pubmed.ncbi.nlm.nih.gov/23086498/,23086498,,,error,Identifier not found in PMC
Bio-protocol-3899,http://www.ncbi.nlm.nih.gov/pubmed/24104566,https://pubmed.ncbi.nlm.nih.gov/24104566/,24104566,PMC3877809,10.1105/tpc.113.117010,low_conf,
Bio-protocol-3902,http://www.ncbi.nlm.nih.gov/pubmed/24004104,https://pubmed.ncbi.nlm.nih.gov/24004104/,24004104,,,error,Identifier not found in PMC
Bio-protocol-3904,http://www.ncbi.nlm.nih.gov/pubmed/24348252,https://pubmed.ncbi.nlm.nih.gov/24348252/,24348252,PMC3861542,10.1371/journal.ppat.1003802,low_conf,
Bio-protocol-3903,http://www.ncbi.nlm.nih.gov/pubmed/24348252,https://pubmed.ncbi.nlm.nih.gov/24348252/,24348252,PMC3861542,10.1371/journal.ppat.1003802,low_conf,
Bio-protocol-3895,http://www.ncbi.nlm.nih.gov/pubmed/23897660,https://pubmed.ncbi.nlm.nih.gov/23897660/,23897660,PMC3812352,10.1002/stem.1481,low_conf,
Bio-protocol-3906,http://www.ncbi.nlm.nih.gov/pubmed/23956122,https://pubmed.ncbi.nlm.nih.gov/23956122/,23956122,,,error,Identifier not found in PMC
Bio-protocol-3907,http://www.ncbi.nlm.nih.gov/pubmed/24112771,https://pubmed.ncbi.nlm.nih.gov/24112771/,24112771,,,error,Identifier not found in PMC
Bio-protocol-3905,https://pubmed.ncbi.nlm.nih.gov/24351685/,https://pubmed.ncbi.nlm.nih.gov/24351685/,24351685,PMC3912095,10.1104/pp.113.229054,low_conf,
Bio-protocol-3908,http://www.ncbi.nlm.nih.gov/pubmed/24118544,https://pubmed.ncbi.nlm.nih.gov/24118544/,24118544,PMC3907285,10.1111/mmi.12416,low_conf,
Bio-protocol-3910,http://www.ncbi.nlm.nih.gov/pubmed/24332032,https://pubmed.ncbi.nlm.nih.gov/24332032/,24332032,,,error,Identifier not found in PMC
Bio-protocol-3909,http://www.ncbi.nlm.nih.gov/pubmed/24118544,https://pubmed.ncbi.nlm.nih.gov/24118544/,24118544,PMC3907285,10.1111/mmi.12416,low_conf,
Bio-protocol-3912,http://www.ncbi.nlm.nih.gov/pubmed/24465440,https://pubmed.ncbi.nlm.nih.gov/24465440/,24465440,PMC3897402,10.1371/journal.pone.0084853,low_conf,
Bio-protocol-3911,http://www.ncbi.nlm.nih.gov/pubmed/24332032,https://pubmed.ncbi.nlm.nih.gov/24332032/,24332032,,,error,Identifier not found in PMC
Bio-protocol-3913,http://www.ncbi.nlm.nih.gov/pubmed/24048821,https://pubmed.ncbi.nlm.nih.gov/24048821/,24048821,,,error,Identifier not found in PMC
Bio-protocol-3914,http://www.ncbi.nlm.nih.gov/pubmed/24048821,https://pubmed.ncbi.nlm.nih.gov/24048821/,24048821,,,error,Identifier not found in PMC
Bio-protocol-3915,http://www.ncbi.nlm.nih.gov/pubmed/24399177,https://pubmed.ncbi.nlm.nih.gov/24399177/,24399177,,,error,Identifier not found in PMC
Bio-protocol-3917,http://www.ncbi.nlm.nih.gov/pubmed/24098147,https://pubmed.ncbi.nlm.nih.gov/24098147/,24098147,PMC3789834,10.1371/journal.pgen.1003840,low_conf,
Bio-protocol-3916,http://www.ncbi.nlm.nih.gov/pubmed/24399177,https://pubmed.ncbi.nlm.nih.gov/24399177/,24399177,,,error,Identifier not found in PMC
Bio-protocol-3919,http://www.ncbi.nlm.nih.gov/pubmed/24335304,https://pubmed.ncbi.nlm.nih.gov/24335304/,24335304,PMC3911571,10.1128/JVI.02308-13,low_conf,
Bio-protocol-3918,https://pubmed.ncbi.nlm.nih.gov/24449710/,https://pubmed.ncbi.nlm.nih.gov/24449710/,24449710,PMC3938613,10.1104/pp.113.228593,low_conf,
Bio-protocol-3920,http://www.ncbi.nlm.nih.gov/pubmed/24416334,https://pubmed.ncbi.nlm.nih.gov/24416334/,24416334,PMC3885659,10.1371/journal.pone.0085009,low_conf,
Bio-protocol-3924,http://www.ncbi.nlm.nih.gov/pubmed/23815755,https://pubmed.ncbi.nlm.nih.gov/23815755/,23815755,,,error,Identifier not found in PMC
Bio-protocol-3922,http://www.ncbi.nlm.nih.gov/pubmed/23950709,https://pubmed.ncbi.nlm.nih.gov/23950709/,23950709,PMC3738494,10.1371/journal.ppat.1003514,low_conf,
Bio-protocol-3921,http://www.ncbi.nlm.nih.gov/pubmed/23950709,https://pubmed.ncbi.nlm.nih.gov/23950709/,23950709,PMC3738494,10.1371/journal.ppat.1003514,low_conf,
Bio-protocol-3923,http://www.ncbi.nlm.nih.gov/pubmed/23995641,https://pubmed.ncbi.nlm.nih.gov/23995641/,23995641,PMC3811591,10.1128/JB.00669-13,low_conf,
Bio-protocol-3925,http://www.ncbi.nlm.nih.gov/pubmed/24340008,https://pubmed.ncbi.nlm.nih.gov/24340008/,24340008,PMC3855394,10.1371/journal.pone.0082237,low_conf,
Bio-protocol-3926,http://www.ncbi.nlm.nih.gov/pubmed/24315997,https://pubmed.ncbi.nlm.nih.gov/24315997/,24315997,PMC3865363,10.1016/j.immuni.2013.10.018,low_conf,
Bio-protocol-3929,http://www.ncbi.nlm.nih.gov/pubmed/23825946,https://pubmed.ncbi.nlm.nih.gov/23825946/,23825946,PMC3694848,10.1371/journal.ppat.1003446,low_conf,
Bio-protocol-3931,http://www.ncbi.nlm.nih.gov/pubmed/24004048,https://pubmed.ncbi.nlm.nih.gov/24004048/,24004048,,,error,Identifier not found in PMC
Bio-protocol-3930,http://www.ncbi.nlm.nih.gov/pubmed/24004048,https://pubmed.ncbi.nlm.nih.gov/24004048/,24004048,,,error,Identifier not found in PMC
Bio-protocol-3928,http://www.ncbi.nlm.nih.gov/pubmed/23509268,https://pubmed.ncbi.nlm.nih.gov/23509268/,23509268,PMC3619347,10.1073/pnas.1219047110,low_conf,
Bio-protocol-3932,http://www.ncbi.nlm.nih.gov/pubmed/24067976,https://pubmed.ncbi.nlm.nih.gov/24067976/,24067976,PMC3838259,10.1128/JVI.01415-13,low_conf,
Bio-protocol-3933,http://www.ncbi.nlm.nih.gov/pubmed/24405035,https://pubmed.ncbi.nlm.nih.gov/24405035/,24405035,,,error,Identifier not found in PMC
Bio-protocol-3936,http://www.ncbi.nlm.nih.gov/pubmed/24145541,https://pubmed.ncbi.nlm.nih.gov/24145541/,24145541,PMC3910773,10.1128/AAC.01795-13,low_conf,
Bio-protocol-3934,http://www.ncbi.nlm.nih.gov/pubmed/24405035,https://pubmed.ncbi.nlm.nih.gov/24405035/,24405035,,,error,Identifier not found in PMC
Bio-protocol-3935,http://www.ncbi.nlm.nih.gov/pubmed/24145541,https://pubmed.ncbi.nlm.nih.gov/24145541/,24145541,PMC3910773,10.1128/AAC.01795-13,low_conf,
Bio-protocol-3937,http://www.ncbi.nlm.nih.gov/pubmed/24088817,https://pubmed.ncbi.nlm.nih.gov/24088817/,24088817,,,error,Identifier not found in PMC
Bio-protocol-3939,http://www.ncbi.nlm.nih.gov/pubmed/23302027,https://pubmed.ncbi.nlm.nih.gov/23302027/,23302027,,,error,Identifier not found in PMC
Bio-protocol-3941,http://www.ncbi.nlm.nih.gov/pubmed/23689707,https://pubmed.ncbi.nlm.nih.gov/23689707/,23689707,PMC3719708,10.1128/AAC.00195-13,low_conf,
Bio-protocol-3940,http://www.ncbi.nlm.nih.gov/pubmed/23689707,https://pubmed.ncbi.nlm.nih.gov/23689707/,23689707,PMC3719708,10.1128/AAC.00195-13,low_conf,
Bio-protocol-3938,http://www.ncbi.nlm.nih.gov/pubmed/23966856,https://pubmed.ncbi.nlm.nih.gov/23966856/,23966856,PMC3744435,10.1371/journal.ppat.1003525,low_conf,
Bio-protocol-3942,http://www.ncbi.nlm.nih.gov/pubmed/24122830,https://pubmed.ncbi.nlm.nih.gov/24122830/,24122830,PMC3877797,10.1105/tpc.113.118042,low_conf,
Bio-protocol-3943,http://www.ncbi.nlm.nih.gov/pubmed/22684256,https://pubmed.ncbi.nlm.nih.gov/22684256/,22684256,,,error,Identifier not found in PMC
Bio-protocol-3944,http://www.ncbi.nlm.nih.gov/pubmed/23542786,https://pubmed.ncbi.nlm.nih.gov/23542786/,23542786,,,error,Identifier not found in PMC
Bio-protocol-3945,http://www.ncbi.nlm.nih.gov/pubmed/24013630,https://pubmed.ncbi.nlm.nih.gov/24013630/,24013630,PMC3811596,10.1128/JB.00672-13,low_conf,
Bio-protocol-3946,http://www.ncbi.nlm.nih.gov/pubmed/24478943,https://pubmed.ncbi.nlm.nih.gov/24478943/,24478943,PMC3902073,10.1186/2193-1801-3-30,low_conf,
Bio-protocol-3947,http://www.ncbi.nlm.nih.gov/pubmed/23616655,https://pubmed.ncbi.nlm.nih.gov/23616655/,23616655,PMC3700278,10.1128/JVI.03577-12,low_conf,
Bio-protocol-3950,http://www.ncbi.nlm.nih.gov/pubmed/23922312,https://pubmed.ncbi.nlm.nih.gov/23922312/,23922312,PMC3834191,10.1002/stem.1499,low_conf,
Bio-protocol-3949,http://www.ncbi.nlm.nih.gov/pubmed/20624968,https://pubmed.ncbi.nlm.nih.gov/20624968/,20624968,PMC2922148,10.1073/pnas.1006822107,low_conf,
Bio-protocol-3948,http://www.ncbi.nlm.nih.gov/pubmed/20624968,https://pubmed.ncbi.nlm.nih.gov/20624968/,20624968,PMC2922148,10.1073/pnas.1006822107,low_conf,
Bio-protocol-3951,http://www.ncbi.nlm.nih.gov/pubmed/23922312,https://pubmed.ncbi.nlm.nih.gov/23922312/,23922312,PMC3834191,10.1002/stem.1499,low_conf,
Bio-protocol-3953,http://www.ncbi.nlm.nih.gov/pubmed/24115309,https://pubmed.ncbi.nlm.nih.gov/24115309/,24115309,,,error,Identifier not found in PMC
Bio-protocol-3952,http://www.ncbi.nlm.nih.gov/pubmed/23954132,https://pubmed.ncbi.nlm.nih.gov/23954132/,23954132,PMC4172965,10.1016/j.immuni.2013.07.018,low_conf,
Bio-protocol-3954,http://www.ncbi.nlm.nih.gov/pubmed/24089567,https://pubmed.ncbi.nlm.nih.gov/24089567/,24089567,PMC3838261,10.1128/JVI.02382-13,low_conf,
Bio-protocol-3955,http://www.ncbi.nlm.nih.gov/pubmed/23931997,https://pubmed.ncbi.nlm.nih.gov/23931997/,23931997,,,error,Identifier not found in PMC
Bio-protocol-3956,http://www.ncbi.nlm.nih.gov/pubmed/23464633,https://pubmed.ncbi.nlm.nih.gov/23464633/,23464633,,,error,Identifier not found in PMC
Bio-protocol-3957,http://www.ncbi.nlm.nih.gov/pubmed/23464633,https://pubmed.ncbi.nlm.nih.gov/23464633/,23464633,,,error,Identifier not found in PMC
Bio-protocol-3958,https://pubmed.ncbi.nlm.nih.gov/24019425/,https://pubmed.ncbi.nlm.nih.gov/24019425/,24019425,PMC3813638,10.1104/pp.113.224410,low_conf,
Bio-protocol-3959,http://www.ncbi.nlm.nih.gov/pubmed/23932570,https://pubmed.ncbi.nlm.nih.gov/23932570/,23932570,PMC3809840,10.1016/j.immuni.2013.07.013,low_conf,
Bio-protocol-3961,http://www.ncbi.nlm.nih.gov/pubmed/23986581,https://pubmed.ncbi.nlm.nih.gov/23986581/,23986581,PMC3807884,10.1128/JVI.01900-13,low_conf,
Bio-protocol-3960,http://www.ncbi.nlm.nih.gov/pubmed/23932570,https://pubmed.ncbi.nlm.nih.gov/23932570/,23932570,PMC3809840,10.1016/j.immuni.2013.07.013,low_conf,
Bio-protocol-3962,http://www.ncbi.nlm.nih.gov/pubmed/23190200,https://pubmed.ncbi.nlm.nih.gov/23190200/,23190200,,,error,Identifier not found in PMC
Bio-protocol-3967,http://www.ncbi.nlm.nih.gov/pubmed/23995084,https://pubmed.ncbi.nlm.nih.gov/23995084/,23995084,PMC3784604,10.1105/tpc.113.110890,low_conf,
Bio-protocol-3963,http://www.ncbi.nlm.nih.gov/pubmed/24339782,https://pubmed.ncbi.nlm.nih.gov/24339782/,24339782,PMC3855555,10.1371/journal.ppat.1003814,low_conf,
Bio-protocol-3965,http://www.ncbi.nlm.nih.gov/pubmed/23889683,https://pubmed.ncbi.nlm.nih.gov/23889683/,23889683,PMC4241023,10.1111/tpj.12294,low_conf,
Bio-protocol-3964,http://www.ncbi.nlm.nih.gov/pubmed/23906159,https://pubmed.ncbi.nlm.nih.gov/23906159/,23906159,PMC4190501,10.1111/tpj.12301,low_conf,
Bio-protocol-3966,http://www.ncbi.nlm.nih.gov/pubmed/23647236,https://pubmed.ncbi.nlm.nih.gov/23647236/,23647236,,,error,Identifier not found in PMC
Bio-protocol-3968,http://www.ncbi.nlm.nih.gov/pubmed/24204276,https://pubmed.ncbi.nlm.nih.gov/24204276/,24204276,PMC3814348,10.1371/journal.ppat.1003734,low_conf,
Bio-protocol-3970,http://www.ncbi.nlm.nih.gov/pubmed/23325891,https://pubmed.ncbi.nlm.nih.gov/23325891/,23325891,PMC3563857,10.4049/jimmunol.1202897,low_conf,
Bio-protocol-3971,http://www.ncbi.nlm.nih.gov/pubmed/23922208,https://pubmed.ncbi.nlm.nih.gov/23922208/,23922208,PMC3784590,10.1105/tpc.113.114009,low_conf,
Bio-protocol-3969,http://www.ncbi.nlm.nih.gov/pubmed/24029234,https://pubmed.ncbi.nlm.nih.gov/24029234/,24029234,,,error,Identifier not found in PMC
Bio-protocol-3972,http://www.ncbi.nlm.nih.gov/pubmed/24204276,https://pubmed.ncbi.nlm.nih.gov/24204276/,24204276,PMC3814348,10.1371/journal.ppat.1003734,low_conf,
Bio-protocol-3973,http://www.ncbi.nlm.nih.gov/pubmed/23966855,https://pubmed.ncbi.nlm.nih.gov/23966855/,23966855,PMC3744398,10.1371/journal.ppat.1003519,low_conf,
Bio-protocol-3974,http://www.ncbi.nlm.nih.gov/pubmed/23723321,https://pubmed.ncbi.nlm.nih.gov/23723321/,23723321,PMC3694710,10.1105/tpc.113.111294,low_conf,
Bio-protocol-3975,http://www.ncbi.nlm.nih.gov/pubmed/23359798,https://pubmed.ncbi.nlm.nih.gov/23359798/,23359798,PMC3554728,10.1371/journal.pone.0053366,low_conf,
Bio-protocol-3976,http://www.plosone.org/,,,,,no_pmc,
Bio-protocol-3978,http://www.ncbi.nlm.nih.gov/pubmed/23895242,https://pubmed.ncbi.nlm.nih.gov/23895242/,23895242,,,error,Identifier not found in PMC
Bio-protocol-3977,http://www.ncbi.nlm.nih.gov/pubmed/23895242,https://pubmed.ncbi.nlm.nih.gov/23895242/,23895242,,,error,Identifier not found in PMC
Bio-protocol-3979,http://www.ncbi.nlm.nih.gov/pubmed/23771894,https://pubmed.ncbi.nlm.nih.gov/23771894/,23771894,PMC3723622,10.1105/tpc.113.111724,low_conf,
Bio-protocol-3980,http://www.ncbi.nlm.nih.gov/pubmed/22344032,https://pubmed.ncbi.nlm.nih.gov/22344032/,22344032,,,error,Identifier not found in PMC
Bio-protocol-3981,http://www.ncbi.nlm.nih.gov/pubmed/24278234,https://pubmed.ncbi.nlm.nih.gov/24278234/,24278234,PMC3835827,10.1371/journal.pone.0080028,low_conf,
Bio-protocol-3983,http://www.ncbi.nlm.nih.gov/pubmed/23879596,https://pubmed.ncbi.nlm.nih.gov/23879596/,23879596,PMC4282360,10.1111/mmi.12338,low_conf,
Bio-protocol-3984,http://www.ncbi.nlm.nih.gov/pubmed/24331463,https://pubmed.ncbi.nlm.nih.gov/24331463/,24331463,PMC3951154,10.1016/j.chom.2013.11.001,low_conf,
Bio-protocol-3982,http://www.ncbi.nlm.nih.gov/pubmed/24151294,https://pubmed.ncbi.nlm.nih.gov/24151294/,24151294,PMC3877823,10.1105/tpc.113.118018,low_conf,
Bio-protocol-3985,http://www.ncbi.nlm.nih.gov/pubmed/24098134,https://pubmed.ncbi.nlm.nih.gov/24098134/,24098134,PMC3784491,10.1371/journal.ppat.1003654,low_conf,
Bio-protocol-3987,http://www.ncbi.nlm.nih.gov/pubmed/23597566,https://pubmed.ncbi.nlm.nih.gov/23597566/,23597566,PMC3649010,10.1016/j.ccr.2013.03.009,low_conf,
Bio-protocol-3986,http://www.ncbi.nlm.nih.gov/pubmed/22446738,https://pubmed.ncbi.nlm.nih.gov/22446738/,22446738,,,error,Identifier not found in PMC
Bio-protocol-3990,http://www.ncbi.nlm.nih.gov/pubmed/23935505,https://pubmed.ncbi.nlm.nih.gov/23935505/,23935505,PMC3731249,10.1371/journal.ppat.1003531,low_conf,
Bio-protocol-3989,http://www.ncbi.nlm.nih.gov/pubmed/23935505,https://pubmed.ncbi.nlm.nih.gov/23935505/,23935505,PMC3731249,10.1371/journal.ppat.1003531,low_conf,
Bio-protocol-3988,http://www.ncbi.nlm.nih.gov/pubmed/23597566,https://pubmed.ncbi.nlm.nih.gov/23597566/,23597566,PMC3649010,10.1016/j.ccr.2013.03.009,low_conf,
Bio-protocol-3991,http://www.ncbi.nlm.nih.gov/pubmed/24293652,https://pubmed.ncbi.nlm.nih.gov/24293652/,24293652,PMC3936713,10.1093/nar/gkt1233,low_conf,
Bio-protocol-3992,http://www.ncbi.nlm.nih.gov/pubmed/23825952,https://pubmed.ncbi.nlm.nih.gov/23825952/,23825952,PMC3694865,10.1371/journal.ppat.1003466,low_conf,
Bio-protocol-3993,http://www.ncbi.nlm.nih.gov/pubmed/23825952,https://pubmed.ncbi.nlm.nih.gov/23825952/,23825952,PMC3694865,10.1371/journal.ppat.1003466,low_conf,
Bio-protocol-3994,http://www.ncbi.nlm.nih.gov/pubmed/23950716,https://pubmed.ncbi.nlm.nih.gov/23950716/,23950716,PMC3738491,10.1371/journal.ppat.1003546,low_conf,
Bio-protocol-3995,http://www.ncbi.nlm.nih.gov/pubmed/23950716,https://pubmed.ncbi.nlm.nih.gov/23950716/,23950716,PMC3738491,10.1371/journal.ppat.1003546,low_conf,
Bio-protocol-3996,http://www.ncbi.nlm.nih.gov/pubmed/24012422,https://pubmed.ncbi.nlm.nih.gov/24012422/,24012422,,,error,Identifier not found in PMC
Bio-protocol-3997,http://www.ncbi.nlm.nih.gov/pubmed/23885072,https://pubmed.ncbi.nlm.nih.gov/23885072/,23885072,PMC3807400,10.1128/JVI.01370-13,low_conf,
Bio-protocol-3998,http://www.ncbi.nlm.nih.gov/pubmed/23382243,https://pubmed.ncbi.nlm.nih.gov/23382243/,23382243,PMC3581953,10.1073/pnas.1217388110,low_conf,
Bio-protocol-4000,http://www.ncbi.nlm.nih.gov/pubmed/23906068,https://pubmed.ncbi.nlm.nih.gov/23906068/,23906068,,,error,Identifier not found in PMC
Bio-protocol-3999,http://www.ncbi.nlm.nih.gov/pubmed/23796263,https://pubmed.ncbi.nlm.nih.gov/23796263/,23796263,,,error,Identifier not found in PMC
Bio-protocol-4001,http://www.ncbi.nlm.nih.gov/pubmed/23864614,https://pubmed.ncbi.nlm.nih.gov/23864614/,23864614,PMC3754006,10.1128/JVI.01485-13,low_conf,
Bio-protocol-4003,http://www.ncbi.nlm.nih.gov/pubmed/23653473,https://pubmed.ncbi.nlm.nih.gov/23653473/,23653473,PMC3694693,10.1105/tpc.113.109306,low_conf,
Bio-protocol-4002,http://www.ncbi.nlm.nih.gov/pubmed/23204235,https://pubmed.ncbi.nlm.nih.gov/23204235/,23204235,,,error,Identifier not found in PMC
Bio-protocol-4005,http://www.ncbi.nlm.nih.gov/pubmed/23427153,https://pubmed.ncbi.nlm.nih.gov/23427153/,23427153,PMC3624286,10.1128/JVI.02736-12,low_conf,
Bio-protocol-4004,http://www.ncbi.nlm.nih.gov/pubmed/23903840,https://pubmed.ncbi.nlm.nih.gov/23903840/,23903840,PMC3807390,10.1128/JVI.00709-13,low_conf,
Bio-protocol-4007,http://www.ncbi.nlm.nih.gov/pubmed/24201379,https://pubmed.ncbi.nlm.nih.gov/24201379/,24201379,PMC3821016,10.1038/srep03171,low_conf,
Bio-protocol-4006,http://www.ncbi.nlm.nih.gov/pubmed/19329995,https://pubmed.ncbi.nlm.nih.gov/19329995/,19329995,,,error,Identifier not found in PMC
Bio-protocol-4008,http://www.ncbi.nlm.nih.gov/pubmed/23637604,https://pubmed.ncbi.nlm.nih.gov/23637604/,23637604,PMC3630191,10.1371/journal.ppat.1003315,low_conf,
Bio-protocol-4009,https://pubmed.ncbi.nlm.nih.gov/23250627/,https://pubmed.ncbi.nlm.nih.gov/23250627/,23250627,PMC3561009,10.1104/pp.112.211094,low_conf,
Bio-protocol-4010,http://www.ncbi.nlm.nih.gov/pubmed/22614014,https://pubmed.ncbi.nlm.nih.gov/22614014/,22614014,PMC3913739,10.1038/onc.2012.166,low_conf,
Bio-protocol-4011,http://www.ncbi.nlm.nih.gov/pubmed/23153532,https://pubmed.ncbi.nlm.nih.gov/23153532/,23153532,PMC3512565,10.1016/j.ccr.2012.08.013,low_conf,
Bio-protocol-4015,http://www.ncbi.nlm.nih.gov/pubmed/23950711,https://pubmed.ncbi.nlm.nih.gov/23950711/,23950711,PMC3738486,10.1371/journal.ppat.1003526,low_conf,
Bio-protocol-4012,http://www.ncbi.nlm.nih.gov/pubmed/23153532,https://pubmed.ncbi.nlm.nih.gov/23153532/,23153532,PMC3512565,10.1016/j.ccr.2012.08.013,low_conf,
Bio-protocol-4013,http://www.ncbi.nlm.nih.gov/pubmed/23689713,https://pubmed.ncbi.nlm.nih.gov/23689713/,23689713,PMC3719762,10.1128/AAC.00269-13,low_conf,
Bio-protocol-4014,http://www.ncbi.nlm.nih.gov/pubmed/23637404,https://pubmed.ncbi.nlm.nih.gov/23637404/,23637404,PMC3700288,10.1128/JVI.03519-12,low_conf,
Bio-protocol-4016,http://www.ncbi.nlm.nih.gov/pubmed/23950711,https://pubmed.ncbi.nlm.nih.gov/23950711/,23950711,PMC3738486,10.1371/journal.ppat.1003526,low_conf,
Bio-protocol-4017,http://www.ncbi.nlm.nih.gov/pubmed/23471847,https://pubmed.ncbi.nlm.nih.gov/23471847/,23471847,PMC3655124,10.1158/0008-5472.CAN-12-3366,low_conf,
Bio-protocol-4020,http://www.ncbi.nlm.nih.gov/pubmed/23859214,https://pubmed.ncbi.nlm.nih.gov/23859214/,23859214,,,error,Identifier not found in PMC
Bio-protocol-4018,http://www.ncbi.nlm.nih.gov/pubmed/23687278,https://pubmed.ncbi.nlm.nih.gov/23687278/,23687278,PMC3719534,10.1128/JB.00207-13,low_conf,
Bio-protocol-4021,http://www.ncbi.nlm.nih.gov/pubmed/22961108,https://pubmed.ncbi.nlm.nih.gov/22961108/,22961108,PMC3493820,10.1038/nm.2934,low_conf,
Bio-protocol-4019,http://www.ncbi.nlm.nih.gov/pubmed/23995642,https://pubmed.ncbi.nlm.nih.gov/23995642/,23995642,PMC3811597,10.1128/JB.00761-13,low_conf,
Bio-protocol-4022,http://www.ncbi.nlm.nih.gov/pubmed/22961108,https://pubmed.ncbi.nlm.nih.gov/22961108/,22961108,PMC3493820,10.1038/nm.2934,low_conf,
Bio-protocol-4023,http://www.ncbi.nlm.nih.gov/pubmed/23361901,https://pubmed.ncbi.nlm.nih.gov/23361901/,23361901,,,error,Identifier not found in PMC
Bio-protocol-4024,http://www.ncbi.nlm.nih.gov/pubmed/23421784,https://pubmed.ncbi.nlm.nih.gov/23421784/,23421784,,,error,Identifier not found in PMC
Bio-protocol-4027,http://www.ncbi.nlm.nih.gov/pubmed/23687340,https://pubmed.ncbi.nlm.nih.gov/23687340/,23687340,PMC4298227,10.1158/0008-5472.CAN-12-4056,low_conf,
Bio-protocol-4026,http://www.ncbi.nlm.nih.gov/pubmed/23435982,https://pubmed.ncbi.nlm.nih.gov/23435982/,23435982,PMC3624586,10.1128/JB.02127-12,low_conf,
Bio-protocol-4025,http://www.ncbi.nlm.nih.gov/pubmed/23789903,https://pubmed.ncbi.nlm.nih.gov/23789903/,23789903,PMC3824205,10.1111/tpj.12263,low_conf,
Bio-protocol-4028,http://www.ncbi.nlm.nih.gov/pubmed/23864627,https://pubmed.ncbi.nlm.nih.gov/23864627/,23864627,PMC3753980,10.1128/JVI.01310-13,low_conf,
Bio-protocol-4030,http://www.ncbi.nlm.nih.gov/pubmed/23824811,https://pubmed.ncbi.nlm.nih.gov/23824811/,23824811,PMC3754138,10.1128/JVI.00471-13,low_conf,
Bio-protocol-4029,http://www.ncbi.nlm.nih.gov/pubmed/23750584,https://pubmed.ncbi.nlm.nih.gov/23750584/,23750584,PMC3824207,10.1111/tpj.12261,low_conf,
Bio-protocol-4031,http://www.ncbi.nlm.nih.gov/pubmed/23824811,https://pubmed.ncbi.nlm.nih.gov/23824811/,23824811,PMC3754138,10.1128/JVI.00471-13,low_conf,
Bio-protocol-4032,http://www.ncbi.nlm.nih.gov/pubmed/23673982,https://pubmed.ncbi.nlm.nih.gov/23673982/,23673982,PMC3694697,10.1105/tpc.113.111112,low_conf,
Bio-protocol-4033,http://www.ncbi.nlm.nih.gov/pubmed/23673982,https://pubmed.ncbi.nlm.nih.gov/23673982/,23673982,PMC3694697,10.1105/tpc.113.111112,low_conf,
Bio-protocol-4034,http://www.ncbi.nlm.nih.gov/pubmed/23708000,https://pubmed.ncbi.nlm.nih.gov/23708000/,23708000,PMC3836234,10.1038/ncb2756,low_conf,
Bio-protocol-4035,http://www.ncbi.nlm.nih.gov/pubmed/23832588,https://pubmed.ncbi.nlm.nih.gov/23832588/,23832588,PMC3753388,10.1105/tpc.113.112482,low_conf,
Bio-protocol-4036,http://www.ncbi.nlm.nih.gov/pubmed/23853587,https://pubmed.ncbi.nlm.nih.gov/23853587/,23853587,PMC3708853,10.1371/journal.ppat.1003464,low_conf,
Bio-protocol-4037,http://www.ncbi.nlm.nih.gov/pubmed/23780875,https://pubmed.ncbi.nlm.nih.gov/23780875/,23780875,PMC3723608,10.1105/tpc.112.104067,low_conf,
Bio-protocol-4038,http://www.ncbi.nlm.nih.gov/pubmed/23780875,https://pubmed.ncbi.nlm.nih.gov/23780875/,23780875,PMC3723608,10.1105/tpc.112.104067,low_conf,
Bio-protocol-4039,http://www.ncbi.nlm.nih.gov/pubmed/23664832,https://pubmed.ncbi.nlm.nih.gov/23664832/,23664832,,,error,Identifier not found in PMC
Bio-protocol-4041,http://www.ncbi.nlm.nih.gov/pubmed/23147731,https://pubmed.ncbi.nlm.nih.gov/23147731/,23147731,PMC3535951,10.1128/AAC.01560-12,low_conf,
Bio-protocol-4040,http://www.ncbi.nlm.nih.gov/pubmed/23147731,https://pubmed.ncbi.nlm.nih.gov/23147731/,23147731,PMC3535951,10.1128/AAC.01560-12,low_conf,
Bio-protocol-4042,http://www.ncbi.nlm.nih.gov/pubmed/23147731,https://pubmed.ncbi.nlm.nih.gov/23147731/,23147731,PMC3535951,10.1128/AAC.01560-12,low_conf,
Bio-protocol-4043,http://www.ncbi.nlm.nih.gov/pubmed/23824807,https://pubmed.ncbi.nlm.nih.gov/23824807/,23824807,PMC3754104,10.1128/JVI.01004-13,low_conf,
Bio-protocol-4044,http://www.ncbi.nlm.nih.gov/pubmed/23592522,https://pubmed.ncbi.nlm.nih.gov/23592522/,23592522,,,error,Identifier not found in PMC
Bio-protocol-4047,http://www.ncbi.nlm.nih.gov/pubmed/23576515,https://pubmed.ncbi.nlm.nih.gov/23576515/,23576515,PMC3676143,10.1128/JVI.00087-13,low_conf,
Bio-protocol-4045,http://www.ncbi.nlm.nih.gov/pubmed/23832275,https://pubmed.ncbi.nlm.nih.gov/23832275/,23832275,,,error,Identifier not found in PMC
Bio-protocol-4046,http://www.ncbi.nlm.nih.gov/pubmed/23832275,https://pubmed.ncbi.nlm.nih.gov/23832275/,23832275,,,error,Identifier not found in PMC
Bio-protocol-4048,http://www.ncbi.nlm.nih.gov/pubmed/23576515,https://pubmed.ncbi.nlm.nih.gov/23576515/,23576515,PMC3676143,10.1128/JVI.00087-13,low_conf,
Bio-protocol-4049,http://www.ncbi.nlm.nih.gov/pubmed/23740992,https://pubmed.ncbi.nlm.nih.gov/23740992/,23740992,PMC3719834,10.1128/JVI.00572-13,low_conf,
Bio-protocol-4050,http://www.ncbi.nlm.nih.gov/pubmed/23740992,https://pubmed.ncbi.nlm.nih.gov/23740992/,23740992,PMC3719834,10.1128/JVI.00572-13,low_conf,
Bio-protocol-4051,http://www.jneurosci.org/content/33/22/9394.long,,,,,no_pmc,
Bio-protocol-4052,http://www.ncbi.nlm.nih.gov/pubmed/23760247,https://pubmed.ncbi.nlm.nih.gov/23760247/,23760247,PMC3754048,10.1128/JVI.01216-13,low_conf,
Bio-protocol-4053,http://www.ncbi.nlm.nih.gov/pubmed/23658448,https://pubmed.ncbi.nlm.nih.gov/23658448/,23658448,PMC3700208,10.1128/JVI.03139-12,low_conf,
Bio-protocol-4055,http://www.ncbi.nlm.nih.gov/pubmed/23824796,https://pubmed.ncbi.nlm.nih.gov/23824796/,23824796,PMC3754141,10.1128/JVI.01173-13,low_conf,
Bio-protocol-4054,http://www.ncbi.nlm.nih.gov/pubmed/23678184,https://pubmed.ncbi.nlm.nih.gov/23678184/,23678184,PMC3700216,10.1128/JVI.00626-13,low_conf,
Bio-protocol-4056,http://www.ncbi.nlm.nih.gov/pubmed/23204230,https://pubmed.ncbi.nlm.nih.gov/23204230/,23204230,,,error,Identifier not found in PMC
Bio-protocol-4057,http://www.ncbi.nlm.nih.gov/pubmed/23408631,https://pubmed.ncbi.nlm.nih.gov/23408631/,23408631,PMC3624304,10.1128/JVI.02796-12,low_conf,
Bio-protocol-4058,http://www.ncbi.nlm.nih.gov/pubmed/23408631,https://pubmed.ncbi.nlm.nih.gov/23408631/,23408631,PMC3624304,10.1128/JVI.02796-12,low_conf,
Bio-protocol-4060,http://www.ncbi.nlm.nih.gov/pubmed/23592990,https://pubmed.ncbi.nlm.nih.gov/23592990/,23592990,PMC3617227,10.1371/journal.ppat.1003269,low_conf,
Bio-protocol-4061,http://www.ncbi.nlm.nih.gov/pubmed/22924752,https://pubmed.ncbi.nlm.nih.gov/22924752/,22924752,PMC3480334,10.1111/j.1471-4159.2012.07956.x,low_conf,
Bio-protocol-4059,http://www.ncbi.nlm.nih.gov/pubmed/23651300,https://pubmed.ncbi.nlm.nih.gov/23651300/,23651300,,,error,Identifier not found in PMC
Bio-protocol-4063,http://www.ncbi.nlm.nih.gov/pubmed/23824812,https://pubmed.ncbi.nlm.nih.gov/23824812/,23824812,PMC3754022,10.1128/JVI.00883-13,low_conf,
Bio-protocol-4062,http://www.ncbi.nlm.nih.gov/pubmed/22924752,https://pubmed.ncbi.nlm.nih.gov/22924752/,22924752,PMC3480334,10.1111/j.1471-4159.2012.07956.x,low_conf,
Bio-protocol-4064,https://elifesciences.org/articles/00633,,,,,no_pmc,
Bio-protocol-4065,http://www.ncbi.nlm.nih.gov/pubmed/23564172,https://pubmed.ncbi.nlm.nih.gov/23564172/,23564172,PMC3697255,10.1128/JB.01870-12,low_conf,
Bio-protocol-4066,http://www.ncbi.nlm.nih.gov/pubmed/23564172,https://pubmed.ncbi.nlm.nih.gov/23564172/,23564172,PMC3697255,10.1128/JB.01870-12,low_conf,
Bio-protocol-4067,http://www.jneurosci.org/content/33/22/9328.long,,,,,no_pmc,
Bio-protocol-4068,http://www.ncbi.nlm.nih.gov/pubmed/23408638,https://pubmed.ncbi.nlm.nih.gov/23408638/,23408638,PMC3624301,10.1128/JVI.03571-12,low_conf,
Bio-protocol-4069,http://www.ncbi.nlm.nih.gov/pubmed/23560801,https://pubmed.ncbi.nlm.nih.gov/23560801/,23560801,,,error,Identifier not found in PMC
Bio-protocol-4071,http://www.ncbi.nlm.nih.gov/pubmed/23495099,https://pubmed.ncbi.nlm.nih.gov/23495099/,23495099,,,error,Identifier not found in PMC
Bio-protocol-4070,http://www.ncbi.nlm.nih.gov/pubmed/23717201,https://pubmed.ncbi.nlm.nih.gov/23717201/,23717201,PMC3662657,10.1371/journal.ppat.1003345,low_conf,
Bio-protocol-4073,http://www.ncbi.nlm.nih.gov/pubmed/23647017,https://pubmed.ncbi.nlm.nih.gov/23647017/,23647017,,,error,Identifier not found in PMC
Bio-protocol-4072,http://www.ncbi.nlm.nih.gov/pubmed/23495099,https://pubmed.ncbi.nlm.nih.gov/23495099/,23495099,,,error,Identifier not found in PMC
Bio-protocol-4076,http://www.ncbi.nlm.nih.gov/pubmed/23675297,https://pubmed.ncbi.nlm.nih.gov/23675297/,23675297,PMC3649973,10.1371/journal.ppat.1003344,low_conf,
Bio-protocol-4075,http://www.ncbi.nlm.nih.gov/pubmed/23624402,https://pubmed.ncbi.nlm.nih.gov/23624402/,23624402,PMC3692270,10.1038/ncb2738,low_conf,
Bio-protocol-4074,http://www.ncbi.nlm.nih.gov/pubmed/23564204,https://pubmed.ncbi.nlm.nih.gov/23564204/,23564204,PMC3663275,10.1105/tpc.112.108993,low_conf,
Bio-protocol-4077,http://www.ncbi.nlm.nih.gov/pubmed/23384044,https://pubmed.ncbi.nlm.nih.gov/23384044/,23384044,,,error,Identifier not found in PMC
Bio-protocol-4081,http://www.ncbi.nlm.nih.gov/pubmed/11196177,https://pubmed.ncbi.nlm.nih.gov/11196177/,11196177,,,error,Identifier not found in PMC
Bio-protocol-4079,http://www.ncbi.nlm.nih.gov/pubmed/23418624,https://pubmed.ncbi.nlm.nih.gov/23418624/,23418624,,,error,Identifier not found in PMC
Bio-protocol-4082,http://www.ncbi.nlm.nih.gov/pubmed/23552427,https://pubmed.ncbi.nlm.nih.gov/23552427/,23552427,PMC3676113,10.1128/JVI.03357-12,low_conf,
Bio-protocol-4080,http://www.ncbi.nlm.nih.gov/pubmed/23667173,https://pubmed.ncbi.nlm.nih.gov/23667173/,23667173,,,error,Identifier not found in PMC
Bio-protocol-4083,http://www.ncbi.nlm.nih.gov/pubmed/23394946,https://pubmed.ncbi.nlm.nih.gov/23394946/,23394946,PMC3908667,10.1016/j.cell.2013.01.023,low_conf,
Bio-protocol-4078,http://www.ncbi.nlm.nih.gov/pubmed/23418624,https://pubmed.ncbi.nlm.nih.gov/23418624/,23418624,,,error,Identifier not found in PMC
Bio-protocol-4084,http://www.ncbi.nlm.nih.gov/pubmed/23408885,https://pubmed.ncbi.nlm.nih.gov/23408885/,23408885,PMC3567179,10.1371/journal.ppat.1003148,low_conf,
Bio-protocol-4086,http://www.ncbi.nlm.nih.gov/pubmed/23791645,https://pubmed.ncbi.nlm.nih.gov/23791645/,23791645,PMC3777575,10.1016/j.immuni.2013.05.014,low_conf,
Bio-protocol-4085,http://www.ncbi.nlm.nih.gov/pubmed/23791645,https://pubmed.ncbi.nlm.nih.gov/23791645/,23791645,PMC3777575,10.1016/j.immuni.2013.05.014,low_conf,
Bio-protocol-4088,http://www.ncbi.nlm.nih.gov/pubmed/23593003,https://pubmed.ncbi.nlm.nih.gov/23593003/,23593003,PMC3623720,10.1371/journal.ppat.1003293,low_conf,
Bio-protocol-4089,http://www.ncbi.nlm.nih.gov/pubmed/23792946,https://pubmed.ncbi.nlm.nih.gov/23792946/,23792946,,,error,Identifier not found in PMC
Bio-protocol-4091,http://www.ncbi.nlm.nih.gov/pubmed/23185015,https://pubmed.ncbi.nlm.nih.gov/23185015/,23185015,PMC3528576,10.1073/pnas.1211705109,low_conf,
Bio-protocol-4090,https://pubmed.ncbi.nlm.nih.gov/23400705/,https://pubmed.ncbi.nlm.nih.gov/23400705/,23400705,PMC3613456,10.1104/pp.112.208116,low_conf,
Bio-protocol-4092,http://www.ncbi.nlm.nih.gov/pubmed/22820376,https://pubmed.ncbi.nlm.nih.gov/22820376/,22820376,PMC3433678,10.1038/ncb2541,low_conf,
Bio-protocol-4093,http://www.jneurosci.org/content/33/22/9498.long,,,,,no_pmc,
Bio-protocol-4094,https://pubmed.ncbi.nlm.nih.gov/23463782/,https://pubmed.ncbi.nlm.nih.gov/23463782/,23463782,PMC3641233,10.1104/pp.113.214460,low_conf,
Bio-protocol-4095,http://www.ncbi.nlm.nih.gov/pubmed/23303667,https://pubmed.ncbi.nlm.nih.gov/23303667/,23303667,,,error,Identifier not found in PMC
Bio-protocol-4096,http://www.jneurosci.org/content/33/10/4570.long,,,,,no_pmc,
Bio-protocol-4097,http://www.ncbi.nlm.nih.gov/pubmed/23403432,https://pubmed.ncbi.nlm.nih.gov/23403432/,23403432,PMC3632893,10.1128/AAC.02588-12,low_conf,
Bio-protocol-4100,http://www.ncbi.nlm.nih.gov/pubmed/23390294,https://pubmed.ncbi.nlm.nih.gov/23390294/,23390294,,,error,Identifier not found in PMC
Bio-protocol-4098,http://www.jneurosci.org/content/32/48/17197.long,,,,,no_pmc,
Bio-protocol-4099,http://www.jneurosci.org/content/32/48/17197.short,,,,,no_pmc,
Bio-protocol-4101,http://www.ncbi.nlm.nih.gov/pubmed/23390294,https://pubmed.ncbi.nlm.nih.gov/23390294/,23390294,,,error,Identifier not found in PMC
Bio-protocol-4102,http://www.ncbi.nlm.nih.gov/pubmed/23487456,https://pubmed.ncbi.nlm.nih.gov/23487456/,23487456,PMC3648183,10.1128/JVI.00273-13,low_conf,
Bio-protocol-4103,http://www.jneurosci.org/content/33/25/10512.long,,,,,no_pmc,
Bio-protocol-4104,http://www.ncbi.nlm.nih.gov/pubmed/23201122,https://pubmed.ncbi.nlm.nih.gov/23201122/,23201122,PMC3893119,10.1016/j.molcel.2012.10.025,low_conf,
Bio-protocol-4105,http://www.ncbi.nlm.nih.gov/pubmed/23651456,https://pubmed.ncbi.nlm.nih.gov/23651456/,23651456,,,error,Identifier not found in PMC
Bio-protocol-4107,http://www.jneurosci.org/content/33/27/11276.long,,,,,no_pmc,
Bio-protocol-4106,http://www.ncbi.nlm.nih.gov/pubmed/23651456,https://pubmed.ncbi.nlm.nih.gov/23651456/,23651456,,,error,Identifier not found in PMC
Bio-protocol-4109,http://onlinelibrary.wiley.com/journal/10.1111/%28ISSN%291469-8137,,,,,no_pmc,
Bio-protocol-4108,http://www.ncbi.nlm.nih.gov/pubmed/23536667,https://pubmed.ncbi.nlm.nih.gov/23536667/,23536667,PMC3648086,10.1128/JVI.00061-13,low_conf,
Bio-protocol-4110,http://www.ncbi.nlm.nih.gov/pubmed/23475201,https://pubmed.ncbi.nlm.nih.gov/23475201/,23475201,PMC3843317,10.1038/nm.3109,low_conf,
Bio-protocol-4113,https://pubmed.ncbi.nlm.nih.gov/23396834/,https://pubmed.ncbi.nlm.nih.gov/23396834/,23396834,PMC3613475,10.1104/pp.112.209023,low_conf,
Bio-protocol-4111,http://www.ncbi.nlm.nih.gov/pubmed/23664614,https://pubmed.ncbi.nlm.nih.gov/23664614/,23664614,PMC3756512,10.1016/j.neuron.2013.03.005,low_conf,
Bio-protocol-4114,http://www.ncbi.nlm.nih.gov/pubmed/23346875,https://pubmed.ncbi.nlm.nih.gov/23346875/,23346875,,,error,Identifier not found in PMC
Bio-protocol-4112,https://pubmed.ncbi.nlm.nih.gov/23396834/,https://pubmed.ncbi.nlm.nih.gov/23396834/,23396834,PMC3613475,10.1104/pp.112.209023,low_conf,
Bio-protocol-4115,http://www.ncbi.nlm.nih.gov/pubmed/23346875,https://pubmed.ncbi.nlm.nih.gov/23346875/,23346875,,,error,Identifier not found in PMC
Bio-protocol-4116,http://www.ncbi.nlm.nih.gov/pubmed/22912584,https://pubmed.ncbi.nlm.nih.gov/22912584/,22912584,PMC3415448,10.1371/journal.ppat.1002871,low_conf,
Bio-protocol-4117,http://www.ncbi.nlm.nih.gov/pubmed/23279701,https://pubmed.ncbi.nlm.nih.gov/23279701/,23279701,,,error,Identifier not found in PMC
Bio-protocol-4118,http://www.ncbi.nlm.nih.gov/pubmed/23435660,https://pubmed.ncbi.nlm.nih.gov/23435660/,23435660,PMC3608791,10.1105/tpc.113.109116,low_conf,
Bio-protocol-4120,http://www.ncbi.nlm.nih.gov/pubmed/23378042,https://pubmed.ncbi.nlm.nih.gov/23378042/,23378042,,,error,Identifier not found in PMC
Bio-protocol-4119,http://www.ncbi.nlm.nih.gov/pubmed/23436801,https://pubmed.ncbi.nlm.nih.gov/23436801/,23436801,PMC3760004,10.1158/0008-5472.CAN-12-1702,low_conf,
Bio-protocol-4121,http://www.ncbi.nlm.nih.gov/pubmed/23378042,https://pubmed.ncbi.nlm.nih.gov/23378042/,23378042,,,error,Identifier not found in PMC
Bio-protocol-4122,http://www.ncbi.nlm.nih.gov/pubmed/23596299,https://pubmed.ncbi.nlm.nih.gov/23596299/,23596299,PMC3676086,10.1128/JVI.00405-13,low_conf,
Bio-protocol-4123,http://www.ncbi.nlm.nih.gov/pubmed/23404888,https://pubmed.ncbi.nlm.nih.gov/23404888/,23404888,PMC3608779,10.1105/tpc.113.109694,low_conf,
Bio-protocol-4124,http://www.ncbi.nlm.nih.gov/pubmed/23222296,https://pubmed.ncbi.nlm.nih.gov/23222296/,23222296,PMC10461321,10.1158/0008-5472.CAN-12-3190,low_conf,
Bio-protocol-4128,http://www.ncbi.nlm.nih.gov/pubmed/23407661,https://pubmed.ncbi.nlm.nih.gov/23407661/,23407661,PMC4803067,10.1039/c3ib20290a,low_conf,
Bio-protocol-4125,http://www.ncbi.nlm.nih.gov/pubmed/23408886,https://pubmed.ncbi.nlm.nih.gov/23408886/,23408886,PMC3567173,10.1371/journal.ppat.1003150,low_conf,
Bio-protocol-4131,http://www.ncbi.nlm.nih.gov/pubmed/22426077,https://pubmed.ncbi.nlm.nih.gov/22426077/,22426077,PMC3717580,10.1038/ncb2466,low_conf,
Bio-protocol-4126,http://www.ncbi.nlm.nih.gov/pubmed/23408886,https://pubmed.ncbi.nlm.nih.gov/23408886/,23408886,PMC3567173,10.1371/journal.ppat.1003150,low_conf,
Bio-protocol-4130,http://www.ncbi.nlm.nih.gov/pubmed/23675301,https://pubmed.ncbi.nlm.nih.gov/23675301/,23675301,PMC3649964,10.1371/journal.ppat.1003356,low_conf,
Bio-protocol-4129,http://www.ncbi.nlm.nih.gov/pubmed/23675301,https://pubmed.ncbi.nlm.nih.gov/23675301/,23675301,PMC3649964,10.1371/journal.ppat.1003356,low_conf,
Bio-protocol-4127,http://www.ncbi.nlm.nih.gov/pubmed/23408886,https://pubmed.ncbi.nlm.nih.gov/23408886/,23408886,PMC3567173,10.1371/journal.ppat.1003150,low_conf,
Bio-protocol-4133,http://www.jneurosci.org/content/33/21/9122.long,,,,,no_pmc,
Bio-protocol-4134,http://jcb.rupress.org/content/201/2/279.long,,,,,no_pmc,
Bio-protocol-4132,http://www.ncbi.nlm.nih.gov/pubmed/22426077,https://pubmed.ncbi.nlm.nih.gov/22426077/,22426077,PMC3717580,10.1038/ncb2466,low_conf,
Bio-protocol-4135,http://www.ncbi.nlm.nih.gov/pubmed/17208188,https://pubmed.ncbi.nlm.nih.gov/17208188/,17208188,,,error,Identifier not found in PMC
Bio-protocol-4137,http://www.ncbi.nlm.nih.gov/pubmed/23514742,https://pubmed.ncbi.nlm.nih.gov/23514742/,23514742,,,error,Identifier not found in PMC
Bio-protocol-4138,http://www.ncbi.nlm.nih.gov/pubmed/22710711,https://pubmed.ncbi.nlm.nih.gov/22710711/,22710711,PMC3721373,10.1038/onc.2012.230,low_conf,
Bio-protocol-4136,http://www.ncbi.nlm.nih.gov/pubmed/23514742,https://pubmed.ncbi.nlm.nih.gov/23514742/,23514742,,,error,Identifier not found in PMC
Bio-protocol-4141,http://www.ncbi.nlm.nih.gov/pubmed/23396830,https://pubmed.ncbi.nlm.nih.gov/23396830/,23396830,PMC3608781,10.1105/tpc.112.105700,low_conf,
Bio-protocol-4143,http://www.ncbi.nlm.nih.gov/pubmed/23479225,https://pubmed.ncbi.nlm.nih.gov/23479225/,23479225,,,error,Identifier not found in PMC
Bio-protocol-4140,http://www.ncbi.nlm.nih.gov/pubmed/23404852,https://pubmed.ncbi.nlm.nih.gov/23404852/,23404852,,,error,Identifier not found in PMC
Bio-protocol-4142,http://www.jneurosci.org/content/33/3/1218.long,,,,,no_pmc,
Bio-protocol-4145,http://www.ncbi.nlm.nih.gov/pubmed/23524344,https://pubmed.ncbi.nlm.nih.gov/23524344/,23524344,PMC4944011,10.1038/nm.3092,low_conf,
Bio-protocol-4144,http://www.ncbi.nlm.nih.gov/pubmed/23524344,https://pubmed.ncbi.nlm.nih.gov/23524344/,23524344,PMC4944011,10.1038/nm.3092,low_conf,
Bio-protocol-4147,http://www.jneurosci.org/content/33/7/3067.long,,,,,no_pmc,
Bio-protocol-4146,http://www.ncbi.nlm.nih.gov/pubmed/23451734,https://pubmed.ncbi.nlm.nih.gov/23451734/,23451734,,,error,Identifier not found in PMC
Bio-protocol-4148,http://www.ncbi.nlm.nih.gov/pubmed/23209401,https://pubmed.ncbi.nlm.nih.gov/23209401/,23209401,PMC3510238,10.1371/journal.ppat.1002990,low_conf,
Bio-protocol-4149,http://www.ncbi.nlm.nih.gov/pubmed/23104802,https://pubmed.ncbi.nlm.nih.gov/23104802/,23104802,PMC3536164,10.1128/JB.01079-12,low_conf,
Bio-protocol-4150,http://www.ncbi.nlm.nih.gov/pubmed/3486907,https://pubmed.ncbi.nlm.nih.gov/3486907/,3486907,,,error,Identifier not found in PMC
Bio-protocol-4139,http://www.ncbi.nlm.nih.gov/pubmed/23404852,https://pubmed.ncbi.nlm.nih.gov/23404852/,23404852,,,error,Identifier not found in PMC
Bio-protocol-4152,http://www.ncbi.nlm.nih.gov/pubmed/23437825,https://pubmed.ncbi.nlm.nih.gov/23437825/,23437825,,,error,Identifier not found in PMC
Bio-protocol-4151,https://pubmed.ncbi.nlm.nih.gov/23396835/,https://pubmed.ncbi.nlm.nih.gov/23396835/,23396835,PMC3613450,10.1104/pp.112.212225,low_conf,
Bio-protocol-4153,http://www.ncbi.nlm.nih.gov/pubmed/23432219,https://pubmed.ncbi.nlm.nih.gov/23432219/,23432219,,,error,Identifier not found in PMC
Bio-protocol-4154,http://www.ncbi.nlm.nih.gov/pubmed/23616663,https://pubmed.ncbi.nlm.nih.gov/23616663/,23616663,PMC3700291,10.1128/JVI.00085-13,low_conf,
Bio-protocol-4155,http://www.ncbi.nlm.nih.gov/pubmed/23675296,https://pubmed.ncbi.nlm.nih.gov/23675296/,23675296,PMC3649966,10.1371/journal.ppat.1003339,low_conf,
Bio-protocol-4156,http://www.ncbi.nlm.nih.gov/pubmed/23421804,https://pubmed.ncbi.nlm.nih.gov/23421804/,23421804,,,error,Identifier not found in PMC
Bio-protocol-4158,http://www.jneurosci.org/content/33/17/7488.long,,,,,no_pmc,
Bio-protocol-4157,http://www.ncbi.nlm.nih.gov/pubmed/23390292,https://pubmed.ncbi.nlm.nih.gov/23390292/,23390292,,,error,Identifier not found in PMC
Bio-protocol-4159,https://pubmed.ncbi.nlm.nih.gov/23535943/,https://pubmed.ncbi.nlm.nih.gov/23535943/,23535943,PMC3641232,10.1104/pp.112.212142,low_conf,
Bio-protocol-4160,http://www.ncbi.nlm.nih.gov/pubmed/15049821,https://pubmed.ncbi.nlm.nih.gov/15049821/,15049821,,,error,Identifier not found in PMC
Bio-protocol-4162,http://www.ncbi.nlm.nih.gov/pubmed/23555242,https://pubmed.ncbi.nlm.nih.gov/23555242/,23555242,PMC3605176,10.1371/journal.ppat.1003216,low_conf,
Bio-protocol-4166,http://www.jneurosci.org/content/33/18/7997.long,,,,,no_pmc,
Bio-protocol-4163,http://www.ncbi.nlm.nih.gov/pubmed/23296708,https://pubmed.ncbi.nlm.nih.gov/23296708/,23296708,PMC3563868,10.4049/jimmunol.1202410,low_conf,
Bio-protocol-4165,https://pubmed.ncbi.nlm.nih.gov/23136381/,https://pubmed.ncbi.nlm.nih.gov/23136381/,23136381,PMC3532272,10.1104/pp.112.208538,low_conf,
Bio-protocol-4167,http://www.ncbi.nlm.nih.gov/pubmed/23134061,https://pubmed.ncbi.nlm.nih.gov/23134061/,23134061,,,error,Identifier not found in PMC
Bio-protocol-4168,http://www.jneurosci.org/content/33/9/3967,,,,,no_pmc,
Bio-protocol-4164,http://www.ncbi.nlm.nih.gov/pubmed/22563826,https://pubmed.ncbi.nlm.nih.gov/22563826/,22563826,,,error,Identifier not found in PMC
Bio-protocol-4169,http://www.ncbi.nlm.nih.gov/pubmed/22561348,https://pubmed.ncbi.nlm.nih.gov/22561348/,22561348,,,error,Identifier not found in PMC
Bio-protocol-4170,http://www.jneurosci.org/content/33/11/4657.long,,,,,no_pmc,
Bio-protocol-4171,http://www.ncbi.nlm.nih.gov/pubmed/23495171,https://pubmed.ncbi.nlm.nih.gov/23495171/,23495171,PMC3664117,10.1002/stem.1369,low_conf,
Bio-protocol-4172,http://www.ncbi.nlm.nih.gov/pubmed/23449787,https://pubmed.ncbi.nlm.nih.gov/23449787/,23449787,PMC3624321,10.1128/JVI.00210-13,low_conf,
Bio-protocol-4173,http://www.ncbi.nlm.nih.gov/pubmed/23637592,https://pubmed.ncbi.nlm.nih.gov/23637592/,23637592,PMC3630095,10.1371/journal.ppat.1003222,low_conf,
Bio-protocol-4176,http://www.jneurosci.org/content/32/48/17059.long,,,,,no_pmc,
Bio-protocol-4174,http://www.ncbi.nlm.nih.gov/pubmed/23163337,https://pubmed.ncbi.nlm.nih.gov/23163337/,23163337,,,error,Identifier not found in PMC
Bio-protocol-4175,http://www.ncbi.nlm.nih.gov/pubmed/23163337,https://pubmed.ncbi.nlm.nih.gov/23163337/,23163337,,,error,Identifier not found in PMC
Bio-protocol-4179,http://www.ncbi.nlm.nih.gov/pubmed/23457248,https://pubmed.ncbi.nlm.nih.gov/23457248/,23457248,PMC3624573,10.1128/JB.02061-12,low_conf,
Bio-protocol-4177,http://www.ncbi.nlm.nih.gov/pubmed/23458832,https://pubmed.ncbi.nlm.nih.gov/23458832/,23458832,PMC3573106,10.1371/journal.ppat.1003167,low_conf,
Bio-protocol-4178,http://www.ncbi.nlm.nih.gov/pubmed/23457248,https://pubmed.ncbi.nlm.nih.gov/23457248/,23457248,PMC3624573,10.1128/JB.02061-12,low_conf,
Bio-protocol-4180,http://www.ncbi.nlm.nih.gov/pubmed/23237060,https://pubmed.ncbi.nlm.nih.gov/23237060/,23237060,,,error,Identifier not found in PMC
Bio-protocol-4182,http://www.ncbi.nlm.nih.gov/pubmed/23097435,https://pubmed.ncbi.nlm.nih.gov/23097435/,23097435,PMC3536424,10.1128/JVI.07177-11,low_conf,
Bio-protocol-4181,http://www.ncbi.nlm.nih.gov/pubmed/23104810,https://pubmed.ncbi.nlm.nih.gov/23104810/,23104810,PMC3536169,10.1128/JB.01477-12,low_conf,
Bio-protocol-4183,http://www.ncbi.nlm.nih.gov/pubmed/23221382,https://pubmed.ncbi.nlm.nih.gov/23221382/,23221382,,,error,Identifier not found in PMC
Bio-protocol-4186,http://www.ncbi.nlm.nih.gov/pubmed/23224422,https://pubmed.ncbi.nlm.nih.gov/23224422/,23224422,,,error,Identifier not found in PMC
Bio-protocol-4184,http://www.ncbi.nlm.nih.gov/pubmed/23221382,https://pubmed.ncbi.nlm.nih.gov/23221382/,23221382,,,error,Identifier not found in PMC
Bio-protocol-4185,https://pubmed.ncbi.nlm.nih.gov/23341362/,https://pubmed.ncbi.nlm.nih.gov/23341362/,23341362,PMC3585587,10.1104/pp.112.211391,low_conf,
Bio-protocol-4188,http://www.ncbi.nlm.nih.gov/pubmed/23075292,https://pubmed.ncbi.nlm.nih.gov/23075292/,23075292,,,error,Identifier not found in PMC
Bio-protocol-4187,http://www.ncbi.nlm.nih.gov/pubmed/23224422,https://pubmed.ncbi.nlm.nih.gov/23224422/,23224422,,,error,Identifier not found in PMC
Bio-protocol-4189,http://jcb.rupress.org/content/198/3/331.long,,,,,no_pmc,
Bio-protocol-4190,http://www.ncbi.nlm.nih.gov/pubmed/23222841,https://pubmed.ncbi.nlm.nih.gov/23222841/,23222841,,,error,Identifier not found in PMC
Bio-protocol-4192,http://www.ncbi.nlm.nih.gov/pubmed/23314057,https://pubmed.ncbi.nlm.nih.gov/23314057/,23314057,,,error,Identifier not found in PMC
Bio-protocol-4191,http://www.ncbi.nlm.nih.gov/pubmed/23417582,https://pubmed.ncbi.nlm.nih.gov/23417582/,23417582,,,error,Identifier not found in PMC
Bio-protocol-4193,http://www.ncbi.nlm.nih.gov/pubmed/23314057,https://pubmed.ncbi.nlm.nih.gov/23314057/,23314057,,,error,Identifier not found in PMC
Bio-protocol-4194,http://www.ncbi.nlm.nih.gov/pubmed/22750944,https://pubmed.ncbi.nlm.nih.gov/22750944/,22750944,PMC3939354,10.1038/ncb2532,low_conf,
Bio-protocol-4195,http://www.ncbi.nlm.nih.gov/pubmed/23188505,https://pubmed.ncbi.nlm.nih.gov/23188505/,23188505,,,error,Identifier not found in PMC
Bio-protocol-4196,http://www.ncbi.nlm.nih.gov/pubmed/23317504,https://pubmed.ncbi.nlm.nih.gov/23317504/,23317504,PMC3595396,10.1016/j.molcel.2012.12.006,low_conf,
Bio-protocol-4198,http://www.ncbi.nlm.nih.gov/pubmed/23475183,https://pubmed.ncbi.nlm.nih.gov/23475183/,23475183,PMC3962671,10.1038/ni.2547,low_conf,
Bio-protocol-4197,http://www.ncbi.nlm.nih.gov/pubmed/23279213,https://pubmed.ncbi.nlm.nih.gov/23279213/,23279213,PMC3641046,10.1111/mmi.12132,low_conf,
Bio-protocol-4199,http://www.ncbi.nlm.nih.gov/pubmed/23386727,https://pubmed.ncbi.nlm.nih.gov/23386727/,23386727,PMC3581977,10.1073/pnas.1212484110,low_conf,
Bio-protocol-4200,http://www.ncbi.nlm.nih.gov/pubmed/22562248,https://pubmed.ncbi.nlm.nih.gov/22562248/,22562248,,,error,Identifier not found in PMC
Bio-protocol-4201,http://www.ncbi.nlm.nih.gov/pubmed/22665051,https://pubmed.ncbi.nlm.nih.gov/22665051/,22665051,PMC3435479,10.1038/onc.2012.210,low_conf,
Bio-protocol-4202,https://pubmed.ncbi.nlm.nih.gov/23400703/,https://pubmed.ncbi.nlm.nih.gov/23400703/,23400703,PMC3613473,10.1104/pp.113.216077,low_conf,
Bio-protocol-4203,http://www.ncbi.nlm.nih.gov/pubmed/23350615,https://pubmed.ncbi.nlm.nih.gov/23350615/,23350615,,,error,Identifier not found in PMC
Bio-protocol-4208,http://www.ncbi.nlm.nih.gov/pubmed/23283951,https://pubmed.ncbi.nlm.nih.gov/23283951/,23283951,PMC3592132,10.1128/JVI.00552-12,low_conf,
Bio-protocol-4205,http://www.ncbi.nlm.nih.gov/pubmed/23409154,https://pubmed.ncbi.nlm.nih.gov/23409154/,23409154,PMC3568098,10.1371/journal.pone.0056202,low_conf,
Bio-protocol-4204,http://www.ncbi.nlm.nih.gov/pubmed/23409154,https://pubmed.ncbi.nlm.nih.gov/23409154/,23409154,PMC3568098,10.1371/journal.pone.0056202,low_conf,
Bio-protocol-4206,http://www.ncbi.nlm.nih.gov/pubmed/22450748,https://pubmed.ncbi.nlm.nih.gov/22450748/,22450748,,,error,Identifier not found in PMC
Bio-protocol-4209,http://www.ncbi.nlm.nih.gov/pubmed/22927813,https://pubmed.ncbi.nlm.nih.gov/22927813/,22927813,PMC3426542,10.1371/journal.ppat.1002854,low_conf,
Bio-protocol-4213,http://www.ncbi.nlm.nih.gov/pubmed/23106282,https://pubmed.ncbi.nlm.nih.gov/23106282/,23106282,,,error,Identifier not found in PMC
Bio-protocol-4214,http://onlinelibrary.wiley.com/journal/10.1111/%28ISSN%291469-8137,,,,,no_pmc,
Bio-protocol-4210,https://pubmed.ncbi.nlm.nih.gov/23341360/,https://pubmed.ncbi.nlm.nih.gov/23341360/,23341360,PMC3585617,10.1104/pp.112.211623,low_conf,
Bio-protocol-4212,http://www.ncbi.nlm.nih.gov/pubmed/23523103,https://pubmed.ncbi.nlm.nih.gov/23523103/,23523103,PMC3885615,10.1016/j.ccr.2013.02.005,low_conf,
Bio-protocol-4211,https://pubmed.ncbi.nlm.nih.gov/23341360/,https://pubmed.ncbi.nlm.nih.gov/23341360/,23341360,PMC3585617,10.1104/pp.112.211623,low_conf,
Bio-protocol-4215,http://www.ncbi.nlm.nih.gov/pubmed/20617181,https://pubmed.ncbi.nlm.nih.gov/20617181/,20617181,PMC2895663,10.1371/journal.ppat.1000982,low_conf,
Bio-protocol-4217,http://jcb.rupress.org/content/199/7/1067.long,,,,,no_pmc,
Bio-protocol-4220,http://www.ncbi.nlm.nih.gov/pubmed/23157494,https://pubmed.ncbi.nlm.nih.gov/23157494/,23157494,,,error,Identifier not found in PMC
Bio-protocol-4219,http://www.jneurosci.org/content/33/9/4032.long,,,,,no_pmc,
Bio-protocol-4216,http://jcb.rupress.org/content/199/7/1067.long,,,,,no_pmc,
Bio-protocol-4218,http://www.ncbi.nlm.nih.gov/pubmed/24096482,https://pubmed.ncbi.nlm.nih.gov/24096482/,24096482,,,error,Identifier not found in PMC
Bio-protocol-4223,http://www.ncbi.nlm.nih.gov/pubmed/23010077,https://pubmed.ncbi.nlm.nih.gov/23010077/,23010077,PMC7477393,10.1158/0008-5472.CAN-12-2368,low_conf,
Bio-protocol-4224,http://www.ncbi.nlm.nih.gov/pubmed/23193063,https://pubmed.ncbi.nlm.nih.gov/23193063/,23193063,,,error,Identifier not found in PMC
Bio-protocol-4221,http://www.ncbi.nlm.nih.gov/pubmed/23131831,https://pubmed.ncbi.nlm.nih.gov/23131831/,23131831,PMC3487776,10.1128/mBio.00411-12,low_conf,
Bio-protocol-4226,http://www.ncbi.nlm.nih.gov/pubmed/23153538,https://pubmed.ncbi.nlm.nih.gov/23153538/,23153538,PMC3500515,10.1016/j.ccr.2012.08.027,low_conf,
Bio-protocol-4225,http://jcb.rupress.org/content/199/7/1057.long,,,,,no_pmc,
Bio-protocol-4222,https://pubmed.ncbi.nlm.nih.gov/23344905/,https://pubmed.ncbi.nlm.nih.gov/23344905/,23344905,PMC3585613,10.1104/pp.112.212803,low_conf,
Bio-protocol-4227,http://www.ncbi.nlm.nih.gov/pubmed/23153538,https://pubmed.ncbi.nlm.nih.gov/23153538/,23153538,PMC3500515,10.1016/j.ccr.2012.08.027,low_conf,
Bio-protocol-4228,http://www.ncbi.nlm.nih.gov/pubmed/23383346,https://pubmed.ncbi.nlm.nih.gov/23383346/,23383346,PMC3562227,10.1371/journal.pone.0055731,low_conf,
Bio-protocol-4232,https://pubmed.ncbi.nlm.nih.gov/17468214/,https://pubmed.ncbi.nlm.nih.gov/17468214/,17468214,PMC1914139,10.1104/pp.107.099481,low_conf,
Bio-protocol-4229,http://www.ncbi.nlm.nih.gov/pubmed/23161032,https://pubmed.ncbi.nlm.nih.gov/23161032/,23161032,PMC3554019,10.1128/JB.01929-12,low_conf,
Bio-protocol-4231,http://jcb.rupress.org/content/200/2/173.long,,,,,no_pmc,
Bio-protocol-4234,http://www.ncbi.nlm.nih.gov/pubmed/23242312,https://pubmed.ncbi.nlm.nih.gov/23242312/,23242312,PMC3952571,10.1038/nn.3278,low_conf,
Bio-protocol-4230,http://www.ncbi.nlm.nih.gov/pubmed/23271972,https://pubmed.ncbi.nlm.nih.gov/23271972/,23271972,PMC3521654,10.1371/journal.ppat.1003084,low_conf,
Bio-protocol-4238,http://www.ncbi.nlm.nih.gov/pubmed/23139214,https://pubmed.ncbi.nlm.nih.gov/23139214/,23139214,PMC3549056,10.1158/0008-5472.CAN-12-2290,low_conf,
Bio-protocol-4237,https://pubmed.ncbi.nlm.nih.gov/23129203/,https://pubmed.ncbi.nlm.nih.gov/23129203/,23129203,PMC3532262,10.1104/pp.112.205724,low_conf,
Bio-protocol-4241,https://pubmed.ncbi.nlm.nih.gov/20348213/,https://pubmed.ncbi.nlm.nih.gov/20348213/,20348213,PMC2899917,10.1104/pp.110.153270,low_conf,
Bio-protocol-4240,http://www.ncbi.nlm.nih.gov/pubmed/23225703,https://pubmed.ncbi.nlm.nih.gov/23225703/,23225703,,,error,Identifier not found in PMC
Bio-protocol-4242,http://www.ncbi.nlm.nih.gov/pubmed/23125358,https://pubmed.ncbi.nlm.nih.gov/23125358/,23125358,PMC3504502,10.1093/jxb/ers309,low_conf,
Bio-protocol-4239,http://www.ncbi.nlm.nih.gov/pubmed/23139214,https://pubmed.ncbi.nlm.nih.gov/23139214/,23139214,PMC3549056,10.1158/0008-5472.CAN-12-2290,low_conf,
Bio-protocol-4244,http://www.ncbi.nlm.nih.gov/pubmed/22914496,https://pubmed.ncbi.nlm.nih.gov/22914496/,22914496,,,error,Identifier not found in PMC
Bio-protocol-4243,http://www.ncbi.nlm.nih.gov/pubmed/23347101,https://pubmed.ncbi.nlm.nih.gov/23347101/,23347101,,,error,Identifier not found in PMC
Bio-protocol-4245,http://www.jneurosci.org/content/32/50/17935.long,,,,,no_pmc,
Bio-protocol-4246,http://www.ncbi.nlm.nih.gov/pubmed/22407364,https://pubmed.ncbi.nlm.nih.gov/22407364/,22407364,,,error,Identifier not found in PMC
Bio-protocol-4248,http://www.ncbi.nlm.nih.gov/pubmed/23384057,https://pubmed.ncbi.nlm.nih.gov/23384057/,23384057,,,error,Identifier not found in PMC
Bio-protocol-4249,http://www.jbc.org/content/288/6/4368.long,,,,,no_pmc,
Bio-protocol-4250,http://www.jbc.org/content/288/6/4368.long,,,,,no_pmc,
Bio-protocol-4251,http://www.ncbi.nlm.nih.gov/pubmed/23354328,https://pubmed.ncbi.nlm.nih.gov/23354328/,23354328,,,error,Identifier not found in PMC
Bio-protocol-4252,http://www.ncbi.nlm.nih.gov/pubmed/23373862,https://pubmed.ncbi.nlm.nih.gov/23373862/,23373862,,,error,Identifier not found in PMC
Bio-protocol-4253,http://www.ncbi.nlm.nih.gov/pubmed/23405159,https://pubmed.ncbi.nlm.nih.gov/23405159/,23405159,PMC3566207,10.1371/journal.pone.0055493,low_conf,
Bio-protocol-4247,https://pubmed.ncbi.nlm.nih.gov/23284083/,https://pubmed.ncbi.nlm.nih.gov/23284083/,23284083,PMC3585586,10.1104/pp.112.206243,low_conf,
Bio-protocol-4254,http://www.ncbi.nlm.nih.gov/pubmed/22523386,https://pubmed.ncbi.nlm.nih.gov/22523386/,22523386,PMC3358549,10.4049/jimmunol.1103760,low_conf,
Bio-protocol-4255,https://pubmed.ncbi.nlm.nih.gov/23093362/,https://pubmed.ncbi.nlm.nih.gov/23093362/,23093362,PMC3510131,10.1104/pp.112.204461,low_conf,
Bio-protocol-4257,http://www.ncbi.nlm.nih.gov/pubmed/23409191,https://pubmed.ncbi.nlm.nih.gov/23409191/,23409191,PMC3568078,10.1371/journal.pone.0056530,low_conf,
Bio-protocol-4256,https://pubmed.ncbi.nlm.nih.gov/23093362/,https://pubmed.ncbi.nlm.nih.gov/23093362/,23093362,PMC3510131,10.1104/pp.112.204461,low_conf,
Bio-protocol-4258,http://www.ncbi.nlm.nih.gov/pubmed/23133370,https://pubmed.ncbi.nlm.nih.gov/23133370/,23133370,PMC3486909,10.1371/journal.ppat.1002974,low_conf,
Bio-protocol-4259,http://www.ncbi.nlm.nih.gov/pubmed/23209416,https://pubmed.ncbi.nlm.nih.gov/23209416/,23209416,PMC3510256,10.1371/journal.ppat.1003046,low_conf,
Bio-protocol-4260,http://www.ncbi.nlm.nih.gov/pubmed/22962272,https://pubmed.ncbi.nlm.nih.gov/22962272/,22962272,PMC3500566,10.1158/0008-5472.CAN-12-2309,low_conf,
Bio-protocol-4261,http://www.jneurosci.org/content/32/50/18035.long,,,,,no_pmc,
Bio-protocol-4262,http://www.ncbi.nlm.nih.gov/pubmed/23117887,https://pubmed.ncbi.nlm.nih.gov/23117887/,23117887,PMC3538077,10.1158/0008-5472.CAN-12-1394,low_conf,
Bio-protocol-4264,http://www.ncbi.nlm.nih.gov/pubmed/23364940,https://pubmed.ncbi.nlm.nih.gov/23364940/,23364940,PMC3598424,10.1093/jxb/ert003,low_conf,
Bio-protocol-4263,http://www.jneurosci.org/content/33/7/3240.long,,,,,no_pmc,
Bio-protocol-4266,http://www.ncbi.nlm.nih.gov/pubmed/22915319,https://pubmed.ncbi.nlm.nih.gov/22915319/,22915319,,,error,Identifier not found in PMC
Bio-protocol-4265,http://www.ncbi.nlm.nih.gov/pubmed/23364940,https://pubmed.ncbi.nlm.nih.gov/23364940/,23364940,PMC3598424,10.1093/jxb/ert003,low_conf,
Bio-protocol-4267,http://cancerres.aacrjournals.org/,,,,,no_pmc,
Bio-protocol-4269,http://www.ncbi.nlm.nih.gov/pubmed/23062268,https://pubmed.ncbi.nlm.nih.gov/23062268/,23062268,,,error,Identifier not found in PMC
Bio-protocol-4268,https://www.ncbi.nlm.nih.gov/pubmed/23090117,https://pubmed.ncbi.nlm.nih.gov/23090117/,23090117,,,error,Identifier not found in PMC
Bio-protocol-4272,http://www.ncbi.nlm.nih.gov/pubmed/23275605,https://pubmed.ncbi.nlm.nih.gov/23275605/,23275605,PMC3549221,10.4049/jimmunol.1201808,low_conf,
Bio-protocol-4270,http://www.ncbi.nlm.nih.gov/pubmed/23104804,https://pubmed.ncbi.nlm.nih.gov/23104804/,23104804,PMC3536167,10.1128/JB.01442-12,low_conf,
Bio-protocol-4271,http://www.ncbi.nlm.nih.gov/pubmed/23055932,https://pubmed.ncbi.nlm.nih.gov/23055932/,23055932,PMC3464210,10.1371/journal.ppat.1002960,low_conf,
Bio-protocol-4273,http://www.ncbi.nlm.nih.gov/pubmed/23308164,https://pubmed.ncbi.nlm.nih.gov/23308164/,23308164,PMC3538753,10.1371/journal.pone.0053220,low_conf,
Bio-protocol-4275,https://pubmed.ncbi.nlm.nih.gov/23150644/,https://pubmed.ncbi.nlm.nih.gov/23150644/,23150644,PMC3532289,10.1104/pp.112.198440,low_conf,
Bio-protocol-4274,http://www.ncbi.nlm.nih.gov/pubmed/23308164,https://pubmed.ncbi.nlm.nih.gov/23308164/,23308164,PMC3538753,10.1371/journal.pone.0053220,low_conf,
Bio-protocol-4276,http://www.ncbi.nlm.nih.gov/pubmed/23104806,https://pubmed.ncbi.nlm.nih.gov/23104806/,23104806,PMC3536168,10.1128/JB.00926-12,low_conf,
Bio-protocol-4278,http://www.jneurosci.org/content/33/2/790.long,,,,,no_pmc,
Bio-protocol-4277,http://www.jneurosci.org/content/33/4/1391.long,,,,,no_pmc,
Bio-protocol-4279,http://www.ncbi.nlm.nih.gov/pubmed/23387922,https://pubmed.ncbi.nlm.nih.gov/23387922/,23387922,,,error,Identifier not found in PMC
Bio-protocol-4280,http://www.ncbi.nlm.nih.gov/pubmed/23071440,https://pubmed.ncbi.nlm.nih.gov/23071440/,23071440,PMC3469655,10.1371/journal.ppat.1002967,low_conf,
Bio-protocol-4281,http://www.ncbi.nlm.nih.gov/pubmed/23246695,https://pubmed.ncbi.nlm.nih.gov/23246695/,23246695,,,error,Identifier not found in PMC
Bio-protocol-4283,http://www.ncbi.nlm.nih.gov/pubmed/22330141,https://pubmed.ncbi.nlm.nih.gov/22330141/,22330141,,,error,Identifier not found in PMC
Bio-protocol-4282,http://www.ncbi.nlm.nih.gov/pubmed/23246695,https://pubmed.ncbi.nlm.nih.gov/23246695/,23246695,,,error,Identifier not found in PMC
Bio-protocol-4284,http://www.ncbi.nlm.nih.gov/pubmed/22986738,https://pubmed.ncbi.nlm.nih.gov/22986738/,22986738,,,error,Identifier not found in PMC
Bio-protocol-4285,http://www.ncbi.nlm.nih.gov/pubmed/22969424,https://pubmed.ncbi.nlm.nih.gov/22969424/,22969424,PMC3435245,10.1371/journal.ppat.1002891,low_conf,
Bio-protocol-4286,http://www.ncbi.nlm.nih.gov/pubmed/23240037,https://pubmed.ncbi.nlm.nih.gov/23240037/,23240037,PMC3519864,10.1371/journal.pone.0051518,low_conf,
Bio-protocol-4287,http://www.ncbi.nlm.nih.gov/pubmed/23269277,https://pubmed.ncbi.nlm.nih.gov/23269277/,23269277,,,error,Identifier not found in PMC
Bio-protocol-4290,http://www.ncbi.nlm.nih.gov/pubmed/23395445,https://pubmed.ncbi.nlm.nih.gov/23395445/,23395445,,,error,Identifier not found in PMC
Bio-protocol-4289,http://www.ncbi.nlm.nih.gov/pubmed/23395445,https://pubmed.ncbi.nlm.nih.gov/23395445/,23395445,,,error,Identifier not found in PMC
Bio-protocol-4291,http://www.ncbi.nlm.nih.gov/pubmed/23071438,https://pubmed.ncbi.nlm.nih.gov/23071438/,23071438,PMC3469659,10.1371/journal.ppat.1002959,low_conf,
Bio-protocol-4292,http://www.jneurosci.org/content/33/1/64.long,,,,,no_pmc,
Bio-protocol-4293,http://www.ncbi.nlm.nih.gov/pubmed/23188510,https://pubmed.ncbi.nlm.nih.gov/23188510/,23188510,PMC3509411,10.1128/mBio.00333-12,low_conf,
Bio-protocol-4288,http://www.ncbi.nlm.nih.gov/pubmed/8953245,https://pubmed.ncbi.nlm.nih.gov/8953245/,8953245,,,error,Identifier not found in PMC
Bio-protocol-4294,http://www.ncbi.nlm.nih.gov/pubmed/22964582,https://pubmed.ncbi.nlm.nih.gov/22964582/,22964582,PMC3488137,10.1158/0008-5472.CAN-12-2001,low_conf,
Bio-protocol-4295,http://www.ncbi.nlm.nih.gov/pubmed/23408835,https://pubmed.ncbi.nlm.nih.gov/23408835/,23408835,PMC3952015,10.4049/jimmunol.1202534,low_conf,
Bio-protocol-4296,https://pubmed.ncbi.nlm.nih.gov/22961134/,https://pubmed.ncbi.nlm.nih.gov/22961134/,22961134,PMC3490580,10.1104/pp.112.204743,low_conf,
Bio-protocol-4297,http://www.ncbi.nlm.nih.gov/pubmed/230714394,https://pubmed.ncbi.nlm.nih.gov/230714394/,230714394,,,error,Identifier not found in PMC
Bio-protocol-4299,http://www.plantcell.org/,,,,,no_pmc,
Bio-protocol-4298,http://www.ncbi.nlm.nih.gov/pubmed/23100465,https://pubmed.ncbi.nlm.nih.gov/23100465/,23100465,,,error,Identifier not found in PMC
Bio-protocol-4300,http://www.ncbi.nlm.nih.gov/pubmed/22266855,https://pubmed.ncbi.nlm.nih.gov/22266855/,22266855,,,error,Identifier not found in PMC
Bio-protocol-4301,http://www.ncbi.nlm.nih.gov/pubmed/23028328,https://pubmed.ncbi.nlm.nih.gov/23028328/,23028328,PMC3460627,10.1371/journal.ppat.1002931,low_conf,
Bio-protocol-4302,http://www.ncbi.nlm.nih.gov/pubmed/23123913,https://pubmed.ncbi.nlm.nih.gov/23123913/,23123913,PMC3554017,10.1128/JB.01141-12,low_conf,
Bio-protocol-4305,https://pubmed.ncbi.nlm.nih.gov/23027665/,https://pubmed.ncbi.nlm.nih.gov/23027665/,23027665,PMC3510118,10.1104/pp.112.202747,low_conf,
Bio-protocol-4307,http://www.ncbi.nlm.nih.gov/pubmed/22788997,https://pubmed.ncbi.nlm.nih.gov/22788997/,22788997,,,error,Identifier not found in PMC
Bio-protocol-4303,http://jb.asm.org/,,,,,no_pmc,
Bio-protocol-4306,https://pubmed.ncbi.nlm.nih.gov/23027665/,https://pubmed.ncbi.nlm.nih.gov/23027665/,23027665,PMC3510118,10.1104/pp.112.202747,low_conf,
Bio-protocol-4304,http://www.ncbi.nlm.nih.gov/pubmed/?term=A+widely+conserved+molecular+switch+controls+quorum+sensing+and+symbiosis+island+transfer+in+Mesorhizobium+loti+through+expression+of+a+novel+antiactivator,http://www.ncbi.nlm.nih.gov/pubmed/?term=A+widely+conserved+molecular+switch+controls+quorum+sensing+and+symbiosis+island+transfer+in+Mesorhizobium+loti+through+expression+of+a+novel+antiactivator,,,,no_pmc,
Bio-protocol-4308,http://www.ncbi.nlm.nih.gov/pubmed/22876186,https://pubmed.ncbi.nlm.nih.gov/22876186/,22876186,PMC3410897,10.1371/journal.ppat.1002848,low_conf,
Bio-protocol-4309,http://www.ncbi.nlm.nih.gov/pubmed/22876186,https://pubmed.ncbi.nlm.nih.gov/22876186/,22876186,PMC3410897,10.1371/journal.ppat.1002848,low_conf,
Bio-protocol-4310,http://www.ncbi.nlm.nih.gov/pubmed/23238017,https://pubmed.ncbi.nlm.nih.gov/23238017/,23238017,,,error,Identifier not found in PMC
Bio-protocol-4311,http://www.ncbi.nlm.nih.gov/pubmed/22916010,https://pubmed.ncbi.nlm.nih.gov/22916010/,22916010,PMC3420946,10.1371/journal.ppat.1002841,low_conf,
Bio-protocol-4313,http://www.ncbi.nlm.nih.gov/pubmed/22975374,https://pubmed.ncbi.nlm.nih.gov/22975374/,22975374,PMC3443395,10.1016/j.ccr.2012.07.024,low_conf,
Bio-protocol-4312,http://www.ncbi.nlm.nih.gov/pubmed/22916010,https://pubmed.ncbi.nlm.nih.gov/22916010/,22916010,PMC3420946,10.1371/journal.ppat.1002841,low_conf,
Bio-protocol-4314,http://onlinelibrary.wiley.com/journal/10.1111/(ISSN)1365-313X,,,,,no_pmc,
Bio-protocol-4315,http://www.ncbi.nlm.nih.gov/pubmed/22969426,https://pubmed.ncbi.nlm.nih.gov/22969426/,22969426,PMC3435242,10.1371/journal.ppat.1002904,low_conf,
Bio-protocol-4317,http://www.ncbi.nlm.nih.gov/pubmed/22933060,https://pubmed.ncbi.nlm.nih.gov/22933060/,22933060,,,error,Identifier not found in PMC
Bio-protocol-4319,http://www.ncbi.nlm.nih.gov/pubmed/22850421,https://pubmed.ncbi.nlm.nih.gov/22850421/,22850421,,,error,Identifier not found in PMC
Bio-protocol-4318,http://www.ncbi.nlm.nih.gov/pubmed/22850421,https://pubmed.ncbi.nlm.nih.gov/22850421/,22850421,,,error,Identifier not found in PMC
Bio-protocol-4316,http://www.ncbi.nlm.nih.gov/pubmed/23345421,https://pubmed.ncbi.nlm.nih.gov/23345421/,23345421,PMC3568296,10.1073/pnas.1214136110,low_conf,
Bio-protocol-4321,http://www.ncbi.nlm.nih.gov/pubmed/21954467,https://pubmed.ncbi.nlm.nih.gov/21954467/,21954467,PMC3203450,10.1105/tpc.111.089581,low_conf,
Bio-protocol-4320,http://www.ncbi.nlm.nih.gov/pubmed/23057508,https://pubmed.ncbi.nlm.nih.gov/23057508/,23057508,,,error,Identifier not found in PMC
Bio-protocol-4325,http://www.pnas.org/,,,,,no_pmc,
Bio-protocol-4323,http://www.ncbi.nlm.nih.gov/pubmed/23055566,https://pubmed.ncbi.nlm.nih.gov/23055566/,23055566,PMC3536410,10.1128/JVI.01782-12,low_conf,
Bio-protocol-4322,http://www.ncbi.nlm.nih.gov/pubmed/23172310,https://pubmed.ncbi.nlm.nih.gov/23172310/,23172310,,,error,Identifier not found in PMC
Bio-protocol-4324,http://www.ncbi.nlm.nih.gov/pubmed/23171061,https://pubmed.ncbi.nlm.nih.gov/23171061/,23171061,,,error,Identifier not found in PMC
Bio-protocol-4328,http://www.ncbi.nlm.nih.gov/pubmed/22912583,https://pubmed.ncbi.nlm.nih.gov/22912583/,22912583,PMC3415439,10.1371/journal.ppat.1002868,low_conf,
Bio-protocol-4326,http://www.pnas.org/,,,,,no_pmc,
Bio-protocol-4327,http://www.ncbi.nlm.nih.gov/pubmed/22211723,https://pubmed.ncbi.nlm.nih.gov/22211723/,22211723,PMC3641048,10.1111/j.1365-2958.2011.07963.x,low_conf,
Bio-protocol-4330,http://www.ncbi.nlm.nih.gov/pubmed/22924530,https://pubmed.ncbi.nlm.nih.gov/22924530/,22924530,,,error,Identifier not found in PMC
Bio-protocol-4331,http://www.ncbi.nlm.nih.gov/pubmed/22924530,https://pubmed.ncbi.nlm.nih.gov/22924530/,22924530,,,error,Identifier not found in PMC
Bio-protocol-4329,http://www.ncbi.nlm.nih.gov/pubmed/22912583,https://pubmed.ncbi.nlm.nih.gov/22912583/,22912583,PMC3415439,10.1371/journal.ppat.1002868,low_conf,
